<?xml version="1.0" standalone="yes"?>
<skill id="48199">
  <title><![CDATA[1.3 To use the Tool Box]]></title>
  <desc><![CDATA[]]></desc>
  <ModifiedDate>2008-05-28</ModifiedDate>
  <steps>
    <step num="1.">
      <text><![CDATA[<P>Go to the <B>Tool Box</B> to pick different tools to paint lines and shapes, add words, and make changes.</P>
<P>&nbsp;</P><B>NOTE:</B> If the Tool Box is not showing on your screen, click <B>View | Tool Box</B> to show it.]]></text>
      <img_name>Images/48199_0.jpg</img_name>
    </step>
    <step num="2.">
      <text><![CDATA[Click the <B>Free-Form Select </B>tool to select areas of a picture or painting you want to change that are not squares or rectangles.]]></text>
      <img_name>Images/48199_1.jpg</img_name>
    </step>
    <step num="3.">
      <text><![CDATA[Click the <B>Select </B>tool to select areas of a picture or painting you want to change that are shaped like rectangles or squares.]]></text>
      <img_name>Images/48199_2.jpg</img_name>
    </step>
    <step num="4.">
      <text><![CDATA[Click the <B>Eraser/Color Eraser </B>tool to erase or remove small areas of colour.]]></text>
      <img_name>Images/48199_3.jpg</img_name>
    </step>
    <step num="5.">
      <text><![CDATA[Click the <B>Fill With Color </B>tool to add colour to lines and shapes.]]></text>
      <img_name>Images/48199_4.jpg</img_name>
    </step>
    <step num="6.">
      <text><![CDATA[Click the <B>Pick Color</B> tool to pick colours already seen in a picture or photo.]]></text>
      <img_name>Images/48199_5.jpg</img_name>
    </step>
    <step num="7.">
      <text><![CDATA[Click the <B>Magnifier</B> tool to make areas of your painting bigger or smaller.]]></text>
      <img_name>Images/48199_6.jpg</img_name>
    </step>
    <step num="8.">
      <text><![CDATA[Click the <B>Pencil </B>tool to draw squiggles, spirals, and other curly lines by hand.]]></text>
      <img_name>Images/48199_7.jpg</img_name>
    </step>
    <step num="9.">
      <text><![CDATA[Click the <B>Brush </B>tool to paint like a paintbrush.]]></text>
      <img_name>Images/48199_8.jpg</img_name>
    </step>
    <step num="10.">
      <text><![CDATA[Click the <B>Airbrush </B>tool to paint with spray paint.]]></text>
      <img_name>Images/48199_9.jpg</img_name>
    </step>
    <step num="11.">
      <text><![CDATA[Click the <B>Text </B>tool to add words to your picture.]]></text>
      <img_name>Images/48199_10.jpg</img_name>
    </step>
    <step num="12.">
      <text><![CDATA[Click the <B>Line</B> tool to paint straight lines.]]></text>
      <img_name>Images/48199_11.jpg</img_name>
    </step>
    <step num="13.">
      <text><![CDATA[Click the <B>Curve </B>tool to paint curved lines.]]></text>
      <img_name>Images/48199_12.jpg</img_name>
    </step>
    <step num="14.">
      <text><![CDATA[Click the <B>Rectangle</B> tool to paint rectangles and squares.]]></text>
      <img_name>Images/48199_13.jpg</img_name>
    </step>
    <step num="15.">
      <text><![CDATA[Click the <B>Polygon </B>tool to paint shapes with straight sides, like triangles and stars.]]></text>
      <img_name>Images/48199_14.jpg</img_name>
    </step>
    <step num="16.">
      <text><![CDATA[Click the <B>Ellipse </B>tool to paint ovals and circles.]]></text>
      <img_name>Images/48199_15.jpg</img_name>
    </step>
    <step num="17.">
      <text><![CDATA[Click the <B>Rounded Rectangle </B>tool to paint rectangles and squares with round corners.]]></text>
      <img_name>Images/48199_16.jpg</img_name>
    </step>
    <step num="18.">
      <text><![CDATA[<P>Go to the <B>Options </B>box to make different choices based on the tool you are using, such as line and fill choices.</P>
<P>&nbsp;</P><B>NOTE: </B>The Options box is located below the Tool Box.]]></text>
      <img_name>Images/48199_17.jpg</img_name>
    </step>
  </steps>
</skill>