<?xml version="1.0" standalone="yes"?>
<skill id="48197">
  <title><![CDATA[1.1 To start the paint software]]></title>
  <desc><![CDATA[]]></desc>
  <ModifiedDate>2008-05-28</ModifiedDate>
  <steps>
    <step num="1.">
      <text><![CDATA[Click <B>Start </B>|<B> All Programs </B>|<B> Accessories </B>|<B> Paint</B>.]]></text>
      <img_name>Images/48197_0.jpg</img_name>
    </step>
    <step num="2a.">
      <text><![CDATA[A new painting canvas will open.]]></text>
      <img_name>Images/48197_1.jpg</img_name>
    </step>
    <step num="2b.">
      <text><![CDATA[If you want to continue working on an existing file, click <B>File</B> |<B> Open</B>.]]></text>
      <img_name>Images/48197_2.jpg</img_name>
    </step>
    <step num="2c.">
      <text><![CDATA[Browse <B>Folders</B>, and then find and click the file you want to open.]]></text>
      <img_name>Images/48197_3.jpg</img_name>
    </step>
    <step num="2d.">
      <text><![CDATA[Then, click <B>Open</B>.]]></text>
      <img_name>Images/48197_4.jpg</img_name>
    </step>
  </steps>
</skill>