<?xml version="1.0" standalone="yes"?>
<skill id="48200">
  <title><![CDATA[1.4 To use the Color Box]]></title>
  <desc><![CDATA[]]></desc>
  <ModifiedDate>2008-05-28</ModifiedDate>
  <steps>
    <step num="1.">
      <text><![CDATA[<P>Go to the <B>Color Box</B> to pick the colours you want to use.</P>
<P>&nbsp;</P><B>NOTE:</B> If the Color Box is not showing on your screen, click <B>View </B>|<B> Color Box </B>to show it.]]></text>
      <img_name>Images/48200_0.jpg</img_name>
    </step>
    <step num="2.">
      <text><![CDATA[<P>Click the colour you want in the <B>Color Box</B>. </P>
<P>&nbsp;</P>This will be your <I>foreground colour</I>, which you will see when you use any of the tools to paint shapes or lines.]]></text>
      <img_name>Images/48200_1.jpg</img_name>
    </step>
    <step num="3.">
      <text><![CDATA[<P>Use the right mouse button to pick another colour in the <B>Color Box</B>. </P>
<P></P><BR>This will be your<B> </B><I>background colour</I>,<I> </I>which you will see inside shapes (such as rectangles and circles that you paint). It will also be the colour you see when you use the <B>Eraser/Color Eraser tool</B>.]]></text>
      <img_name>Images/48200_2.jpg</img_name>
    </step>
  </steps>
</skill>