<?xml version="1.0" standalone="yes"?>
<skill id="48203">
  <title><![CDATA[2.2 To paint a straight line]]></title>
  <desc><![CDATA[]]></desc>
  <ModifiedDate>2008-05-28</ModifiedDate>
  <steps>
    <step num="1.">
      <text><![CDATA[Click the <B>Line </B>tool.]]></text>
      <img_name>Images/48203_0.jpg</img_name>
    </step>
    <step num="2.">
      <text><![CDATA[Pick a foreground colour. (See Graphics Skill: <A href="GR 2.1">To pick colours</A>.)]]></text>
      <img_name>Images/48203_1.jpg</img_name>
    </step>
    <step num="3.">
      <text><![CDATA[Pick a line width.]]></text>
      <img_name>Images/48203_2.jpg</img_name>
    </step>
    <step num="4.">
      <text><![CDATA[Hold down the left mouse button, and drag the mouse to paint your line.]]></text>
      <img_name>Images/48203_3.jpg</img_name>
    </step>
  </steps>
</skill>