<?xml version="1.0" standalone="yes"?>
<skill id="48201">
  <title><![CDATA[1.5 To save a file in Microsoft Paint]]></title>
  <desc><![CDATA[]]></desc>
  <ModifiedDate>2008-05-28</ModifiedDate>
  <steps>
    <step num="1.">
      <text><![CDATA[<P>Click <B>File </B>|<B> Save As</B>.</P>]]></text>
      <img_name>Images/48201_0.jpg</img_name>
    </step>
    <step num="2.">
      <text><![CDATA[<P>Browse<B> Folders</B> in the <B>Save As</B> dialog box and then find the place where you are supposed to save your work.</P>
<P><B><BR>NOTE: </B>If the Folders menu is not showing on the Save As dialog box,<B> </B>click the Browse Folders<B> </B>arrow to expand the Folders menu.</P>]]></text>
      <img_name>Images/48201_1.jpg</img_name>
    </step>
    <step num="3.">
      <text><![CDATA[Type a name for your painting in the <B>File name</B> box.]]></text>
      <img_name>Images/48201_2.jpg</img_name>
    </step>
    <step num="4a.">
      <text><![CDATA[<P>There are different ways to save your painting.</P>
<P></P>
<P><BR>If you want to use the finished painting on a multimedia presentation, click the <B>Save as type</B> arrow and pick <B>256 Color Bitmap (*.bmp, *.dib)</B>.</P>]]></text>
      <img_name>Images/48201_3.jpg</img_name>
    </step>
    <step num="4b.">
      <text><![CDATA[<P>Or, if you want to print your painting or put it in another print document, click the <B>Save as type</B> arrow and pick <B>24-bit Bitmap (*.bmp, *.dib)</B>.</P>]]></text>
      <img_name>Images/48201_4.jpg</img_name>
    </step>
    <step num="5.">
      <text><![CDATA[Click <B>Save</B>.]]></text>
      <img_name>Images/48201_5.jpg</img_name>
    </step>
  </steps>
</skill>