<?xml version="1.0" standalone="yes"?>
<skill id="48205">
  <title><![CDATA[2.4 To paint a rectangle or square]]></title>
  <desc><![CDATA[]]></desc>
  <ModifiedDate>2008-05-28</ModifiedDate>
  <steps>
    <step num="1.">
      <text><![CDATA[<P>Click the <B>Rectangle</B> tool.</P>
<P></P><BR>Or, if you want a rectangle or square with round corners, click the <B>Rounded Rectangle</B> tool.]]></text>
      <img_name>Images/48205_0.jpg</img_name>
    </step>
    <step num="2a.">
      <text><![CDATA[<P>Pick a shape outline and fill option.</P>
<UL>
<LI>The first option paints only the shape outline with the foreground colour.</LI></UL>]]></text>
      <img_name>Images/48205_1.jpg</img_name>
    </step>
    <step num="2b.">
      <text><![CDATA[<P>Pick a shape outline and fill option.&nbsp;</P>
<UL>
<LI>The second option paints the shape outline with the foreground colour and fills the shape with the background colour.</LI></UL>]]></text>
      <img_name>Images/48205_2.jpg</img_name>
    </step>
    <step num="2c.">
      <text><![CDATA[<P>Pick a shape outline and fill option. </P>
<UL>
<LI>
The third option paints only the inside of the shape with the foreground colour and no border.</LI></UL>]]></text>
      <img_name>Images/48205_3.jpg</img_name>
    </step>
    <step num="3.">
      <text><![CDATA[Pick a foreground colour, and if needed, a background colour. (See Graphics Skill: <A href="GR 2.1">To pick colours</A>.)]]></text>
      <img_name>Images/48205_4.jpg</img_name>
    </step>
    <step num="4.">
      <text><![CDATA[<P>If your shape will have an outline or border, click the<B> Line</B> tool, and pick a line width. </P>
<P>&nbsp;</P>Then, click the <B>Rectangle</B> or <B>Rounded Rectangle</B> tool again.]]></text>
      <img_name>Images/48205_5.jpg</img_name>
    </step>
    <step num="5.">
      <text><![CDATA[Hold down the left mouse button, and drag to paint a rectangle or a square.]]></text>
      <img_name>Images/48205_6.jpg</img_name>
    </step>
  </steps>
</skill>