<?xml version="1.0" standalone="yes"?>
<skill id="48208">
  <title><![CDATA[2.7 To change the colour of shapes and lines]]></title>
  <desc><![CDATA[]]></desc>
  <ModifiedDate>2008-05-28</ModifiedDate>
  <steps>
    <step num="1.">
      <text><![CDATA[Click the <B>Fill With Color</B> tool.]]></text>
      <img_name>Images/48208_0.jpg</img_name>
    </step>
    <step num="2.">
      <text><![CDATA[Pick a foreground colour. (See Graphics Skill: <A href="GR 2.1">To pick colours</A>.)]]></text>
      <img_name>Images/48208_1.jpg</img_name>
    </step>
    <step num="3.">
      <text><![CDATA[Click the shape or line you want to change.]]></text>
      <img_name>Images/48208_2.jpg</img_name>
    </step>
  </steps>
</skill>