<?xml version="1.0" standalone="yes"?>
<skill id="48207">
  <title><![CDATA[2.6 To paint an oval or a circle]]></title>
  <desc><![CDATA[]]></desc>
  <ModifiedDate>2008-05-28</ModifiedDate>
  <steps>
    <step num="1.">
      <text><![CDATA[Click the <B>Ellipse</B> tool.]]></text>
      <img_name>Images/48207_0.jpg</img_name>
    </step>
    <step num="2a.">
      <text><![CDATA[<P>Pick a shape outline and fill option.&nbsp;</P>
<UL>
<LI>The first option paints only the shape outline with the foreground colour.</LI></UL>]]></text>
      <img_name>Images/48207_1.jpg</img_name>
    </step>
    <step num="2b.">
      <text><![CDATA[<P>Pick a shape outline and fill option.&nbsp;</P>
<UL>
<LI>The second option paints the shape outline with the foreground colour and fills the shape with the background colour.</LI></UL>]]></text>
      <img_name>Images/48207_2.jpg</img_name>
    </step>
    <step num="2c.">
      <text><![CDATA[<P>Pick a shape outline and fill option.&nbsp;</P>
<UL>
<LI>The third option paints only the inside of the shape with the foreground colour and no border.</LI></UL>]]></text>
      <img_name>Images/48207_3.jpg</img_name>
    </step>
    <step num="3.">
      <text><![CDATA[Pick a foreground colour, and if needed, a background colour. (See Graphics Skill: <A href="GR 2.1">To pick colours</A>.)]]></text>
      <img_name>Images/48207_4.jpg</img_name>
    </step>
    <step num="4.">
      <text><![CDATA[<P>If your shape will have an outline or border, click the <B>Line</B> tool and pick a line width.</P>
<P>&nbsp;</P>Then, click the<B> Ellipse</B> tool again.]]></text>
      <img_name>Images/48207_5.jpg</img_name>
    </step>
    <step num="5.">
      <text><![CDATA[Hold down the left mouse button, and drag to paint an oval.]]></text>
      <img_name>Images/48207_6.jpg</img_name>
    </step>
  </steps>
</skill>