<?xml version="1.0" standalone="yes"?>
<skill id="48204">
  <title><![CDATA[2.3 To paint a curvy line]]></title>
  <desc><![CDATA[]]></desc>
  <ModifiedDate>2008-05-28</ModifiedDate>
  <steps>
    <step num="1.">
      <text><![CDATA[Click the <B>Curve</B> tool.]]></text>
      <img_name>Images/48204_0.jpg</img_name>
    </step>
    <step num="2.">
      <text><![CDATA[Pick a foreground colour. (See Graphics Skill: <A href="GR 2.1">To pick colours</A>.)]]></text>
      <img_name>Images/48204_1.jpg</img_name>
    </step>
    <step num="3.">
      <text><![CDATA[Pick a line width.]]></text>
      <img_name>Images/48204_2.jpg</img_name>
    </step>
    <step num="4.">
      <text><![CDATA[Hold down the left mouse button, and drag the mouse to paint your line.]]></text>
      <img_name>Images/48204_3.jpg</img_name>
    </step>
    <step num="5.">
      <text><![CDATA[Hold down the left mouse button on the line, and drag up, down, left, or right to make the line curvy.]]></text>
      <img_name>Images/48204_4.jpg</img_name>
    </step>
    <step num="6.">
      <text><![CDATA[Click the <B>Select </B>tool (or any other tool) to turn off the<B> Curve </B>tool.]]></text>
      <img_name>Images/48204_5.jpg</img_name>
    </step>
  </steps>
</skill>