<?xml version="1.0" standalone="yes"?>
<skill id="48202">
  <title><![CDATA[2.1 To pick colours]]></title>
  <desc><![CDATA[]]></desc>
  <ModifiedDate>2008-05-28</ModifiedDate>
  <steps>
    <step num="1.">
      <text><![CDATA[<P>Click the colour you want in the Color box. </P>
<P></P><BR>This will be your <I>foreground colour,</I> which you will see when you use any of the tools to paint shapes or lines.]]></text>
      <img_name>Images/48202_0.jpg</img_name>
    </step>
    <step num="2.">
      <text><![CDATA[<P>Use the right mouse button to pick another colour in the Color box.<BR>&nbsp;</P>
<P>This will be your<I> background colour, </I>which you will see inside shapes (such as rectangles and circles that you paint). It will also be the colour you see when you use the Eraser/Color Eraser tool. (See Graphics Skill: <A href="GR 3.2">To erase a small part of a picture or photo</A>.)<BR>&nbsp;</P><B>NOTE:</B> To switch the foreground and background colour effect, hold down the right mouse button and drag to paint shapes or lines. This will now be your foreground colour. Use the left-click mouse button for background colour.]]></text>
      <img_name>Images/48202_1.jpg</img_name>
    </step>
  </steps>
</skill>