<?xml version="1.0" standalone="yes"?>
<skill id="48218">
  <title><![CDATA[3.4 To move part of a picture or photo]]></title>
  <desc><![CDATA[]]></desc>
  <ModifiedDate>2008-05-28</ModifiedDate>
  <steps>
    <step num="1.">
      <text><![CDATA[Select the part of your painting you want to move. (See Graphics Skill: <A href="GR 3.1">To select part of a picture or photo so you can make changes</A>.)]]></text>
      <img_name>Images/48218_0.jpg</img_name>
    </step>
    <step num="2.">
      <text><![CDATA[Pick a background colour that you want to fill the empty space that is left when you move the selection. (See Graphics Skill: <A href="GR 2.1">To pick colours</A>.)]]></text>
      <img_name>Images/48218_1.jpg</img_name>
    </step>
    <step num="3.">
      <text><![CDATA[Put the pointer over the selected area. Hold down the left mouse button, and drag to move that part of your painting.]]></text>
      <img_name>Images/48218_2.jpg</img_name>
    </step>
  </steps>
</skill>