<?xml version="1.0" standalone="yes"?>
<skill id="48211">
  <title><![CDATA[2.10 To add words to a picture]]></title>
  <desc><![CDATA[]]></desc>
  <ModifiedDate>2008-05-28</ModifiedDate>
  <steps>
    <step num="1.">
      <text><![CDATA[Click the<B> Text</B> tool.]]></text>
      <img_name>Images/48211_0.jpg</img_name>
    </step>
    <step num="2.">
      <text><![CDATA[Hold down the left mouse button, and drag to make a text box for your words.]]></text>
      <img_name>Images/48211_1.jpg</img_name>
    </step>
    <step num="3a.">
      <text><![CDATA[If you want the background colour to fill the text box, click the <B>Opaque </B>button.]]></text>
      <img_name>Images/48211_2.jpg</img_name>
    </step>
    <step num="3b.">
      <text><![CDATA[Or, if you do not want a fill colour in your text box, click the <B>Transparent</B> button instead.]]></text>
      <img_name>Images/48211_3.jpg</img_name>
    </step>
    <step num="4.">
      <text><![CDATA[<P>Pick the foreground colour you want for the colour of your words. </P>
<P>&nbsp;</P>And if you want a different fill color for the text box, pick a background colour also. (See Graphics Skill: <A href="GR 2.1">To pick colours</A>.)]]></text>
      <img_name>Images/48211_4.jpg</img_name>
    </step>
    <step num="5.">
      <text><![CDATA[Type your words.]]></text>
      <img_name>Images/48211_5.jpg</img_name>
    </step>
    <step num="6.">
      <text><![CDATA[If you do not see the Fonts toolbar already, click <B>View </B>|<B> Text Toolbar</B>.]]></text>
      <img_name>Images/48211_6.jpg</img_name>
    </step>
    <step num="7.">
      <text><![CDATA[<P>To change the way your words look, click the first arrow on the Fonts toolbar. </P>
<P>&nbsp;</P>Then, pick a word design, or <I>font</I>.]]></text>
      <img_name>Images/48211_7.jpg</img_name>
    </step>
    <step num="8.">
      <text><![CDATA[To make words bigger or smaller, click the second arrow on the Fonts toolbar and pick a number, or <I>font fontSize</I>.]]></text>
      <img_name>Images/48211_8.jpg</img_name>
    </step>
    <step num="9a.">
      <text><![CDATA[If you want to make the letters in your words thicker, or bold, click the<B> Bold</B> button on the Fonts toolbar.]]></text>
      <img_name>Images/48211_9.jpg</img_name>
    </step>
    <step num="9b.">
      <text><![CDATA[To make your words slanted, or to put them in italics, click the <B>Italic</B> button.]]></text>
      <img_name>Images/48211_10.jpg</img_name>
    </step>
    <step num="9c.">
      <text><![CDATA[And to underline your words, click the<B> Underline</B> button.]]></text>
      <img_name>Images/48211_11.jpg</img_name>
    </step>
    <step num="10.">
      <text><![CDATA[<P>To make the text box bigger, put the cursor over one of the squares along the edges of the box.</P>
<P>&nbsp;</P>When the cursor turns into an arrow with two points, hold down the left mouse button and drag to change the box’s fontSize.]]></text>
      <img_name>Images/48211_12.jpg</img_name>
    </step>
  </steps>
</skill>