<?xml version="1.0" standalone="yes"?>
<skill id="48210">
  <title><![CDATA[2.9 To paint with spray paint]]></title>
  <desc><![CDATA[]]></desc>
  <ModifiedDate>2008-05-28</ModifiedDate>
  <steps>
    <step num="1.">
      <text><![CDATA[Click the <B>Airbrush</B> tool.]]></text>
      <img_name>Images/48210_0.jpg</img_name>
    </step>
    <step num="2.">
      <text><![CDATA[Pick a foreground colour. (See Graphics Skill: <A href="GR 2.1">To pick colours</A>.)]]></text>
      <img_name>Images/48210_1.jpg</img_name>
    </step>
    <step num="3.">
      <text><![CDATA[Pick a spray paint fontSize.]]></text>
      <img_name>Images/48210_2.jpg</img_name>
    </step>
    <step num="4.">
      <text><![CDATA[Hold down the left mouse button, and drag to spray colour.]]></text>
      <img_name>Images/48210_3.jpg</img_name>
    </step>
  </steps>
</skill>