<?xml version="1.0" standalone="yes"?>
<skill id="48216">
  <title><![CDATA[3.2 To erase a small part of a picture or photo]]></title>
  <desc><![CDATA[]]></desc>
  <ModifiedDate>2008-05-28</ModifiedDate>
  <steps>
    <step num="1.">
      <text><![CDATA[Click the <B>Eraser/Color Eraser</B> tool.]]></text>
      <img_name>Images/48216_0.jpg</img_name>
    </step>
    <step num="2.">
      <text><![CDATA[Pick a background colour that you want to fill the erased area. (See Graphics Skill: <A href="GR 2.1">To pick colours</A>.)]]></text>
      <img_name>Images/48216_1.jpg</img_name>
    </step>
    <step num="3.">
      <text><![CDATA[Pick an eraser fontSize.]]></text>
      <img_name>Images/48216_2.jpg</img_name>
    </step>
    <step num="4.">
      <text><![CDATA[Hold down the left mouse button, and drag to erase.]]></text>
      <img_name>Images/48216_3.jpg</img_name>
    </step>
  </steps>
</skill>