<?xml version="1.0" standalone="yes"?>
<skill id="48219">
  <title><![CDATA[3.5 To make part of a picture or photo bigger]]></title>
  <desc><![CDATA[]]></desc>
  <ModifiedDate>2008-05-28</ModifiedDate>
  <steps>
    <step num="1.">
      <text><![CDATA[Select the part of your painting you want to make bigger. (See Graphics Skill: <A href="GR 3.1">To select part of a picture or photo so you can make changes</A>.)]]></text>
      <img_name>Images/48219_0.jpg</img_name>
    </step>
    <step num="2.">
      <text><![CDATA[<P>Put the pointer over one of the squares on the edges of the dotted-line border.</P>
<P>&nbsp;</P>Hold down the left mouse button, and drag outward to make that part of your painting bigger.]]></text>
      <img_name>Images/48219_1.jpg</img_name>
    </step>
    <step num="3.">
      <text><![CDATA[Notice that your painting is made bigger.]]></text>
      <img_name>Images/48219_2.jpg</img_name>
    </step>
  </steps>
</skill>