<?xml version="1.0" standalone="yes"?>
<skill id="48215">
  <title><![CDATA[3.1 To select part of a picture or photo so you can make changes]]></title>
  <desc><![CDATA[]]></desc>
  <ModifiedDate>2008-05-28</ModifiedDate>
  <steps>
    <step num="1a.">
      <text><![CDATA[To select and make changes to a square or rectangular part of your painting, click the <B>Select</B> tool.]]></text>
      <img_name>Images/48215_0.jpg</img_name>
    </step>
    <step num="1b.">
      <text><![CDATA[Or, to select areas that are not squares or rectangles, click the <B>Free-Form Select</B> tool instead.]]></text>
      <img_name>Images/48215_1.jpg</img_name>
    </step>
    <step num="2a.">
      <text><![CDATA[If using the <B>Select</B> tool, hold down the left mouse button and drag to select the part of your painting you want to change or fix.]]></text>
      <img_name>Images/48215_2.jpg</img_name>
    </step>
    <step num="2b.">
      <text><![CDATA[If using the <B>Free-Form Select</B> tool, hold down the left mouse button and drag to select the part of your painting you want to change or fix.]]></text>
      <img_name>Images/48215_3.jpg</img_name>
    </step>
  </steps>
</skill>