<?xml version="1.0" standalone="yes"?>
<skill id="48213">
  <title><![CDATA[2.12 To change the size of a painting canvas]]></title>
  <desc><![CDATA[]]></desc>
  <ModifiedDate>2008-05-28</ModifiedDate>
  <steps>
    <step num="1.">
      <text><![CDATA[<P>Put the pointer over the blue square at the bottom-right edge of the painting canvas.</P>
<P>&nbsp;</P>To make the canvas bigger, hold down the left mouse button and drag outward.]]></text>
      <img_name>Images/48213_0.jpg</img_name>
    </step>
    <step num="2.">
      <text><![CDATA[<P>Or, to make the canvas smaller, put the pointer over the blue square at the bottom-right edge of the painting canvas.</P>
<P>&nbsp;</P>Hold down the left mouse button and drag inward.]]></text>
      <img_name>Images/48213_1.jpg</img_name>
    </step>
  </steps>
</skill>