<?xml version="1.0" standalone="yes"?>
<skill id="48217">
  <title><![CDATA[3.3 To remove or delete a large part of a picture or photo]]></title>
  <desc><![CDATA[]]></desc>
  <ModifiedDate>2008-05-28</ModifiedDate>
  <steps>
    <step num="1.">
      <text><![CDATA[Select the part of your painting you want to get rid of. (See Graphics Skill: <A href="GR 3.1">To select part of a picture or photo so you can make changes</A>.)]]></text>
      <img_name>Images/48217_0.jpg</img_name>
    </step>
    <step num="2.">
      <text><![CDATA[Pick a background colour that you want to fill the area you remove or delete. (See Graphics Skill: <A href="GR 2.1">To pick colours</A>.)]]></text>
      <img_name>Images/48217_1.jpg</img_name>
    </step>
    <step num="3.">
      <text><![CDATA[Press the <B>Delete</B> key on your keyboard.]]></text>
      <img_name>Images/48217_2.jpg</img_name>
    </step>
  </steps>
</skill>