<?xml version="1.0" standalone="yes"?>
<skill id="48214">
  <title><![CDATA[2.13 To zoom in or out on your picture]]></title>
  <desc><![CDATA[]]></desc>
  <ModifiedDate>2008-05-28</ModifiedDate>
  <steps>
    <step num="1.">
      <text><![CDATA[Go to the picture that you want to zoom into or out of.]]></text>
      <img_name>Images/48214_0.jpg</img_name>
    </step>
    <step num="2.">
      <text><![CDATA[Click <B>View</B> | <B>Zoom </B>| <B>Custom </B>|<B> 200%.</B>]]></text>
      <img_name>Images/48214_1.jpg</img_name>
    </step>
    <step num="3.">
      <text><![CDATA[The painting will now be zoomed in to appear at a larger fontSize.]]></text>
      <img_name>Images/48214_2.jpg</img_name>
    </step>
    <step num="4.">
      <text><![CDATA[To go back to your painting’s normal fontSize, click <B>View </B>|<B> Zoom </B>|<B> Custom </B>|<B> 100%</B>.]]></text>
      <img_name>Images/48214_3.jpg</img_name>
    </step>
    <step num="5.">
      <text><![CDATA[The painting will now be returned to normal fontSize.]]></text>
      <img_name>Images/48214_4.jpg</img_name>
    </step>
  </steps>
</skill>