<?xml version="1.0" standalone="yes"?>
<skill id="48228">
  <title><![CDATA[3.14 To save a picture for different uses]]></title>
  <desc><![CDATA[]]></desc>
  <ModifiedDate>2008-05-28</ModifiedDate>
  <steps>
    <step num="1.">
      <text><![CDATA[Click <B>File </B>|<B> Save As</B>.]]></text>
      <img_name>Images/48228_0.jpg</img_name>
    </step>
    <step num="2.">
      <text><![CDATA[<P>Click the <B>Folders</B> arrow in the <B>Save As</B> dialog box, and then find and click the file you want to open.</P>]]></text>
      <img_name>Images/48228_1.jpg</img_name>
    </step>
    <step num="3.">
      <text><![CDATA[Type a name for your picture in the <B>File name</B> box.]]></text>
      <img_name>Images/48228_2.jpg</img_name>
    </step>
    <step num="4a.">
      <text><![CDATA[<P>Choose one of the following two ways to save your painting.</P>
<P>&nbsp;</P>
<P>If you want to use the finished painting in a multimedia presentation, click the <B>Save as type</B> arrow and pick <b>256 Color Bitmap (*.bmp,*.dib</b>.<b>)</b></P>]]></text>
      <img_name>Images/48228_3.jpg</img_name>
    </step>
    <step num="4b.">
      <text><![CDATA[<P>Or, if you want to print your painting or put it in another print document, click the <B>Save as type</B> arrow, and pick <B>24-bit Bitmap (*.bmp,*.dib</B>.<B>)</B></P>]]></text>
      <img_name>Images/48228_4.jpg</img_name>
    </step>
    <step num="5.">
      <text><![CDATA[Click <B>Save</B>.]]></text>
      <img_name>Images/48228_5.jpg</img_name>
    </step>
  </steps>
</skill>