<?xml version="1.0" standalone="yes"?>
<skill id="48224">
  <title><![CDATA[3.10 To stretch part of a picture or photo so it is taller or wider]]></title>
  <desc><![CDATA[]]></desc>
  <ModifiedDate>2008-05-28</ModifiedDate>
  <steps>
    <step num="1.">
      <text><![CDATA[Select the part of your painting you want to make taller or wider. (See Graphics Skill: <A href="GR 3.1">To select part of a picture or photo so you can make changes</A>.)]]></text>
      <img_name>Images/48224_0.jpg</img_name>
    </step>
    <step num="2.">
      <text><![CDATA[Click <B>Image </B>|<B> RefontSize/Skew</B>.]]></text>
      <img_name>Images/48224_1.jpg</img_name>
    </step>
    <step num="3a.">
      <text><![CDATA[<P>Type a number greater than 100 in the <B>RefontSize Horizontal</B> box to stretch the selected part of your painting so it is wider.</P>]]></text>
      <img_name>Images/48224_2.jpg</img_name>
    </step>
    <step num="3b.">
      <text><![CDATA[Or, type a number greater than 100 in the <B>RefontSize Vertical</B> box to stretch that part of your painting so it is taller.]]></text>
      <img_name>Images/48224_3.jpg</img_name>
    </step>
    <step num="4.">
      <text><![CDATA[Click <B>OK</B>.]]></text>
      <img_name>Images/48224_4.jpg</img_name>
    </step>
  </steps>
</skill>