<?xml version="1.0" standalone="yes"?>
<skill id="48226">
  <title><![CDATA[3.12 To copy and use a colour already found in a picture or photo]]></title>
  <desc><![CDATA[]]></desc>
  <ModifiedDate>2008-05-28</ModifiedDate>
  <steps>
    <step num="1.">
      <text><![CDATA[Click the <B>Pick Color</B> tool.]]></text>
      <img_name>Images/48226_0.jpg</img_name>
    </step>
    <step num="2a.">
      <text><![CDATA[<P>Use the left mouse button to click the colour you want as the foreground colour. </P>
<P>&nbsp;</P><B>NOTE:</B> Now you can use this colour to paint shapes and lines, or to add words.]]></text>
      <img_name>Images/48226_1.jpg</img_name>
    </step>
    <step num="2b.">
      <text><![CDATA[<P>Or, use the right mouse button to click the colour you want as the background colour. </P>
<P>&nbsp;</P><B>NOTE:</B> Now you can use this colour to paint shapes and lines, or to add words.]]></text>
      <img_name>Images/48226_2.jpg</img_name>
    </step>
  </steps>
</skill>