<?xml version="1.0" standalone="yes"?>
<skill id="48223">
  <title><![CDATA[3.9 To spin or rotate part of a picture or photo]]></title>
  <desc><![CDATA[]]></desc>
  <ModifiedDate>2008-05-28</ModifiedDate>
  <steps>
    <step num="1.">
      <text><![CDATA[Select the part of your painting you want to spin or rotate. (See Graphics Skill: <A href="GR 3.1">To select part of a picture or photo so you can make changes</A>.)]]></text>
      <img_name>Images/48223_0.jpg</img_name>
    </step>
    <step num="2.">
      <text><![CDATA[Pick a background colour you want to fill the space that opens up when you spin or rotate part of the painting. (See Graphics Skill: <A href="GR 2.1">To pick colours</A>.)]]></text>
      <img_name>Images/48223_1.jpg</img_name>
    </step>
    <step num="3.">
      <text><![CDATA[Click <B>Image </B>|<B> Flip/Rotate</B>.]]></text>
      <img_name>Images/48223_2.jpg</img_name>
    </step>
    <step num="4a.">
      <text><![CDATA[Pick <B>Rotate by angle</B>. Then, pick one of the following three options.]]></text>
      <img_name>Images/48223_3.jpg</img_name>
    </step>
    <step num="4b.">
      <text><![CDATA[Pick the <B>90°</B> option to spin the selection one-quarter of the way around.]]></text>
      <img_name>Images/48223_4.jpg</img_name>
    </step>
    <step num="4c.">
      <text><![CDATA[Pick the <B>180°</B> option to spin the selection one-half of the way around.]]></text>
      <img_name>Images/48223_5.jpg</img_name>
    </step>
    <step num="4d.">
      <text><![CDATA[Pick the<B> 270°</B> option to spin the selection three-quarters of the way around.]]></text>
      <img_name>Images/48223_6.jpg</img_name>
    </step>
    <step num="5.">
      <text><![CDATA[Click <B>OK</B>.]]></text>
      <img_name>Images/48223_7.jpg</img_name>
    </step>
  </steps>
</skill>