<?xml version="1.0" standalone="yes"?>
<skill id="48227">
  <title><![CDATA[3.13 To make and use your own colours]]></title>
  <desc><![CDATA[]]></desc>
  <ModifiedDate>2008-05-28</ModifiedDate>
  <steps>
    <step num="1.">
      <text><![CDATA[Click <B>Colors </B>|<B> Edit Colors</B>.]]></text>
      <img_name>Images/48227_0.jpg</img_name>
    </step>
    <step num="2.">
      <text><![CDATA[Click <B>Define Custom Colors</B>.]]></text>
      <img_name>Images/48227_1.jpg</img_name>
    </step>
    <step num="3.">
      <text><![CDATA[<P>Pick the colour you want in the large box in the Edit Colors window. </P>
<P>&nbsp;</P>Then pick a light, medium, or dark shade for your new colour in the color bar next to the box.]]></text>
      <img_name>Images/48227_2.jpg</img_name>
    </step>
    <step num="4.">
      <text><![CDATA[Pick <B>Add to Custom Colors</B>, and then click <B>OK</B>.]]></text>
      <img_name>Images/48227_3.jpg</img_name>
    </step>
    <step num="5.">
      <text><![CDATA[To use the new colour, you can now select it from the color box.]]></text>
      <img_name>Images/48227_4.jpg</img_name>
    </step>
  </steps>
</skill>