<?xml version="1.0" standalone="yes"?>
<skill id="48220">
  <title><![CDATA[3.6 To make part of a picture or photo smaller]]></title>
  <desc><![CDATA[]]></desc>
  <ModifiedDate>2008-05-28</ModifiedDate>
  <steps>
    <step num="1.">
      <text><![CDATA[Select the part of your painting you want to make smaller. (See Graphics Skill: <A href="GR 3.1">To select part of a picture or photo so you can make changes</A>.)]]></text>
      <img_name>Images/48220_0.jpg</img_name>
    </step>
    <step num="2.">
      <text><![CDATA[Pick a background colour you want to fill the empty space created when you make the selection smaller. (See Graphics Skill: <A href="GR 2.1">To pick colours</A>.)]]></text>
      <img_name>Images/48220_1.jpg</img_name>
    </step>
    <step num="3.">
      <text><![CDATA[<P>Put the pointer over one of the squares on the edges of the dotted-line border. </P>
<P>&nbsp;</P>Hold down the left mouse button, and drag inward to make that part of your painting smaller.]]></text>
      <img_name>Images/48220_2.jpg</img_name>
    </step>
    <step num="4.">
      <text><![CDATA[Notice that your painting is made smaller.]]></text>
      <img_name>Images/48220_3.jpg</img_name>
    </step>
  </steps>
</skill>