<?xml version="1.0" standalone="yes"?>
<skill id="48229">
  <title><![CDATA[3.15 To copy and save a picture from the Clip Organizer]]></title>
  <desc><![CDATA[]]></desc>
  <ModifiedDate>2008-05-28</ModifiedDate>
  <steps>
    <step num="1.">
      <text><![CDATA[Start Microsoft Word<I>*</I>. Click the <B>Insert </B>tab. In the <B>Illustrations </B>group click<B> Clip Art</B>.]]></text>
      <img_name>Images/48229_0.jpg</img_name>
    </step>
    <step num="2.">
      <text><![CDATA[<P>In the <B>Search for </B>box, type a word for the type of clip art picture you want to find. </P>
<P>&nbsp;</P>
<P>Click the <B>Results should be</B> arrow and select <B>Clip Art</B>.</P>
<P>&nbsp;</P>Then, click <B>Go</B>.]]></text>
      <img_name>Images/48229_1.jpg</img_name>
    </step>
    <step num="3.">
      <text><![CDATA[Pick the arrow next to the clip art picture you want and click <B>Copy</B>.]]></text>
      <img_name>Images/48229_2.jpg</img_name>
    </step>
    <step num="4.">
      <text><![CDATA[Start Microsoft Paint, and click <B>Edit </B>|<B> Paste</B>.]]></text>
      <img_name>Images/48229_3.jpg</img_name>
    </step>
    <step num="5.">
      <text><![CDATA[If needed, refontSize the canvas. (See Graphics Skill: <A href="GR 2.12">To change the fontSize of a painting canvas</A>.)]]></text>
      <img_name>Images/48229_4.jpg</img_name>
    </step>
    <step num="6.">
      <text><![CDATA[If needed, refontSize the image. (See Graphics Skills: <A href="GR 3.5">To make part of a picture or photo bigger</A> and <A href="GR 3.6">To make part of a picture or photo smaller</A>.)]]></text>
      <img_name>Images/48229_5.jpg</img_name>
    </step>
    <step num="7.">
      <text><![CDATA[Save the picture. (See Graphics Skill: <A href="gr 3.14">To save a picture for different uses</A>.)]]></text>
      <img_name>Images/48229_6.jpg</img_name>
    </step>
  </steps>
</skill>