<?xml version="1.0" standalone="yes"?>
<skill id="48225">
  <title><![CDATA[3.11 To tilt, slant, or skew part of a picture or photo]]></title>
  <desc><![CDATA[]]></desc>
  <ModifiedDate>2008-05-28</ModifiedDate>
  <steps>
    <step num="1.">
      <text><![CDATA[Select the part of your painting you want to tilt, slant, or skew. (See Graphics Skill: <A href="GR 3.1">To select part of a picture or photo so you can make changes</A>.)]]></text>
      <img_name>Images/48225_0.jpg</img_name>
    </step>
    <step num="2.">
      <text><![CDATA[Pick a background colour that you want to fill the open space created around the area you tilt or slant. (See Graphics Skill: <A href="GR 2.1">To pick colours</A>.)]]></text>
      <img_name>Images/48225_1.jpg</img_name>
    </step>
    <step num="3.">
      <text><![CDATA[Click <B>Image </B>|<B> RefontSize/Skew</B>.]]></text>
      <img_name>Images/48225_2.jpg</img_name>
    </step>
    <step num="4a.">
      <text><![CDATA[<P>Type a number less than 90 in the <B>Skew</B> <B>Horizontal</B> box to tilt the selected part of your painting to the right.</P>]]></text>
      <img_name>Images/48225_3.jpg</img_name>
    </step>
    <step num="4b.">
      <text><![CDATA[Or, type a number less than 90 in the <B>Skew</B> <B>Vertical</B> box to tilt that part of your painting up and down.]]></text>
      <img_name>Images/48225_4.jpg</img_name>
    </step>
    <step num="5.">
      <text><![CDATA[Click <B>OK</B>.]]></text>
      <img_name>Images/48225_5.jpg</img_name>
    </step>
  </steps>
</skill>