<?xml version="1.0" standalone="yes"?>
<skill id="48222">
  <title><![CDATA[3.8 To flip part of a picture or photo]]></title>
  <desc><![CDATA[]]></desc>
  <ModifiedDate>2008-05-28</ModifiedDate>
  <steps>
    <step num="1.">
      <text><![CDATA[Select the part of your painting you want to flip. (See Graphics Skill: <A href="GR 3.1">To select part of a picture or photo so you can make changes</A>.)]]></text>
      <img_name>Images/48222_0.jpg</img_name>
    </step>
    <step num="2.">
      <text><![CDATA[Click <B>Image </B>|<B> Flip/Rotate</B>.]]></text>
      <img_name>Images/48222_1.jpg</img_name>
    </step>
    <step num="3a.">
      <text><![CDATA[<P>Pick <B>Flip horizontal</B> to flip the selected area from left to right.</P>]]></text>
      <img_name>Images/48222_2.jpg</img_name>
    </step>
    <step num="3b.">
      <text><![CDATA[Or, pick <B>Flip vertical</B> to flip from top to bottom.]]></text>
      <img_name>Images/48222_3.jpg</img_name>
    </step>
    <step num="4.">
      <text><![CDATA[Click <B>OK</B>.]]></text>
      <img_name>Images/48222_4.jpg</img_name>
    </step>
  </steps>
</skill>