<?xml version="1.0" standalone="yes"?>
<skill id="48221">
  <title><![CDATA[3.7 To make a copy of, or duplicate, part of a picture or photo]]></title>
  <desc><![CDATA[]]></desc>
  <ModifiedDate>2008-05-28</ModifiedDate>
  <steps>
    <step num="1.">
      <text><![CDATA[Select the part of your painting you want to copy. (See Graphics Skill: <A href="GR 3.1">To select part of a picture or photo so you can make changes</A>.)]]></text>
      <img_name>Images/48221_0.jpg</img_name>
    </step>
    <step num="2.">
      <text><![CDATA[Click <B>Edit </B>|<B> Copy</B>.]]></text>
      <img_name>Images/48221_1.jpg</img_name>
    </step>
    <step num="3.">
      <text><![CDATA[Click <B>Edit </B>|<B> Paste</B>.]]></text>
      <img_name>Images/48221_2.jpg</img_name>
    </step>
    <step num="4.">
      <text><![CDATA[Move the copy by dragging it. (See Graphics Skill: <A href="GR 3.4">To move part of a picture or photo</A>.)]]></text>
      <img_name>Images/48221_3.jpg</img_name>
    </step>
  </steps>
</skill>