<?xml version="1.0" standalone="yes"?>
<skill id="48232">
  <title><![CDATA[4.1 To start the word processing software with drawing tools]]></title>
  <desc><![CDATA[]]></desc>
  <ModifiedDate>2008-05-28</ModifiedDate>
  <steps>
    <step num="1.">
      <text><![CDATA[Click <B>Start </B>| <B>All Programs </B>|<B> Microsoft Office </B>|<B> Microsoft Office Word 2007</B>.]]></text>
      <img_name>Images/48232_0.jpg</img_name>
    </step>
    <step num="2a.">
      <text><![CDATA[A new document will open.]]></text>
      <img_name>Images/48232_1.jpg</img_name>
    </step>
    <step num="2b.">
      <text><![CDATA[If you want to continue working on an existing file, click the <B>Office Button. </B>Then, click <B>Open</B>.]]></text>
      <img_name>Images/48232_2.jpg</img_name>
    </step>
    <step num="2c.">
      <text><![CDATA[Browse <B>Folders</B> and then find and click the file you want to open.]]></text>
      <img_name>Images/48232_3.jpg</img_name>
    </step>
    <step num="2d.">
      <text><![CDATA[Then, click <B>Open</B>.]]></text>
      <img_name>Images/48232_4.jpg</img_name>
    </step>
  </steps>
</skill>