<?xml version="1.0" standalone="yes"?>
<skill id="48239">
  <title><![CDATA[5.3 To draw a curvy line]]></title>
  <desc><![CDATA[]]></desc>
  <ModifiedDate>2008-05-28</ModifiedDate>
  <steps>
    <step num="1.">
      <text><![CDATA[<P>Click the <B>Insert</B> tab. In the <B>Illustrations</B> group click the <B>Shapes</B> tool.</P>]]></text>
      <img_name>Images/48239_0.jpg</img_name>
    </step>
    <step num="2.">
      <text><![CDATA[Click the <B>Curve</B> tool.]]></text>
      <img_name>Images/48239_1.jpg</img_name>
    </step>
    <step num="3.">
      <text><![CDATA[<P>Hold down the left mouse button, and drag to draw the first part of your line.</P>
<P>&nbsp;</P>
<P>Right now, the line is straight. But quickly let go of the mouse button, and then hold it down again and drag in the direction you want your curvy line to go. Then, the straight line will become curved. </P>
<P>&nbsp;</P>
<P>Do this as many times as you need to draw the curvy line you want.</P>
<P>&nbsp;</P>Once you are done drawing your curvy line, double-click the left mouse button.]]></text>
      <img_name>Images/48239_2.jpg</img_name>
    </step>
    <step num="4.">
      <text><![CDATA[Notice that after you double-click the left mouse button, your curvy line is complete.]]></text>
      <img_name>Images/48239_3.jpg</img_name>
    </step>
  </steps>
</skill>