<?xml version="1.0" standalone="yes"?>
<skill id="48237">
  <title><![CDATA[5.1 To show the Drawing tools ]]></title>
  <desc><![CDATA[]]></desc>
  <ModifiedDate>2008-05-28</ModifiedDate>
  <steps>
    <step num="1.">
      <text><![CDATA[<P>Select any lines, basic shapes, block arrows, stars, and other shapes to view the <B>Drawing Tools</B>. </P>
<P>&nbsp;</P><B>Note:</B> The Format tab with the Drawing Tools is usually visible on the Ribbon when any shape is selected.]]></text>
      <img_name>Images/48237_0.jpg</img_name>
    </step>
  </steps>
</skill>