<?xml version="1.0" standalone="yes"?>
<skill id="48231">
  <title><![CDATA[3.17 To take and save a picture of what is on your screen, or a screenshot]]></title>
  <desc><![CDATA[]]></desc>
  <ModifiedDate>2008-05-28</ModifiedDate>
  <steps>
    <step num="1.">
      <text><![CDATA[Press the <B>Print Screen</B> key on the keyboard.]]></text>
      <img_name>Images/48231_0.jpg</img_name>
    </step>
    <step num="2.">
      <text><![CDATA[Start Microsoft Paint, and click <B>Edit </B>|<B> Paste</B>.]]></text>
      <img_name>Images/48231_1.jpg</img_name>
    </step>
    <step num="3.">
      <text><![CDATA[Select only the part of the screenshot that you want to keep. (See Graphics Skill: <A href="GR 3.1">To select part of a picture or photo so you can make changes</A>.)]]></text>
      <img_name>Images/48231_2.jpg</img_name>
    </step>
    <step num="4.">
      <text><![CDATA[Click <B>Edit </B>|<B> Copy</B>.]]></text>
      <img_name>Images/48231_3.jpg</img_name>
    </step>
    <step num="5.">
      <text><![CDATA[Click <B>File </B>|<B> New</B>.]]></text>
      <img_name>Images/48231_4.jpg</img_name>
    </step>
    <step num="6.">
      <text><![CDATA[A box will pop up asking if you want to save the changes to the first screenshot picture. Click <B>Don’t Save</B>.]]></text>
      <img_name>Images/48231_5.jpg</img_name>
    </step>
    <step num="7.">
      <text><![CDATA[Click <B>Edit </B>|<B> Paste</B>.]]></text>
      <img_name>Images/48231_6.jpg</img_name>
    </step>
    <step num="8.">
      <text><![CDATA[If the pasted picture is smaller than the canvas, drag the blue squares on the edge of the canvas inward to fontSize the canvas to the art. (See Graphics Skill: <A href="GR 2.12">To change the fontSize of a painting canvas</A>.)]]></text>
      <img_name>Images/48231_7.jpg</img_name>
    </step>
    <step num="9.">
      <text><![CDATA[Save your screenshot. (See Graphics Skill: <A href="GR 3.14">To save a picture for different uses</A>.)]]></text>
      <img_name>Images/48231_8.jpg</img_name>
    </step>
  </steps>
</skill>