<?xml version="1.0" standalone="yes"?>
<skill id="48236">
  <title><![CDATA[4.5 To use the Drawing (Shapes) tool  ]]></title>
  <desc><![CDATA[]]></desc>
  <ModifiedDate>2008-05-28</ModifiedDate>
  <steps>
    <step num="1.">
      <text><![CDATA[<P>Click the <B>Insert</B> tab. Go to the <B>Illustrations</B> group to pick tools to draw shapes and change the way they look.</P>
<P><B>&nbsp;</B></P>]]></text>
      <img_name>Images/48236_0.jpg</img_name>
    </step>
    <step num="2.">
      <text><![CDATA[Click the <B>Shapes</B> tool to draw various types of lines, basic shapes, block arrows, stars, and other shapes and symbols.]]></text>
      <img_name>Images/48236_1.jpg</img_name>
    </step>
    <step num="3.">
      <text><![CDATA[Click the <B>Line </B>tool to draw a straight line.]]></text>
      <img_name>Images/48236_2.jpg</img_name>
    </step>
    <step num="4.">
      <text><![CDATA[Click the <B>Arrow</B> tool to draw an arrow.]]></text>
      <img_name>Images/48236_3.jpg</img_name>
    </step>
    <step num="5.">
      <text><![CDATA[Click the <B>Rectangle</B> tool to draw a rectangle or square.]]></text>
      <img_name>Images/48236_4.jpg</img_name>
    </step>
    <step num="6.">
      <text><![CDATA[Click the <B>Oval</B> tool to draw an oval or a circle.]]></text>
      <img_name>Images/48236_5.jpg</img_name>
    </step>
    <step num="7.">
      <text><![CDATA[Click the <B>Text Box</B> tool to make a box so you can add words to a drawing.]]></text>
      <img_name>Images/48236_6.jpg</img_name>
    </step>
    <step num="8.">
      <text><![CDATA[Select a shape. Click the <B>Format</B> tab. In the <B>Shape Styles</B> group, click the <B>Shape Fill</B> arrow and pick a colour to change the fill colour inside a shape.]]></text>
      <img_name>Images/48236_7.jpg</img_name>
    </step>
    <step num="9.">
      <text><![CDATA[Select a line or shape border. Click the <B>Format</B> tab. In the <B>Shape Styles</B> group, click the <B>Shape Outline</B> arrow and pick a colour to change the colour of a line or shape’s border.]]></text>
      <img_name>Images/48236_8.jpg</img_name>
    </step>
    <step num="10.">
      <text><![CDATA[Select a line or shape border. Click the <B>Format</B> tab. In the <B>Shape Styles</B> group, click the <B>Shape Outline</B> arrow. Pick <B>Weight</B> and then pick a line weight to make a line or shape’s border thicker or thinner.]]></text>
      <img_name>Images/48236_9.jpg</img_name>
    </step>
    <step num="11.">
      <text><![CDATA[Select a line or shape border. Click the <B>Format</B> tab. In the <B>Shape Styles</B> group, click the <B>Shape Outline</B> arrow. Pick <B>Dashes</B> and then pick a line dash to change the look or style of a line or shape’s border.]]></text>
      <img_name>Images/48236_10.jpg</img_name>
    </step>
    <step num="12.">
      <text><![CDATA[Select a line. Click the <B>Format</B> tab. In the <B>Shape Styles</B> group, click the <B>Shape Outline</B> arrow. Pick <B>Arrows</B> and then pick an arrow style to change the style of an arrow.]]></text>
      <img_name>Images/48236_11.jpg</img_name>
    </step>
  </steps>
</skill>