<?xml version="1.0" standalone="yes"?>
<skill id="48230">
  <title><![CDATA[3.16 To copy and save a picture from the Web]]></title>
  <desc><![CDATA[]]></desc>
  <ModifiedDate>2008-05-28</ModifiedDate>
  <steps>
    <step num="1.">
      <text><![CDATA[Right-click a picture on a Web page. Click <B>Save Picture As</B>.]]></text>
      <img_name>Images/48230_0.jpg</img_name>
    </step>
    <step num="2.">
      <text><![CDATA[Save the picture. (See Graphics Skill: <A href="GR 3.14">To save a picture for different uses</A>.)]]></text>
      <img_name>Images/48230_1.jpg</img_name>
    </step>
  </steps>
</skill>