<?xml version="1.0" standalone="yes"?>
<skill id="48241">
  <title><![CDATA[5.5 To draw an arrow]]></title>
  <desc><![CDATA[]]></desc>
  <ModifiedDate>2008-05-28</ModifiedDate>
  <steps>
    <step num="1.">
      <text><![CDATA[<P>Click the <B>Insert</B> tab. In the <B>Illustrations</B> group click the <B>Shapes</B> tool.</P>]]></text>
      <img_name>Images/48241_0.jpg</img_name>
    </step>
    <step num="2.">
      <text><![CDATA[Click the <B>Arrow</B> tool.]]></text>
      <img_name>Images/48241_1.jpg</img_name>
    </step>
    <step num="3.">
      <text><![CDATA[<P>Hold down the left mouse button, and drag to draw an arrow.</P>]]></text>
      <img_name>Images/48241_2.jpg</img_name>
    </step>
  </steps>
</skill>