<?xml version="1.0" standalone="yes"?>
<skill id="48249">
  <title><![CDATA[6.4 To make a line, shape, or other object bigger or smaller]]></title>
  <desc><![CDATA[]]></desc>
  <ModifiedDate>2008-05-28</ModifiedDate>
  <steps>
    <step num="1.">
      <text><![CDATA[Click a line, shape, or object to select it.]]></text>
      <img_name>Images/48249_0.jpg</img_name>
    </step>
    <step num="2a.">
      <text><![CDATA[<P>To make the object smaller, put the cursor over one of the circles along the border of the selected object. Notice that the cursor now looks like an arrow with two points.</P>
<P>&nbsp;</P>Hold down the left mouse button and drag inward.]]></text>
      <img_name>Images/48249_1.jpg</img_name>
    </step>
    <step num="2b.">
      <text><![CDATA[<P>To make the object bigger, put the cursor over one of the circles along the border of the selected object. </P>
<P>&nbsp;</P>Hold down the left mouse button and drag outward.]]></text>
      <img_name>Images/48249_2.jpg</img_name>
    </step>
  </steps>
</skill>