<?xml version="1.0" standalone="yes"?>
<skill id="48240">
  <title><![CDATA[5.4 To draw or scribble a line by hand]]></title>
  <desc><![CDATA[]]></desc>
  <ModifiedDate>2008-05-28</ModifiedDate>
  <steps>
    <step num="1.">
      <text><![CDATA[<P>Click the <B>Insert</B> tab. In the <B>Illustrations</B> group click the <B>Shapes</B> tool.</P>]]></text>
      <img_name>Images/48240_0.jpg</img_name>
    </step>
    <step num="2.">
      <text><![CDATA[Click the <B>Scribble</B> tool.]]></text>
      <img_name>Images/48240_1.jpg</img_name>
    </step>
    <step num="3.">
      <text><![CDATA[<P>Hold down the left mouse button, and move the mouse to draw any type of line you want, such as a spiral or looping line.</P>]]></text>
      <img_name>Images/48240_2.jpg</img_name>
    </step>
  </steps>
</skill>