<?xml version="1.0" standalone="yes"?>
<skill id="48245">
  <title><![CDATA[5.9 To draw fancy arrows, stars, and other shapes]]></title>
  <desc><![CDATA[]]></desc>
  <ModifiedDate>2008-05-28</ModifiedDate>
  <steps>
    <step num="1.">
      <text><![CDATA[<P>Click the <B>Insert</B> tab. In the <B>Illustrations</B> group click the <B>Shapes</B> tool.</P>]]></text>
      <img_name>Images/48245_0.jpg</img_name>
    </step>
    <step num="2a.">
      <text><![CDATA[Then, pick a shape from the <B>Block Arrows</B> tool.]]></text>
      <img_name>Images/48245_1.jpg</img_name>
    </step>
    <step num="2b.">
      <text><![CDATA[Or, pick a shape<B> </B>from the<B> Stars and Banners</B> tool.]]></text>
      <img_name>Images/48245_2.jpg</img_name>
    </step>
    <step num="3.">
      <text><![CDATA[<P>Hold down the left mouse button, and drag to draw the shape.</P>]]></text>
      <img_name>Images/48245_3.jpg</img_name>
    </step>
  </steps>
</skill>