<?xml version="1.0" standalone="yes"?>
<skill id="48246">
  <title><![CDATA[6.1 To select a line, shape, or other object in a drawing]]></title>
  <desc><![CDATA[]]></desc>
  <ModifiedDate>2008-05-28</ModifiedDate>
  <steps>
    <step num="1.">
      <text><![CDATA[<P>In Microsoft* Word, click the <B>Home</B> tab. In the <B>Editing</B> group click the <B>Select</B> arrow.<BR></P>
<P>Then, pick the <B>Select Objects </B>tool.</P>]]></text>
      <img_name>Images/48246_0.jpg</img_name>
    </step>
    <step num="2.">
      <text><![CDATA[<P>Click a line, shape, or object in your drawing. </P>
<P>&nbsp;</P>You can tell something is selected when it has a border with small circles along the sides and corners. There is also a small green circle above the selected object.]]></text>
      <img_name>Images/48246_1.jpg</img_name>
    </step>
  </steps>
</skill>