<?xml version="1.0" standalone="yes"?>
<skill id="48242">
  <title><![CDATA[5.6 To draw a rectangle or square]]></title>
  <desc><![CDATA[]]></desc>
  <ModifiedDate>2008-05-28</ModifiedDate>
  <steps>
    <step num="1.">
      <text><![CDATA[<P>Click the <B>Insert</B> tab. In the <B>Illustrations</B> group click the <B>Shapes</B> tool.</P>]]></text>
      <img_name>Images/48242_0.jpg</img_name>
    </step>
    <step num="2.">
      <text><![CDATA[Click the <B>Rectangle</B> tool.]]></text>
      <img_name>Images/48242_1.jpg</img_name>
    </step>
    <step num="3.">
      <text><![CDATA[<P>Hold down the left mouse button, and drag to draw a rectangle.</P>]]></text>
      <img_name>Images/48242_2.jpg</img_name>
    </step>
  </steps>
</skill>