<?xml version="1.0" standalone="yes"?>
<skill id="48247">
  <title><![CDATA[6.2 To remove or delete a line, shape, or other object from a drawing]]></title>
  <desc><![CDATA[]]></desc>
  <ModifiedDate>2008-05-28</ModifiedDate>
  <steps>
    <step num="1.">
      <text><![CDATA[Click a line, shape, or object to select it.]]></text>
      <img_name>Images/48247_0.jpg</img_name>
    </step>
    <step num="2.">
      <text><![CDATA[<P>Press the <B>Delete</B> key on the keyboard.</P>]]></text>
      <img_name>Images/48247_1.jpg</img_name>
    </step>
  </steps>
</skill>