<?xml version="1.0" standalone="yes"?>
<skill id="48248">
  <title><![CDATA[6.3 To move a line, shape, or other object in a drawing]]></title>
  <desc><![CDATA[]]></desc>
  <ModifiedDate>2008-05-28</ModifiedDate>
  <steps>
    <step num="1.">
      <text><![CDATA[Click a line, shape, or object to select it.]]></text>
      <img_name>Images/48248_0.jpg</img_name>
    </step>
    <step num="2.">
      <text><![CDATA[<P>Hold down the left mouse button, and drag to move the object.</P>
<P>Or, if you want to move something precisely and only a short distance, you can press the <B>arrow</B> keys on the keyboard.</P>]]></text>
      <img_name>Images/48248_1.jpg</img_name>
    </step>
  </steps>
</skill>