<?xml version="1.0" standalone="yes"?>
<skill id="48244">
  <title><![CDATA[5.8 To draw triangles, diamonds, and other common shapes]]></title>
  <desc><![CDATA[]]></desc>
  <ModifiedDate>2008-05-28</ModifiedDate>
  <steps>
    <step num="1.">
      <text><![CDATA[<P>Click the <B>Insert</B> tab. In the <B>Illustrations</B> group click the <B>Shapes</B> tool.</P>]]></text>
      <img_name>Images/48244_0.jpg</img_name>
    </step>
    <step num="2.">
      <text><![CDATA[Then, pick the type of shape you want from the <B>Basic Shapes </B>tool.]]></text>
      <img_name>Images/48244_1.jpg</img_name>
    </step>
    <step num="3.">
      <text><![CDATA[<P>Hold down the left mouse button, and drag to draw your shape.</P>]]></text>
      <img_name>Images/48244_2.jpg</img_name>
    </step>
  </steps>
</skill>