<?xml version="1.0" standalone="yes"?>
<skill id="48257">
  <title><![CDATA[6.12 To fill a shape with an interesting texture effect]]></title>
  <desc><![CDATA[]]></desc>
  <ModifiedDate>2008-05-29</ModifiedDate>
  <steps>
    <step num="1.">
      <text><![CDATA[Click a shape or an object to select it.]]></text>
      <img_name>Images/48257_0.jpg</img_name>
    </step>
    <step num="2.">
      <text><![CDATA[<P>Click the <B>Format</B> tab. In the <B>Shape Styles</B> group, click the <B>Shape Fill </B>arrow, and pick <B>Texture</B>.</P>]]></text>
      <img_name>Images/48257_1.jpg</img_name>
    </step>
    <step num="3.">
      <text><![CDATA[Click one of the texture options to select it.]]></text>
      <img_name>Images/48257_2.jpg</img_name>
    </step>
    <step num="4.">
      <text><![CDATA[Click <B>OK</B>.]]></text>
      <img_name>Images/48257_3.jpg</img_name>
    </step>
  </steps>
</skill>