<?xml version="1.0" standalone="yes"?>
<skill id="48250">
  <title><![CDATA[6.5 To make a line or shape’s border thicker or thinner]]></title>
  <desc><![CDATA[]]></desc>
  <ModifiedDate>2008-05-28</ModifiedDate>
  <steps>
    <step num="1.">
      <text><![CDATA[Click a line, shape, or object to select it.]]></text>
      <img_name>Images/48250_0.jpg</img_name>
    </step>
    <step num="2a.">
      <text><![CDATA[Click the <B>Format</B> tab. In the <B>Shape Styles</B> group, click the <B>Shape Outline</B> arrow.]]></text>
      <img_name>Images/48250_1.jpg</img_name>
    </step>
    <step num="2b.">
      <text><![CDATA[<P>Pick the <B>Weight</B> arrow.<BR></P>
<P>Then, pick a line width.</P>]]></text>
      <img_name>Images/48250_2.jpg</img_name>
    </step>
    <step num="3.">
      <text><![CDATA[The line, shape, or object will now show that border fontSize.]]></text>
      <img_name>Images/48250_3.jpg</img_name>
    </step>
  </steps>
</skill>