<?xml version="1.0" standalone="yes"?>
<skill id="48254">
  <title><![CDATA[6.9 To get more line, border, or fill colours to pick from]]></title>
  <desc><![CDATA[]]></desc>
  <ModifiedDate>2008-05-29</ModifiedDate>
  <steps>
    <step num="1.">
      <text><![CDATA[Click a line, shape, or object to select it.]]></text>
      <img_name>Images/48254_0.jpg</img_name>
    </step>
    <step num="2a.">
      <text><![CDATA[<P>To get more colours for a line or shape border, click the <B>Format</B> tab. In the <B>Shape Styles</B> group, click the <B>Shape Outline</B> arrow, and pick <B>More Outline Colors</B>.</P>]]></text>
      <img_name>Images/48254_1.jpg</img_name>
    </step>
    <step num="2b.">
      <text><![CDATA[Or, to get more fill colours for the inside of a shape, click the <B>Shape Fill</B> arrow in the <B>Format</B> tab and <B>Shape Styles</B> group, and pick <B>More Fill Colors</B>.]]></text>
      <img_name>Images/48254_2.jpg</img_name>
    </step>
    <step num="3.">
      <text><![CDATA[Click the <B>Standard</B> tab.]]></text>
      <img_name>Images/48254_3.jpg</img_name>
    </step>
    <step num="4.">
      <text><![CDATA[Pick one of the colours.]]></text>
      <img_name>Images/48254_4.jpg</img_name>
    </step>
    <step num="5.">
      <text><![CDATA[Click <B>OK</B>.]]></text>
      <img_name>Images/48254_5.jpg</img_name>
    </step>
  </steps>
</skill>