<?xml version="1.0" standalone="yes"?>
<skill id="48255">
  <title><![CDATA[6.10 To make your own line, border, and fill colours]]></title>
  <desc><![CDATA[]]></desc>
  <ModifiedDate>2008-05-29</ModifiedDate>
  <steps>
    <step num="1.">
      <text><![CDATA[Click a shape or object to select it.]]></text>
      <img_name>Images/48255_0.jpg</img_name>
    </step>
    <step num="2a.">
      <text><![CDATA[<P>To get more colours for a line or shape border, click the <B>Format</B> tab. In the <B>Shape Styles</B> group, click the <B>Shape Outline</B> arrow, and pick <B>More Outline Colors</B>.</P>]]></text>
      <img_name>Images/48255_1.jpg</img_name>
    </step>
    <step num="2b.">
      <text><![CDATA[<P>Or, to get more fill colours for the inside of a shape, click the <B>Shape Fill</B> arrow in the <B>Format</B> tab and <B>Shape Styles</B> group, and pick <B>More Fill Colors</B>.</P>]]></text>
      <img_name>Images/48255_2.jpg</img_name>
    </step>
    <step num="3.">
      <text><![CDATA[Click the <B>Custom</B> tab.]]></text>
      <img_name>Images/48255_3.jpg</img_name>
    </step>
    <step num="4.">
      <text><![CDATA[<P>Pick the colour you want in the Colors box. </P>
<P>&nbsp;</P>Then, pick a shade of the colour you just selected in the color bar next to the Colors box.]]></text>
      <img_name>Images/48255_4.jpg</img_name>
    </step>
    <step num="5.">
      <text><![CDATA[Click <B>OK</B>.]]></text>
      <img_name>Images/48255_5.jpg</img_name>
    </step>
    <step num="6.">
      <text><![CDATA[The colour you just made is now added to your menu of colour choices, so you can use it again to change a line or fill colour.]]></text>
      <img_name>Images/48255_6.jpg</img_name>
    </step>
  </steps>
</skill>