<?xml version="1.0" standalone="yes"?>
<skill id="48258">
  <title><![CDATA[6.13 To fill a shape with colours that blend together, or a gradient]]></title>
  <desc><![CDATA[]]></desc>
  <ModifiedDate>2008-05-29</ModifiedDate>
  <steps>
    <step num="1.">
      <text><![CDATA[Click a shape or an object to select it.]]></text>
      <img_name>Images/48258_0.jpg</img_name>
    </step>
    <step num="2.">
      <text><![CDATA[<P>Click the <B>Format</B> tab. In the <B>Shape Styles</B> group, click the <B>Shape Fill</B> arrow, and pick <B>Gradient</B>.</P>]]></text>
      <img_name>Images/48258_1.jpg</img_name>
    </step>
    <step num="3.">
      <text><![CDATA[Click one of the gradient options to select it.]]></text>
      <img_name>Images/48258_2.jpg</img_name>
    </step>
    <step num="4.">
      <text><![CDATA[<P>To get more gradients for a shape, Click the <B>Shape Fill</B> arrow, and pick <B>Gradient</B>.</P>Then click <B>More Gradients</B>.]]></text>
      <img_name>Images/48258_3.jpg</img_name>
    </step>
    <step num="5.">
      <text><![CDATA[Pick <B>Two colors</B>.]]></text>
      <img_name>Images/48258_4.jpg</img_name>
    </step>
    <step num="6.">
      <text><![CDATA[Click the <B>Color 1</B> arrow, and pick a colour for your pattern. ]]></text>
      <img_name>Images/48258_5.jpg</img_name>
    </step>
    <step num="7.">
      <text><![CDATA[Then, click the <B>Color 2</B> arrow, and pick another colour.]]></text>
      <img_name>Images/48258_6.jpg</img_name>
    </step>
    <step num="8.">
      <text><![CDATA[Pick one of the shading styles.]]></text>
      <img_name>Images/48258_7.jpg</img_name>
    </step>
    <step num="9.">
      <text><![CDATA[Then, click the option you want in the Variants group.]]></text>
      <img_name>Images/48258_8.jpg</img_name>
    </step>
    <step num="10.">
      <text><![CDATA[Click <B>OK</B>.]]></text>
      <img_name>Images/48258_9.jpg</img_name>
    </step>
  </steps>
</skill>