<?xml version="1.0" standalone="yes"?>
<skill id="48259">
  <title><![CDATA[7.1 To make a box so you can add words to a drawing]]></title>
  <desc><![CDATA[]]></desc>
  <ModifiedDate>2008-05-29</ModifiedDate>
  <steps>
    <step num="1.">
      <text><![CDATA[<P>In Microsoft* Word, click the <B>Insert</B> tab. In the <B>Illustrations</B> group click the <B>Shapes</B> tool.</P>]]></text>
      <img_name>Images/48259_0.jpg</img_name>
    </step>
    <step num="2.">
      <text><![CDATA[Click the <B>Text Box</B> tool.]]></text>
      <img_name>Images/48259_1.jpg</img_name>
    </step>
    <step num="3.">
      <text><![CDATA[<P>Hold down the left mouse button, and drag down and to the right to draw a text box.</P>
<P>&nbsp;</P>
<P>&nbsp;</P><B>NOTE:</B> To change the shape of the text box, select the text box. In the Format tab and Text Box Styles group, click the Change Shape<B> </B>arrow. Then, select a new shape.]]></text>
      <img_name>Images/48259_2.jpg</img_name>
    </step>
  </steps>
</skill>