<?xml version="1.0" standalone="yes"?>
<skill id="48251">
  <title><![CDATA[6.6 To change the look or style of a line or shape’s border]]></title>
  <desc><![CDATA[]]></desc>
  <ModifiedDate>2008-05-29</ModifiedDate>
  <steps>
    <step num="1.">
      <text><![CDATA[Click a line, shape, or object to select it.]]></text>
      <img_name>Images/48251_0.jpg</img_name>
    </step>
    <step num="2a.">
      <text><![CDATA[Click the <B>Format</B> tab. In the <B>Shape Styles</B> group, click the <B>Shape Outline</B> arrow.]]></text>
      <img_name>Images/48251_1.jpg</img_name>
    </step>
    <step num="2b.">
      <text><![CDATA[<P>Pick the <B>Dashes</B> arrow.<BR></P>
<P>Then, pick a dash style.</P>]]></text>
      <img_name>Images/48251_2.jpg</img_name>
    </step>
    <step num="3.">
      <text><![CDATA[The line, shape, or object will now show that border dash style.]]></text>
      <img_name>Images/48251_3.jpg</img_name>
    </step>
  </steps>
</skill>