<?xml version="1.0" standalone="yes"?>
<skill id="48256">
  <title><![CDATA[6.11 To fill a shape with a colourful pattern]]></title>
  <desc><![CDATA[]]></desc>
  <ModifiedDate>2008-05-29</ModifiedDate>
  <steps>
    <step num="1.">
      <text><![CDATA[Click a shape or an object to select it.]]></text>
      <img_name>Images/48256_0.jpg</img_name>
    </step>
    <step num="2.">
      <text><![CDATA[<P>Click the <B>Format</B> tab. In the <B>Shape Styles</B> group, click the <B>Shape Fill</B> arrow, and pick <B>Pattern.</B></P>]]></text>
      <img_name>Images/48256_1.jpg</img_name>
    </step>
    <step num="3.">
      <text><![CDATA[Pick one of the patterns.]]></text>
      <img_name>Images/48256_2.jpg</img_name>
    </step>
    <step num="4.">
      <text><![CDATA[<P>Click the <B>Foreground</B> arrow, and pick a colour for your pattern.</P>]]></text>
      <img_name>Images/48256_3.jpg</img_name>
    </step>
    <step num="5.">
      <text><![CDATA[<P>Then, click the <B>Background</B> arrow, and pick another colour.</P>]]></text>
      <img_name>Images/48256_4.jpg</img_name>
    </step>
    <step num="6.">
      <text><![CDATA[Click <B>OK</B>.]]></text>
      <img_name>Images/48256_5.jpg</img_name>
    </step>
  </steps>
</skill>