<?xml version="1.0" standalone="yes"?>
<skill id="48253">
  <title><![CDATA[6.8 To change the fill colour inside a shape]]></title>
  <desc><![CDATA[]]></desc>
  <ModifiedDate>2008-05-29</ModifiedDate>
  <steps>
    <step num="1.">
      <text><![CDATA[Click a shape or object to select it.]]></text>
      <img_name>Images/48253_0.jpg</img_name>
    </step>
    <step num="2a.">
      <text><![CDATA[Click the <B>Format</B> tab. In the <B>Shape Styles</B> group, click the <B>Shape Fill</B> arrow.]]></text>
      <img_name>Images/48253_1.jpg</img_name>
    </step>
    <step num="2b.">
      <text><![CDATA[Pick one of the colours.]]></text>
      <img_name>Images/48253_2.jpg</img_name>
    </step>
    <step num="3.">
      <text><![CDATA[The shape or object will now show that fill colour.]]></text>
      <img_name>Images/48253_3.jpg</img_name>
    </step>
  </steps>
</skill>