<?xml version="1.0" standalone="yes"?>
<skill id="48261">
  <title><![CDATA[7.3 To select words in a text box so you can make changes]]></title>
  <desc><![CDATA[]]></desc>
  <ModifiedDate>2008-05-29</ModifiedDate>
  <steps>
    <step num="1.">
      <text><![CDATA[Click to put the cursor in front of the first letter of the first word you want to change.]]></text>
      <img_name>Images/48261_0.jpg</img_name>
    </step>
    <step num="2.">
      <text><![CDATA[<P>Hold down the mouse button, and drag until the colour changes behind all of the words you want to select. </P>
<P>&nbsp;</P>This means the words are selected. You can now let go of the mouse button.]]></text>
      <img_name>Images/48261_1.jpg</img_name>
    </step>
  </steps>
</skill>