<?xml version="1.0" standalone="yes"?>
<skill id="48264">
  <title><![CDATA[7.6 To change the style of words in a drawing]]></title>
  <desc><![CDATA[]]></desc>
  <ModifiedDate>2008-05-29</ModifiedDate>
  <steps>
    <step num="1.">
      <text><![CDATA[Select the word or words you want to change. (See Graphics Skill: <A href="GR 7.3">To select words in a text box so you can make changes</A>.)]]></text>
      <img_name>Images/48264_0.jpg</img_name>
    </step>
    <step num="2a.">
      <text><![CDATA[<P>To make the letters in your words thicker or bold, click the <B>Home</B> tab. In the <B>Font</B> group, click the <B>Bold</B> button.</P>]]></text>
      <img_name>Images/48264_1.jpg</img_name>
    </step>
    <step num="2b.">
      <text><![CDATA[<P>Notice that your words will be changed to the bold font.<B>&nbsp;</B></P><B>NOTE</B>: If you want to remove the bold style, just select the words and click the Bold button again.]]></text>
      <img_name>Images/48264_2.jpg</img_name>
    </step>
    <step num="3.">
      <text><![CDATA[<P>To make the letters in your words slanted, or to put them in italics, click the <B>Italic</B> button in the <B>Font</B> group. </P>
<P>&nbsp;</P><B>NOTE</B>: If you want to remove the italic style, just select the words and click the Italic button again.]]></text>
      <img_name>Images/48264_3.jpg</img_name>
    </step>
    <step num="4.">
      <text><![CDATA[<P>To add a line under your words, click the <B>Underline</B> button in the <B>Font</B> group.</P>
<P>&nbsp;</P><B>NOTE</B>: If you want to remove the underline style, just select the words and click the Underline button again. ]]></text>
      <img_name>Images/48264_4.jpg</img_name>
    </step>
  </steps>
</skill>