<?xml version="1.0" standalone="yes"?>
<skill id="48265">
  <title><![CDATA[7.7 To change the colour of words in a drawing]]></title>
  <desc><![CDATA[]]></desc>
  <ModifiedDate>2008-05-29</ModifiedDate>
  <steps>
    <step num="1.">
      <text><![CDATA[Select the word or words you want to change. (See Graphics Skill: <A href="GR 7.3">To select words in a text box so you can make changes</A>.)]]></text>
      <img_name>Images/48265_0.jpg</img_name>
    </step>
    <step num="2a.">
      <text><![CDATA[<P>Click the <B>Home</B> tab. In the <B>Font</B> group, click the <B>Font Color</B> arrow. </P>]]></text>
      <img_name>Images/48265_1.jpg</img_name>
    </step>
    <step num="2b.">
      <text><![CDATA[Pick one of the colours from the menu.]]></text>
      <img_name>Images/48265_2.jpg</img_name>
    </step>
    <step num="3.">
      <text><![CDATA[Notice that your words will be changed to the font colour you picked.]]></text>
      <img_name>Images/48265_3.jpg</img_name>
    </step>
    <step num="4.">
      <text><![CDATA[If you do not see the colour you want, click the <B>Font Color</B> and pick <B>More Colors</B>. Then, pick another standard colour (See Graphics Skill: <A href="gr 6.9">To get more line, border, or fill colours to pick from</A>)&nbsp; or make your own custom colour. (See Graphics Skill: <A href="gr 6.10">To make your own line, border, and fill colours</A>.)]]></text>
      <img_name>Images/48265_4.jpg</img_name>
    </step>
  </steps>
</skill>