<?xml version="1.0" standalone="yes"?>
<skill id="48263">
  <title><![CDATA[7.5 To make the words in your drawing bigger or smaller]]></title>
  <desc><![CDATA[]]></desc>
  <ModifiedDate>2008-05-29</ModifiedDate>
  <steps>
    <step num="1.">
      <text><![CDATA[Select the word or words you want to change. (See Graphics Skill: <A href="GR 7.3">To select words in a text box so you can make changes</A>.)]]></text>
      <img_name>Images/48263_0.jpg</img_name>
    </step>
    <step num="2a.">
      <text><![CDATA[<P>Click the <B>Home</B> tab. In the <B>Font</B> group, click the <B>Font Size</B> arrow.</P>]]></text>
      <img_name>Images/48263_1.jpg</img_name>
    </step>
    <step num="2b.">
      <text><![CDATA[<P>Pick one of the numbers, or a <I>font fontSize</I>, from the menu.</P>
<P>&nbsp;</P><B>NOTE</B>: The smaller the number, the smaller the text fontSize, and the bigger the number, the bigger the text fontSize.]]></text>
      <img_name>Images/48263_2.jpg</img_name>
    </step>
    <step num="3.">
      <text><![CDATA[Notice that your words will be changed to the font fontSize you picked.]]></text>
      <img_name>Images/48263_3.jpg</img_name>
    </step>
  </steps>
</skill>