<?xml version="1.0" standalone="yes"?>
<skill id="48262">
  <title><![CDATA[7.4 To pick the letter design, or font, of words in a drawing]]></title>
  <desc><![CDATA[]]></desc>
  <ModifiedDate>2008-05-29</ModifiedDate>
  <steps>
    <step num="1.">
      <text><![CDATA[Select the word or words you want to change. (See Graphics Skill: <A href="GR 7.3">To select words in a text box so you can make changes</A>.)]]></text>
      <img_name>Images/48262_0.jpg</img_name>
    </step>
    <step num="2a.">
      <text><![CDATA[<P>Click the <B>Home</B> tab. In the <B>Font</B> group, click the <B>Font</B> arrow.</P>]]></text>
      <img_name>Images/48262_1.jpg</img_name>
    </step>
    <step num="2b.">
      <text><![CDATA[Pick one of the designs, or <I>fonts</I>, from the menu.]]></text>
      <img_name>Images/48262_2.jpg</img_name>
    </step>
    <step num="3.">
      <text><![CDATA[Notice that your words will be changed to the font you picked.]]></text>
      <img_name>Images/48262_3.jpg</img_name>
    </step>
  </steps>
</skill>