<?xml version="1.0" standalone="yes"?>
<skill id="48260">
  <title><![CDATA[7.2 To type words into a text box]]></title>
  <desc><![CDATA[]]></desc>
  <ModifiedDate>2008-05-29</ModifiedDate>
  <steps>
    <step num="1.">
      <text><![CDATA[Click inside a text box.]]></text>
      <img_name>Images/48260_0.jpg</img_name>
    </step>
    <step num="2.">
      <text><![CDATA[<P>When you see the cursor flashing inside the box, start typing your words.</P>]]></text>
      <img_name>Images/48260_1.jpg</img_name>
    </step>
  </steps>
</skill>