<?xml version="1.0" standalone="yes"?>
<skill id="48267">
  <title><![CDATA[7.9 To change the direction of words in a text box]]></title>
  <desc><![CDATA[]]></desc>
  <ModifiedDate>2008-05-29</ModifiedDate>
  <steps>
    <step num="1.">
      <text><![CDATA[Click a text box to select it.]]></text>
      <img_name>Images/48267_0.jpg</img_name>
    </step>
    <step num="2.">
      <text><![CDATA[<P>Click the <B>Format </B>tab.<B> </B>In the<B> Text </B>group pick <B>Text Direction</B>.</P>]]></text>
      <img_name>Images/48267_1.jpg</img_name>
    </step>
    <step num="3.">
      <text><![CDATA[Click the <B>Text Direction</B> tool multiple times to pick one of the orientation options.]]></text>
      <img_name>Images/48267_2.jpg</img_name>
    </step>
    <step num="4.">
      <text><![CDATA[Change the shape and fontSize of the text box as needed.]]></text>
      <img_name>Images/48267_3.jpg</img_name>
    </step>
  </steps>
</skill>