<?xml version="1.0" standalone="yes"?>
<skill id="48278">
  <title><![CDATA[8.5 To flip an object]]></title>
  <desc><![CDATA[]]></desc>
  <ModifiedDate>2008-05-29</ModifiedDate>
  <steps>
    <step num="1.">
      <text><![CDATA[<P>Click to select a line, shape, text box, or another object in your drawing you want to flip.</P>]]></text>
      <img_name>Images/48278_0.jpg</img_name>
    </step>
    <step num="2a.">
      <text><![CDATA[<P>To flip the object from left to right, click the <B>Format</B> tab. In the <B>Arrange</B> group, click the <B>Rotate </B>arrow. </P>
<P>&nbsp;</P>]]></text>
      <img_name>Images/48278_1.jpg</img_name>
    </step>
    <step num="2b.">
      <text><![CDATA[<P>Pick <B>Flip Horizontal</B>.<B></B></P>]]></text>
      <img_name>Images/48278_2.jpg</img_name>
    </step>
    <step num="3a.">
      <text><![CDATA[<P>To flip the object from top to bottom, click the <B>Format</B> tab. In the <B>Arrange</B> group, click the <B>Rotate </B>arrow. </P>
<P>&nbsp;</P>]]></text>
      <img_name>Images/48278_3.jpg</img_name>
    </step>
    <step num="3b.">
      <text><![CDATA[<P>Pick <B>Flip Vertical</B>.</P>]]></text>
      <img_name>Images/48278_4.jpg</img_name>
    </step>
  </steps>
</skill>