<?xml version="1.0" standalone="yes"?>
<skill id="48272">
  <title><![CDATA[7.14 To add a fill colour inside a text box]]></title>
  <desc><![CDATA[]]></desc>
  <ModifiedDate>2008-05-29</ModifiedDate>
  <steps>
    <step num="1.">
      <text><![CDATA[Select a text box.]]></text>
      <img_name>Images/48272_0.jpg</img_name>
    </step>
    <step num="2a.">
      <text><![CDATA[Click the <B>Format</B> tab. In the <B>Text Box Styles</B> group, click the <B>Shape Fill</B> arrow.]]></text>
      <img_name>Images/48272_1.jpg</img_name>
    </step>
    <step num="2b.">
      <text><![CDATA[Pick one of the colours.]]></text>
      <img_name>Images/48272_2.jpg</img_name>
    </step>
    <step num="3.">
      <text><![CDATA[Notice that your text box will be changed to the fill colour you picked.]]></text>
      <img_name>Images/48272_3.jpg</img_name>
    </step>
    <step num="4.">
      <text><![CDATA[You can also click the <B>Shape Fill</B> arrow and pick <b>More Fill Colors</b>. Then, pick one of the other standard colours. (See Graphics Skill: <A href="gr 6.9">To get more line, border, or fill colours to pick from</A>) or make your own custom colour (See Graphics Skill: <A href="gr 6.10">To make your own line, border, and fill colours</A>.)]]></text>
      <img_name>Images/48272_4.jpg</img_name>
    </step>
  </steps>
</skill>