<?xml version="1.0" standalone="yes"?>
<skill id="48271">
  <title><![CDATA[7.13 To remove a border from a text box]]></title>
  <desc><![CDATA[]]></desc>
  <ModifiedDate>2008-05-29</ModifiedDate>
  <steps>
    <step num="1.">
      <text><![CDATA[Select a text box.]]></text>
      <img_name>Images/48271_0.jpg</img_name>
    </step>
    <step num="2a.">
      <text><![CDATA[<P>Click the <B>Format</B> tab. In the <B>Text Box Styles</B> group click the <B>Shape Outline </B>arrow.</P>]]></text>
      <img_name>Images/48271_1.jpg</img_name>
    </step>
    <step num="2b.">
      <text><![CDATA[Then, pick <B>No Outline</B>.]]></text>
      <img_name>Images/48271_2.jpg</img_name>
    </step>
  </steps>
</skill>