<?xml version="1.0" standalone="yes"?>
<skill id="48275">
  <title><![CDATA[8.2 To bundle or group objects together]]></title>
  <desc><![CDATA[]]></desc>
  <ModifiedDate>2008-05-29</ModifiedDate>
  <steps>
    <step num="1.">
      <text><![CDATA[Use the <B>Select Objects </B>tool in the <B>Home</B> tab and <B>Editing</B> group to select the objects you want to group. (See Graphics Skill: <A href="GR 8.1">To select several objects at once</A>.)]]></text>
      <img_name>Images/48275_0.jpg</img_name>
    </step>
    <step num="2.">
      <text><![CDATA[Click the<B> Format </B>tab. In the <B>Arrange</B> group, click the <B>Group</B> arrow.]]></text>
      <img_name>Images/48275_1.jpg</img_name>
    </step>
    <step num="3.">
      <text><![CDATA[Pick <B>Group</B>.]]></text>
      <img_name>Images/48275_2.jpg</img_name>
    </step>
    <step num="4.">
      <text><![CDATA[The items that have been grouped can now be moved or changed together at the same time.]]></text>
      <img_name>Images/48275_3.jpg</img_name>
    </step>
  </steps>
</skill>