<?xml version="1.0" standalone="yes"?>
<skill id="48270">
  <title><![CDATA[7.12 To change the line style of a text box border]]></title>
  <desc><![CDATA[]]></desc>
  <ModifiedDate>2008-05-29</ModifiedDate>
  <steps>
    <step num="1.">
      <text><![CDATA[Select a text box.]]></text>
      <img_name>Images/48270_0.jpg</img_name>
    </step>
    <step num="2a.">
      <text><![CDATA[<P>Click the <B>Format</B> tab. In the <B>Text Box Styles</B> group click the <B>Shape Outline </B>arrow.</P>]]></text>
      <img_name>Images/48270_1.jpg</img_name>
    </step>
    <step num="2b.">
      <text><![CDATA[<P>Pick <B>Dashes</B>.</P>
<P>&nbsp;</P>Then, pick a dash style.]]></text>
      <img_name>Images/48270_2.jpg</img_name>
    </step>
    <step num="3.">
      <text><![CDATA[Notice that your line will be changed to the dash style you picked.]]></text>
      <img_name>Images/48270_3.jpg</img_name>
    </step>
  </steps>
</skill>