<?xml version="1.0" standalone="yes"?>
<skill id="48277">
  <title><![CDATA[8.4 To make a copy of, or duplicate, an object]]></title>
  <desc><![CDATA[]]></desc>
  <ModifiedDate>2008-05-29</ModifiedDate>
  <steps>
    <step num="1.">
      <text><![CDATA[<P>Click a line, shape, text box, or another object you want to copy.</P>
<P>&nbsp;</P>
<P>Or, </P>
<P>Use the <B>Select Objects </B>tool to click a line, shape, text box, or another object you want to copy. (See Graphics Skill: <A href="GR 8.1">To select several objects at once</A>.)</P>]]></text>
      <img_name>Images/48277_0.jpg</img_name>
    </step>
    <step num="2.">
      <text><![CDATA[<P>Click the <B>Home</B> tab. In the <B>Clipboard</B> group click <B>Copy.</B> </P>]]></text>
      <img_name>Images/48277_1.jpg</img_name>
    </step>
    <step num="3.">
      <text><![CDATA[<P>In the <B>Home</B> tab and <B>Clipboard</B> group click <B>Paste</B>.<B> </B></P>]]></text>
      <img_name>Images/48277_2.jpg</img_name>
    </step>
    <step num="4.">
      <text><![CDATA[Notice the image you copied will appear in your document.]]></text>
      <img_name>Images/48277_3.jpg</img_name>
    </step>
  </steps>
</skill>