<?xml version="1.0" standalone="yes"?>
<skill id="48274">
  <title><![CDATA[8.1 To select several objects at once]]></title>
  <desc><![CDATA[]]></desc>
  <ModifiedDate>2008-05-29</ModifiedDate>
  <steps>
    <step num="1.">
      <text><![CDATA[<P>In Microsoft* Word, click the <B>Home</B> tab. In the <B>Editing</B> group, click the <B>Select</B> arrow.</P>Pick the <B>Select Objects </B>tool.]]></text>
      <img_name>Images/48274_0.jpg</img_name>
    </step>
    <step num="2.">
      <text><![CDATA[Hold down the <B>Shift</B> key, and click the lines, shapes, text boxes, or any other objects you might want to move or fix at the same time.]]></text>
      <img_name>Images/48274_1.jpg</img_name>
    </step>
  </steps>
</skill>