<?xml version="1.0" standalone="yes"?>
<skill id="48276">
  <title><![CDATA[8.3 To break apart or ungroup a grouped object]]></title>
  <desc><![CDATA[]]></desc>
  <ModifiedDate>2008-05-29</ModifiedDate>
  <steps>
    <step num="1.">
      <text><![CDATA[Use the <B>Select Objects </B>tool in the <B>Home</B> tab and <B>Editing</B> group to click the grouped object. (See Graphics Skill: <A href="GR 8.1">To select several objects at once</A>.)]]></text>
      <img_name>Images/48276_0.jpg</img_name>
    </step>
    <step num="2.">
      <text><![CDATA[<P>Click the<B> Format </B>tab. In the <B>Arrange</B> group, click the <B>Group</B> arrow.</P>]]></text>
      <img_name>Images/48276_1.jpg</img_name>
    </step>
    <step num="3.">
      <text><![CDATA[<P>Pick <B>Ungroup</B>.</P>]]></text>
      <img_name>Images/48276_2.jpg</img_name>
    </step>
    <step num="4.">
      <text><![CDATA[You can now move or change each item all by itself.]]></text>
      <img_name>Images/48276_3.jpg</img_name>
    </step>
  </steps>
</skill>