<?xml version="1.0" standalone="yes"?>
<skill id="48279">
  <title><![CDATA[8.6 To spin or rotate an object in a drawing]]></title>
  <desc><![CDATA[]]></desc>
  <ModifiedDate>2008-05-29</ModifiedDate>
  <steps>
    <step num="1.">
      <text><![CDATA[<P>Click a line, shape, text box, or another object in your drawing you want to spin or rotate.</P>]]></text>
      <img_name>Images/48279_0.jpg</img_name>
    </step>
    <step num="2a.">
      <text><![CDATA[<P>There are several different ways to rotate an object. Click the <B>Format</B> tab. In the <B>Arrange</B> group, click the <B>Rotate</B> arrow. <B>&nbsp;</B></P>
<P><B>&nbsp;</B></P>]]></text>
      <img_name>Images/48279_1.jpg</img_name>
    </step>
    <step num="2b.">
      <text><![CDATA[<P>Pick<B> Rotate Left 90º </B>to spin the object one quarter of a turn to the left.</P>]]></text>
      <img_name>Images/48279_2.jpg</img_name>
    </step>
    <step num="2c.">
      <text><![CDATA[<P>Or, click the <B>Rotate </B>arrow in the <B>Format</B> tab and <B>Arrange</B> group.<B>&nbsp;</B></P>Pick <B>Rotate Right 90</B><B>º</B> to spin the object one quarter of a turn to the right.]]></text>
      <img_name>Images/48279_3.jpg</img_name>
    </step>
    <step num="2d.">
      <text><![CDATA[<P>Or, click the <B>Rotate </B>arrow in the <B>Format</B> tab and <B>Arrange</B> group.<B>&nbsp;</B></P>
<P>Pick <B>More Rotation Options</B> to spin the object more than one quarter of a turn. </P>
<P>&nbsp;</P>]]></text>
      <img_name>Images/48279_4.jpg</img_name>
    </step>
    <step num="2e.">
      <text><![CDATA[<P>In the Format Auto Shape dialog box, click the <B>Size</B> tab. In the <B>Rotation</B> box hold down the left mouse button on either the up arrow or down arrow to spin the object as much as you want.</P>
<P>&nbsp;</P>
<P>Click <B>OK</B>.</P>
<P><B>&nbsp;</B></P>]]></text>
      <img_name>Images/48279_5.jpg</img_name>
    </step>
    <step num="3.">
      <text><![CDATA[<P>You can also hold down the left mouse button on the green dot, and drag to spin the object as much as you want.</P>
<P>&nbsp;</P>]]></text>
      <img_name>Images/48279_6.jpg</img_name>
    </step>
  </steps>
</skill>