<?xml version="1.0" standalone="yes"?>
<skill id="48273">
  <title><![CDATA[7.15 To remove a fill colour inside a text box]]></title>
  <desc><![CDATA[]]></desc>
  <ModifiedDate>2008-05-29</ModifiedDate>
  <steps>
    <step num="1.">
      <text><![CDATA[Select a text box.]]></text>
      <img_name>Images/48273_0.jpg</img_name>
    </step>
    <step num="2a.">
      <text><![CDATA[<P>Click the <B>Format</B> tab. In the <B>Text Box Styles</B> group, click the <B>Shape Fill</B> arrow.</P>]]></text>
      <img_name>Images/48273_1.jpg</img_name>
    </step>
    <step num="2b.">
      <text><![CDATA[Then, pick <B>No Fill</B>.]]></text>
      <img_name>Images/48273_2.jpg</img_name>
    </step>
  </steps>
</skill>