<?xml version="1.0" standalone="yes"?>
<skill id="48288">
  <title><![CDATA[9.8 To make changes to an object’s shadow]]></title>
  <desc><![CDATA[]]></desc>
  <ModifiedDate>2008-05-29</ModifiedDate>
  <steps>
    <step num="1.">
      <text><![CDATA[Click to select an object with a shadow.]]></text>
      <img_name>Images/48288_0.jpg</img_name>
    </step>
    <step num="2a.">
      <text><![CDATA[<P>To change the shadow colour, click the <B>Shadow Effects</B> button in the <B>Format</B> tab and <B>Shadow Effects</B> group. </P>
<P>&nbsp;</P>Pick the <B>Shadow Color</B> tool. ]]></text>
      <img_name>Images/48288_1.jpg</img_name>
    </step>
    <step num="2b.">
      <text><![CDATA[Then, pick another colour.]]></text>
      <img_name>Images/48288_2.jpg</img_name>
    </step>
    <step num="3.">
      <text><![CDATA[You can also change the shadow directions by clicking the <B>Nudge Shadow</B> buttons in the <B>Format</B> tab and <B>Shadow Effects</B> group. With each click, the shadow will move one step in the direction of the nudge you have chosen.]]></text>
      <img_name>Images/48288_3.jpg</img_name>
    </step>
  </steps>
</skill>