<?xml version="1.0" standalone="yes"?>
<skill id="48285">
  <title><![CDATA[9.5 To change the WordArt shape]]></title>
  <desc><![CDATA[]]></desc>
  <ModifiedDate>2008-05-29</ModifiedDate>
  <steps>
    <step num="1.">
      <text><![CDATA[<P>Click the WordArt to select it.</P>]]></text>
      <img_name>Images/48285_0.jpg</img_name>
    </step>
    <step num="2.">
      <text><![CDATA[<P>Click the <B>Change Shape</B> arrow in the <B>Format</B> tab and <B>WordArt Styles</B> group. </P>
<P>&nbsp;</P>
<P>Pick a new WordArt shape.</P>]]></text>
      <img_name>Images/48285_1.jpg</img_name>
    </step>
    <step num="3.">
      <text><![CDATA[Notice that your WordArt changes to match the shape you picked.]]></text>
      <img_name>Images/48285_2.jpg</img_name>
    </step>
  </steps>
</skill>