<?xml version="1.0" standalone="yes"?>
<skill id="48286">
  <title><![CDATA[9.6 To put words inside a shape]]></title>
  <desc><![CDATA[]]></desc>
  <ModifiedDate>2008-05-29</ModifiedDate>
  <steps>
    <step num="1.">
      <text><![CDATA[<P>Right-click the shape.</P>
<P>&nbsp;</P>Pick <B>Add Text</B>.]]></text>
      <img_name>Images/48286_0.jpg</img_name>
    </step>
    <step num="2.">
      <text><![CDATA[<P>Type the words you want to put inside that shape.</P>]]></text>
      <img_name>Images/48286_1.jpg</img_name>
    </step>
  </steps>
</skill>