<?xml version="1.0" standalone="yes"?>
<skill id="48287">
  <title><![CDATA[9.7 To add a shadow to an object]]></title>
  <desc><![CDATA[]]></desc>
  <ModifiedDate>2008-05-29</ModifiedDate>
  <steps>
    <step num="1.">
      <text><![CDATA[Click an object to select it.]]></text>
      <img_name>Images/48287_0.jpg</img_name>
    </step>
    <step num="2.">
      <text><![CDATA[<P>Click the <B>Shadow Effects </B>arrow in the <B>Format</B> tab and <B>Shadow Effects</B> group. Pick a shadow style.</P>]]></text>
      <img_name>Images/48287_1.jpg</img_name>
    </step>
    <step num="3.">
      <text><![CDATA[Notice that your object will change to show the shadow style you picked.]]></text>
      <img_name>Images/48287_2.jpg</img_name>
    </step>
  </steps>
</skill>