<?xml version="1.0" standalone="yes"?>
<skill id="48282">
  <title><![CDATA[9.2 To change the words in your WordArt]]></title>
  <desc><![CDATA[]]></desc>
  <ModifiedDate>2008-05-29</ModifiedDate>
  <steps>
    <step num="1.">
      <text><![CDATA[Click the WordArt.]]></text>
      <img_name>Images/48282_0.jpg</img_name>
    </step>
    <step num="2.">
      <text><![CDATA[<P>Click the <B>Format</B> tab. In the <B>Text</B> group, click the <B>Edit Text</B> tool. </P>
<P>&nbsp;</P>Type your new words in the Text box in the Edit WordArt Text window.]]></text>
      <img_name>Images/48282_1.jpg</img_name>
    </step>
    <step num="3.">
      <text><![CDATA[If you want, pick a different font, fontSize, or style for the words.]]></text>
      <img_name>Images/48282_2.jpg</img_name>
    </step>
    <step num="4.">
      <text><![CDATA[Click <B>OK</B> when you are finished making changes.]]></text>
      <img_name>Images/48282_3.jpg</img_name>
    </step>
  </steps>
</skill>