<?xml version="1.0" standalone="yes"?>
<skill id="48280">
  <title><![CDATA[8.7 To change the order of objects placed on top of each other]]></title>
  <desc><![CDATA[]]></desc>
  <ModifiedDate>2008-05-29</ModifiedDate>
  <steps>
    <step num="1.">
      <text><![CDATA[Click an object that you want to put on top of or behind another object. ]]></text>
      <img_name>Images/48280_0.jpg</img_name>
    </step>
    <step num="2a.">
      <text><![CDATA[<P>There are several options for ordering objects. Click the <B>Format</B> tab. In the <B>Arrange</B> group, click the <B>Bring to Front</B> arrow. <B>&nbsp;</B>&nbsp;</P>
<P>&nbsp;</P>]]></text>
      <img_name>Images/48280_1.jpg</img_name>
    </step>
    <step num="2b.">
      <text><![CDATA[Pick <B>Bring to Front</B> to move the selected object on top of all the others.]]></text>
      <img_name>Images/48280_2.jpg</img_name>
    </step>
    <step num="2c.">
      <text><![CDATA[<P>Or, Click the <B>Format</B> tab. In the <B>Arrange</B> group, click the <B>Send to Back</B> arrow.<B> </B></P>
<P><B>&nbsp;</B></P>]]></text>
      <img_name>Images/48280_3.jpg</img_name>
    </step>
    <step num="2d.">
      <text><![CDATA[Pick <B>Send to Back</B> to move that object behind all the others.]]></text>
      <img_name>Images/48280_4.jpg</img_name>
    </step>
    <step num="2e.">
      <text><![CDATA[<P>Or, click the <B>Bring to Front</B> arrow in the <B>Arrange</B> group. </P>]]></text>
      <img_name>Images/48280_5.jpg</img_name>
    </step>
    <step num="2f.">
      <text><![CDATA[Pick <B>Bring Forward</B> to move the selected item forward one spot.]]></text>
      <img_name>Images/48280_6.jpg</img_name>
    </step>
    <step num="2g.">
      <text><![CDATA[<P>Or, click the <B>Send to Back</B> arrow in the <B>Arrange</B> group.</P>
<P><B>&nbsp;</B></P>]]></text>
      <img_name>Images/48280_7.jpg</img_name>
    </step>
    <step num="2h.">
      <text><![CDATA[Pick <B>Send Backward</B> to move the selected item backward one spot.]]></text>
      <img_name>Images/48280_8.jpg</img_name>
    </step>
  </steps>
</skill>