<?xml version="1.0" standalone="yes"?>
<skill id="48289">
  <title><![CDATA[9.9 To remove an object’s shadow]]></title>
  <desc><![CDATA[]]></desc>
  <ModifiedDate>2008-05-29</ModifiedDate>
  <steps>
    <step num="1.">
      <text><![CDATA[Click to select an object with a shadow.]]></text>
      <img_name>Images/48289_0.jpg</img_name>
    </step>
    <step num="2.">
      <text><![CDATA[<P>Click the <B>Shadow Effects</B> button in the <B>Format</B> tab and <B>Shadow Effects</B> group.</P>
<P>&nbsp;</P>
<P>Pick <B>No Shadow Effect</B>.</P>]]></text>
      <img_name>Images/48289_1.jpg</img_name>
    </step>
    <step num="3.">
      <text><![CDATA[Notice that the shadow is removed from your object.]]></text>
      <img_name>Images/48289_2.jpg</img_name>
    </step>
  </steps>
</skill>