<?xml version="1.0" standalone="yes"?>
<skill id="48283">
  <title><![CDATA[9.3 To pick a different WordArt look or style]]></title>
  <desc><![CDATA[]]></desc>
  <ModifiedDate>2008-05-29</ModifiedDate>
  <steps>
    <step num="1.">
      <text><![CDATA[Click the WordArt to select it. ]]></text>
      <img_name>Images/48283_0.jpg</img_name>
    </step>
    <step num="2.">
      <text><![CDATA[<P>Browse through the different WordArt options from the Gallery in the <B>Format</B> tab and <B>WordArt Styles</B> group. </P>
<P>&nbsp;</P>
<P>Click to choose the WordArt style to use.</P>]]></text>
      <img_name>Images/48283_1.jpg</img_name>
    </step>
  </steps>
</skill>