<?xml version="1.0" standalone="yes"?>
<skill id="48284">
  <title><![CDATA[9.4 To change the colours of your WordArt]]></title>
  <desc><![CDATA[]]></desc>
  <ModifiedDate>2008-05-29</ModifiedDate>
  <steps>
    <step num="1.">
      <text><![CDATA[<P>Click the WordArt to select it.</P>]]></text>
      <img_name>Images/48284_0.jpg</img_name>
    </step>
    <step num="2a.">
      <text><![CDATA[<P>Click the <B>Shape Outline</B> arrow in the <B>Format</B> tab and <B>WordArt Styles</B> group.</P>
<P>&nbsp;</P>
<P>Pick <B>Weight</B> and then, click <B>More Lines</B>.</P>]]></text>
      <img_name>Images/48284_1.jpg</img_name>
    </step>
    <step num="2b.">
      <text><![CDATA[Click the <B>Colors and Lines </B>tab in the Format WordArt dialog box.]]></text>
      <img_name>Images/48284_2.jpg</img_name>
    </step>
    <step num="3.">
      <text><![CDATA[<P>In the <B>Fill</B> group, click the <B>Color</B> arrow. </P>
<P>&nbsp;</P>Then, pick one of the colours.]]></text>
      <img_name>Images/48284_3.jpg</img_name>
    </step>
    <step num="4.">
      <text><![CDATA[<P>In the <B>Line</B> group, click the <B>Color</B> arrow. </P>
<P>&nbsp;</P>Then, pick another colour.]]></text>
      <img_name>Images/48284_4.jpg</img_name>
    </step>
    <step num="5a.">
      <text><![CDATA[<P>To change the look of the WordArt line or border, click the <B>Dashed</B> arrow.</P>
<P>&nbsp;</P>Pick a line or border style.]]></text>
      <img_name>Images/48284_5.jpg</img_name>
    </step>
    <step num="5b.">
      <text><![CDATA[To make the border thicker or thinner, click the arrows in the <B>Weight</B> box.]]></text>
      <img_name>Images/48284_6.jpg</img_name>
    </step>
    <step num="6.">
      <text><![CDATA[Click <B>OK</B> when you are finished making changes.]]></text>
      <img_name>Images/48284_7.jpg</img_name>
    </step>
  </steps>
</skill>