<?xml version="1.0" standalone="yes"?>
<skill id="48281">
  <title><![CDATA[9.1 To make art out of words, or WordArt]]></title>
  <desc><![CDATA[]]></desc>
  <ModifiedDate>2008-05-29</ModifiedDate>
  <steps>
    <step num="1.">
      <text><![CDATA[<P>Click the <B>Insert</B> tab. </P>
<P>&nbsp;</P>In the <B>Text</B> group, click the <B>WordArt</B> arrow.]]></text>
      <img_name>Images/48281_0.jpg</img_name>
    </step>
    <step num="2.">
      <text><![CDATA[Pick a WordArt style from the WordArt Gallery. ]]></text>
      <img_name>Images/48281_1.jpg</img_name>
    </step>
    <step num="3.">
      <text><![CDATA[In the Text box in the next window, type the words that you want to turn into WordArt.]]></text>
      <img_name>Images/48281_2.jpg</img_name>
    </step>
    <step num="4.">
      <text><![CDATA[<P>Change the letter design, or font, by clicking the <B>Font</B> arrow. Then, pick one of the font options.&nbsp;</P>
<P>(See Graphics Skill: <A href="gr 7.4">To pick the letter design, or font, of words in a drawing</A>.)<B>&nbsp;</B></P><B>NOTE</B>: You do not need to select the words to make this change.]]></text>
      <img_name>Images/48281_3.jpg</img_name>
    </step>
    <step num="5.">
      <text><![CDATA[<P>Make the words bigger or smaller by clicking the <B>Size</B> arrow. </P>
<P>&nbsp;</P>Then, pick a number, or font fontSize. (See Graphics Skill: <A href="GR 7.5">To make the words in your drawing bigger or smaller</A>.)]]></text>
      <img_name>Images/48281_4.jpg</img_name>
    </step>
    <step num="6.">
      <text><![CDATA[To change the way the words look, or their style, click the <B>Bold</B> button or the <B>Italic</B> button. (See Graphics Skill: <A href="GR 7.6">To change the style of words in a drawing</A>.)]]></text>
      <img_name>Images/48281_5.jpg</img_name>
    </step>
    <step num="7.">
      <text><![CDATA[Click <B>OK</B> when you are finished.]]></text>
      <img_name>Images/48281_6.jpg</img_name>
    </step>
  </steps>
</skill>