<?xml version="1.0" standalone="yes"?>
<skill id="48290">
  <title><![CDATA[9.10 To make something look 3-D]]></title>
  <desc><![CDATA[]]></desc>
  <ModifiedDate>2008-05-29</ModifiedDate>
  <steps>
    <step num="1.">
      <text><![CDATA[Click an object to select it.]]></text>
      <img_name>Images/48290_0.jpg</img_name>
    </step>
    <step num="2.">
      <text><![CDATA[<P>Click the <B>3-D Effects</B> arrow in the <B>Format</B> tab and <B>3-D Effects</B> group.</P>
<P>&nbsp;</P>Pick a 3-D style.]]></text>
      <img_name>Images/48290_1.jpg</img_name>
    </step>
    <step num="3.">
      <text><![CDATA[Notice that your object will change to show the 3-D style you picked.]]></text>
      <img_name>Images/48290_2.jpg</img_name>
    </step>
  </steps>
</skill>