<?xml version="1.0" standalone="yes"?>
<skill id="48291">
  <title><![CDATA[9.11 To make changes to a 3-D object]]></title>
  <desc><![CDATA[]]></desc>
  <ModifiedDate>2008-05-29</ModifiedDate>
  <steps>
    <step num="1.">
      <text><![CDATA[Click a 3-D object to select it.]]></text>
      <img_name>Images/48291_0.jpg</img_name>
    </step>
    <step num="2a.">
      <text><![CDATA[<P>If you want to change the 3-D Color, click the <B>3-D Effects</B> arrow in the <B>Format</B> tab and <B>3-D Effects</B> group.&nbsp;</P>Pick <b>3-D Color</b>.]]></text>
      <img_name>Images/48291_1.jpg</img_name>
    </step>
    <step num="2b.">
      <text><![CDATA[Then, pick another colour.]]></text>
      <img_name>Images/48291_2.jpg</img_name>
    </step>
    <step num="3a.">
      <text><![CDATA[<P>To change how far back the 3-D part of the object goes, click the <B>3-D Effects</B> arrow in the <B>Format</B> tab and <B>3-D Effects</B> group. </P>Pick <B>Depth</B>. ]]></text>
      <img_name>Images/48291_3.jpg</img_name>
    </step>
    <step num="3b.">
      <text><![CDATA[Then, pick the depth option you want.]]></text>
      <img_name>Images/48291_4.jpg</img_name>
    </step>
    <step num="4a.">
      <text><![CDATA[<P>To change the direction of your 3-D object, click the <B>3-D Effects</B> arrow in the <B>Format</B> tab and <B>3-D Effects</B> group. </P>Pick <B>Direction</B>. ]]></text>
      <img_name>Images/48291_5.jpg</img_name>
    </step>
    <step num="4b.">
      <text><![CDATA[Then, pick the direction you want.]]></text>
      <img_name>Images/48291_6.jpg</img_name>
    </step>
    <step num="5.">
      <text><![CDATA[To change the way light shines on the 3-D object, click the <B>3-D Effects</B> arrow in the <B>Format</B> tab and <B>3-D Effects </B>group. Pick <B>Lighting</B>.&nbsp; Then, pick the lighting direction you want.]]></text>
      <img_name>Images/48291_7.jpg</img_name>
    </step>
    <step num="6a.">
      <text><![CDATA[<P>You can also set how strong the light shines on your object by picking the <B>Lighting</B> tool again and picking one of the options.&nbsp;</P>One option is to pick the <B>Lighting</B> tool and pick <b>Bright</b>.]]></text>
      <img_name>Images/48291_8.jpg</img_name>
    </step>
    <step num="6b.">
      <text><![CDATA[Or, you can pick the <B>Lighting</B> tool and pick <B>Normal</B>.]]></text>
      <img_name>Images/48291_9.jpg</img_name>
    </step>
    <step num="6c.">
      <text><![CDATA[Or, you can pick the <B>Lighting</B> tool and pick <B>Dim</B>.]]></text>
      <img_name>Images/48291_10.jpg</img_name>
    </step>
    <step num="7.">
      <text><![CDATA[You can also spin and rotate your 3-D object by clicking the <B>Tilt</B> buttons in the <B>Format</B> tab and <B>3-D Effects</B> group.]]></text>
      <img_name>Images/48291_11.jpg</img_name>
    </step>
  </steps>
</skill>