<?xml version="1.0" standalone="yes"?>
<skill id="48304">
  <title><![CDATA[1.3 To use the Standard (Quick Access) Toolbar ]]></title>
  <desc><![CDATA[]]></desc>
  <ModifiedDate>2008-05-29</ModifiedDate>
  <steps>
    <step num="1.">
      <text><![CDATA[<P>Go to the <B>Quick Access Toolbar</B> to click shortcut buttons for many Office Button commands, such as saving, opening, and printing.</P>
<P>&nbsp;</P><B>NOTE:</B> Click the down arrow to choose which buttons you want to show on the toolbar.]]></text>
      <img_name>Images/48304_0.jpg</img_name>
    </step>
  </steps>
</skill>