<?xml version="1.0" standalone="yes"?>
<skill id="48306">
  <title><![CDATA[1.5 To use the Drawing (Shapes) tools]]></title>
  <desc><![CDATA[]]></desc>
  <ModifiedDate>2008-05-29</ModifiedDate>
  <steps>
    <step num="1.">
      <text><![CDATA[<P>Click the <B>Home </B>tab.<B> </B>Go to the <B>Drawing </B>group<B> </B>to pick tools to draw shapes and change the way they look.</P>
<P><B>NOTE:</B> The Drawing<B> </B>group is usually located on the Home tab.</P>]]></text>
      <img_name>Images/48306_0.jpg</img_name>
    </step>
    <step num="2.">
      <text><![CDATA[Click the <B>Shapes</B> tool to draw various types of lines, basic shapes, block arrows, stars, and other shapes and symbols. ]]></text>
      <img_name>Images/48306_1.jpg</img_name>
    </step>
    <step num="3.">
      <text><![CDATA[Click the <B>Line </B>tool to draw a straight line. ]]></text>
      <img_name>Images/48306_2.jpg</img_name>
    </step>
    <step num="4.">
      <text><![CDATA[Click the <B>Arrow</B> tool to draw an arrow.]]></text>
      <img_name>Images/48306_3.jpg</img_name>
    </step>
    <step num="5.">
      <text><![CDATA[Click the <B>Rectangle</B> tool to draw a rectangle or square.]]></text>
      <img_name>Images/48306_4.jpg</img_name>
    </step>
    <step num="6.">
      <text><![CDATA[Click the <B>Oval</B> tool to draw an oval or circle.]]></text>
      <img_name>Images/48306_5.jpg</img_name>
    </step>
    <step num="7.">
      <text><![CDATA[Click the <B>Text Box</B> tool to make a box so you can add words to a drawing.]]></text>
      <img_name>Images/48306_6.jpg</img_name>
    </step>
    <step num="8.">
      <text><![CDATA[Click the <B>Shape</B> <B>Fill</B> arrow to change the fill colour inside a shape.&nbsp; ]]></text>
      <img_name>Images/48306_7.jpg</img_name>
    </step>
    <step num="9.">
      <text><![CDATA[Click the <B>Shape Outline</B> arrow to change the colour of a line or shape’s border.]]></text>
      <img_name>Images/48306_8.jpg</img_name>
    </step>
    <step num="10.">
      <text><![CDATA[Click the <B>Shape Outline</B> arrow and then click the <B>Weight</B> arrow to make a line or shape’s border thicker or thinner.]]></text>
      <img_name>Images/48306_9.jpg</img_name>
    </step>
    <step num="11.">
      <text><![CDATA[Click the <B>Shape Outline</B> arrow and then click the <B>Dashes </B>arrow to change the look or style of a line or shape’s border.]]></text>
      <img_name>Images/48306_10.jpg</img_name>
    </step>
    <step num="12.">
      <text><![CDATA[Click the <B>Shape Outline</B> arrow and the click the <B>Arrows </B>arrow to change the style of an arrow.]]></text>
      <img_name>Images/48306_11.jpg</img_name>
    </step>
  </steps>
</skill>