<?xml version="1.0" standalone="yes"?>
<skill id="48309">
  <title><![CDATA[1.8 To use the Research Task Pane]]></title>
  <desc><![CDATA[]]></desc>
  <ModifiedDate>2008-05-29</ModifiedDate>
  <steps>
    <step num="1.">
      <text><![CDATA[Click once on a word that you want to research. ]]></text>
      <img_name>Images/48309_0.jpg</img_name>
    </step>
    <step num="2.">
      <text><![CDATA[Click the <B>Review</B> tab. In the <B>Proofing</B> group, click <B>Research</B> to open the Research task pane.]]></text>
      <img_name>Images/48309_1.jpg</img_name>
    </step>
    <step num="3.">
      <text><![CDATA[Press the <B>Enter</B> key or click the green arrow to start your search.]]></text>
      <img_name>Images/48309_2.jpg</img_name>
    </step>
    <step num="4.">
      <text><![CDATA[The default setting is to search all reference book sources available. To search only one source, click the <B>All Reference Books</B> arrow and select a specific research tool.]]></text>
      <img_name>Images/48309_3.jpg</img_name>
    </step>
    <step num="5.">
      <text><![CDATA[To modify which research sources will be available, click <B>Research options</B> at the bottom of the task pane. ]]></text>
      <img_name>Images/48309_4.jpg</img_name>
    </step>
  </steps>
</skill>