<?xml version="1.0" standalone="yes"?>
<skill id="48312">
  <title><![CDATA[2.3 To switch to and work in Slides format]]></title>
  <desc><![CDATA[]]></desc>
  <ModifiedDate>2008-05-29</ModifiedDate>
  <steps>
    <step num="1.">
      <text><![CDATA[<P>Click the <B>View</B> tab. In the <B>Presentation Views</B> group click <B>Normal</B> or click the <B>Normal View</B> button.</P>
<P>&nbsp;</P><B>NOTE:</B> The Normal View button is usually located at the bottom right of the application screen.]]></text>
      <img_name>Images/48312_0.jpg</img_name>
    </step>
    <step num="2.">
      <text><![CDATA[Click the <B>Slides</B> tab.]]></text>
      <img_name>Images/48312_1.jpg</img_name>
    </step>
    <step num="3.">
      <text><![CDATA[Notice that the Slides pane appears next to the slide.]]></text>
      <img_name>Images/48312_2.jpg</img_name>
    </step>
    <step num="4a.">
      <text><![CDATA[In Slides format, you can drag a slide in the slide finder to change the order of the slides.]]></text>
      <img_name>Images/48312_3.jpg</img_name>
    </step>
    <step num="4b.">
      <text><![CDATA[You can also type and change words. (See Multimedia Group: Adding Words.)]]></text>
      <img_name>Images/48312_4.jpg</img_name>
    </step>
    <step num="4c.">
      <text><![CDATA[You can also add and change pictures. (See Multimedia Group: Adding Pictures and Artistic Effects.)]]></text>
      <img_name>Images/48312_5.jpg</img_name>
    </step>
    <step num="4d.">
      <text><![CDATA[You can also add and change animation and special effects. (See Multimedia Skills Group: Adding Animation and Special Effects.)]]></text>
      <img_name>Images/48312_6.jpg</img_name>
    </step>
    <step num="4e.">
      <text><![CDATA[You can also add and change sounds. (See Multimedia Skills Group: Adding Sound, Movies, and Links.)]]></text>
      <img_name>Images/48312_7.jpg</img_name>
    </step>
  </steps>
</skill>