<?xml version="1.0" standalone="yes"?>
<skill id="48315">
  <title><![CDATA[2.2 To switch to and work in Outline format]]></title>
  <desc><![CDATA[]]></desc>
  <ModifiedDate>2008-05-29</ModifiedDate>
  <steps>
    <step num="1.">
      <text><![CDATA[<P>Click the <b>View</b> tab. In the <b>Presentation Views</b> group click <b>Normal</b> or click the <b>Normal View</b> button.</P>
<P><b>NOTE:</b> The Normal View button is usually located at the bottom right of the application screen.</P>]]></text>
      <img_name>Images/48315_0.jpg</img_name>
    </step>
    <step num="2.">
      <text><![CDATA[<P>Click the <B>Outline</B> tab.</P>]]></text>
      <img_name>Images/48315_1.jpg</img_name>
    </step>
    <step num="3.">
      <text><![CDATA[Notice that the Outline pane appears next to the slide.]]></text>
      <img_name>Images/48315_2.jpg</img_name>
    </step>
    <step num="4a.">
      <text><![CDATA[In Outline format, you can change the words in the Outline pane.]]></text>
      <img_name>Images/48315_3.jpg</img_name>
    </step>
    <step num="4b.">
      <text><![CDATA[You can also change the order of your slides by dragging the small slide pictures in the Outline pane.]]></text>
      <img_name>Images/48315_4.jpg</img_name>
    </step>
    <step num="4c.">
      <text><![CDATA[You can also type and change words on the slide. (See Multimedia Group: Adding Words.)]]></text>
      <img_name>Images/48315_5.jpg</img_name>
    </step>
    <step num="4d.">
      <text><![CDATA[You can also add and change pictures on the slide. (See Multimedia Group: Adding Pictures and Artistic Effects.)]]></text>
      <img_name>Images/48315_6.jpg</img_name>
    </step>
    <step num="4e.">
      <text><![CDATA[You can also add and change animation and special effects on the slide. (See Multimedia Skills Group: Adding Animation and Special Effects.)]]></text>
      <img_name>Images/48315_7.jpg</img_name>
    </step>
    <step num="4f.">
      <text><![CDATA[You can also add and change sounds on the slide. (See Multimedia Skills Group: Adding Sounds, Movies, and Links.)]]></text>
      <img_name>Images/48315_8.jpg</img_name>
    </step>
  </steps>
</skill>