<?xml version="1.0" standalone="yes"?>
<skill id="48316">
  <title><![CDATA[3.1 To add or insert a new slide]]></title>
  <desc><![CDATA[]]></desc>
  <ModifiedDate>2008-05-29</ModifiedDate>
  <steps>
    <step num="1.">
      <text><![CDATA[View a presentation where you want to insert a new slide.]]></text>
      <img_name>Images/48316_0.jpg</img_name>
    </step>
    <step num="2.">
      <text><![CDATA[Click the <B>Home</B> tab. In the <B>Slides</B> group click the <B>New Slide </B>arrow.]]></text>
      <img_name>Images/48316_1.jpg</img_name>
    </step>
    <step num="3.">
      <text><![CDATA[Pick the theme you want from the <B>Office Theme </B>pane.]]></text>
      <img_name>Images/48316_2.jpg</img_name>
    </step>
    <step num="4.">
      <text><![CDATA[<p><span lang="EN-US" style="font-fontSize:
10.0pt;font-family:Verdana;mso-bidi-font-family:Verdana;color:#211E1E">Notice
that the new slide is added after the slide you were just looking at.</p>]]></text>
      <img_name>Images/48316_3.jpg</img_name>
    </step>
  </steps>
</skill>