<?xml version="1.0" standalone="yes"?>
<skill id="48311">
  <title><![CDATA[2.1 To switch to and work in Normal view]]></title>
  <desc><![CDATA[]]></desc>
  <ModifiedDate>2008-05-29</ModifiedDate>
  <steps>
    <step num="1.">
      <text><![CDATA[<P>Click the <b>View</b> tab. In the <b>Presentation Views</b> group click <b>Normal</b> or click the <b>Normal View</b> button.</P>
<P><BR><b>NOTE:</b> The Normal View button is usually located at the bottom right of the application screen.</P>]]></text>
      <img_name>Images/48311_0.jpg</img_name>
    </step>
    <step num="2a.">
      <text><![CDATA[In Normal view, you can make changes to the words and reorder the slides in Outline format. (See Multimedia Skill: <A href="MM 2.2">To switch to and work in Outline format</A>.)]]></text>
      <img_name>Images/48311_1.jpg</img_name>
    </step>
    <step num="2b.">
      <text><![CDATA[You can also add and change words, pictures, animation, and sounds in Slides format. (See Multimedia Skill: <A href="MM 2.3">To switch to and work in Slides format</A>.)]]></text>
      <img_name>Images/48311_2.jpg</img_name>
    </step>
    <step num="2c.">
      <text><![CDATA[You can also type notes in the Notes pane.]]></text>
      <img_name>Images/48311_3.jpg</img_name>
    </step>
  </steps>
</skill>