<?xml version="1.0" standalone="yes"?>
<skill id="48317">
  <title><![CDATA[3.2 To copy or duplicate a slide]]></title>
  <desc><![CDATA[]]></desc>
  <ModifiedDate>2008-05-29</ModifiedDate>
  <steps>
    <step num="1.">
      <text><![CDATA[Click the <B>Next Slide</B> or <B>Previous Slide</B> arrows to move to a slide you want to copy or duplicate.]]></text>
      <img_name>Images/48317_0.jpg</img_name>
    </step>
    <step num="2.">
      <text><![CDATA[View the slide you want to copy or duplicate.]]></text>
      <img_name>Images/48317_1.jpg</img_name>
    </step>
    <step num="3.">
      <text><![CDATA[<P>Click the <B>Home</B> tab. In the <B>Slides</B> group, click the <B>New Slide </B>arrow. </P>
<P>Then, pick <B>Duplicate Selected Slides</B>.</P>]]></text>
      <img_name>Images/48317_2.jpg</img_name>
    </step>
    <step num="4.">
      <text><![CDATA[Notice that the duplicate slide is added after the original one.]]></text>
      <img_name>Images/48317_3.jpg</img_name>
    </step>
  </steps>
</skill>