<?xml version="1.0" standalone="yes"?>
<skill id="48313">
  <title><![CDATA[2.4 To switch to and work in Slide Sorter view]]></title>
  <desc><![CDATA[]]></desc>
  <ModifiedDate>2008-05-29</ModifiedDate>
  <steps>
    <step num="1.">
      <text><![CDATA[<P>Click the <B>View</B> tab. In the <B>Presentation Views</B> group click <B>Slide Sorter</B> or click the <B>Slide Sorter View</B> button.</P><B>NOTE:</B> The Slide Sorter View button is usually located at the bottom right of the application screen.]]></text>
      <img_name>Images/48313_0.jpg</img_name>
    </step>
    <step num="2.">
      <text><![CDATA[Notice that the Slide Sorter appears in the main tab on the screen.]]></text>
      <img_name>Images/48313_1.jpg</img_name>
    </step>
    <step num="3.">
      <text><![CDATA[<P>In Slide Sorter view, you can drag slides to change their order. (See Multimedia Skill: <A href="mm 3.4">To put slides in order</A>.)&nbsp;</P>]]></text>
      <img_name>Images/48313_2.jpg</img_name>
    </step>
    <step num="4.">
      <text><![CDATA[Notice that when you release the mouse button, the Slide Sorter view shows the new slide order.]]></text>
      <img_name>Images/48313_3.jpg</img_name>
    </step>
  </steps>
</skill>