<?xml version="1.0" standalone="yes"?>
<skill id="48310">
  <title><![CDATA[1.9 To save a presentation]]></title>
  <desc><![CDATA[]]></desc>
  <ModifiedDate>2008-05-29</ModifiedDate>
  <steps>
    <step num="1.">
      <text><![CDATA[<P>Click the <B>Office Button. </B>Then click<B> Save.</B></P>]]></text>
      <img_name>Images/48310_0.jpg</img_name>
    </step>
    <step num="2.">
      <text><![CDATA[Browse<B> Folders </B>and then find the place where you are supposed to save your work.]]></text>
      <img_name>Images/48310_1.jpg</img_name>
    </step>
    <step num="3.">
      <text><![CDATA[Type a name for your presentation in the <B>File name</B> box.]]></text>
      <img_name>Images/48310_2.jpg</img_name>
    </step>
    <step num="4a.">
      <text><![CDATA[To save the file as a presentation, click the <B>Save as type</B> arrow and pick <B>PowerPoint Presentation</B>.]]></text>
      <img_name>Images/48310_3.jpg</img_name>
    </step>
    <step num="4b.">
      <text><![CDATA[<P>Or, to save as a PowerPoint Show that allows you or others to open and view it as a finished and polished slide show, click the <B>Save as type</B> arrow and pick <B>PowerPoint Show.</B></P>
<P><B>NOTE: </B>To save as a Web page, see Multimedia Skill: <A href="mm 1.10">To save a presentation as a Web page</A>. </P>]]></text>
      <img_name>Images/48310_4.jpg</img_name>
    </step>
    <step num="5.">
      <text><![CDATA[<P>Click <B>Save</B>.</P>
<P>&nbsp;</P><B>NOTE:</B> After you have saved the file once, you do not need to use the File | Save<B> </B>each time you want to save the file again. You can simply click the <B>Save</B> button on the Quick Access Toolbar, or hold down the <B>Control </B>key and press the<B> S</B> key to save the file.]]></text>
      <img_name>Images/48310_5.jpg</img_name>
    </step>
  </steps>
</skill>