<?xml version="1.0" standalone="yes"?>
<skill id="48318">
  <title><![CDATA[3.3 To remove or delete a slide]]></title>
  <desc><![CDATA[]]></desc>
  <ModifiedDate>2008-05-29</ModifiedDate>
  <steps>
    <step num="1.">
      <text><![CDATA[Click the <B>Next Slide</B> or <B>Previous Slide</B> arrows to move to a slide you want to remove or delete.]]></text>
      <img_name>Images/48318_0.jpg</img_name>
    </step>
    <step num="2.">
      <text><![CDATA[View the slide you want to remove or delete.]]></text>
      <img_name>Images/48318_1.jpg</img_name>
    </step>
    <step num="3a.">
      <text><![CDATA[<P>Click the <B>Home</B> tab. In the <B>Slides</B> group, click the <B>Delete </B>button.</P>]]></text>
      <img_name>Images/48318_2.jpg</img_name>
    </step>
    <step num="3b.">
      <text><![CDATA[<P>Or, right-click the slide in the Slides pane.</P>Then, pick <B>Delete Slide</B>.]]></text>
      <img_name>Images/48318_3.jpg</img_name>
    </step>
    <step num="4.">
      <text><![CDATA[Notice that the deleted slide has been removed from the presentation.]]></text>
      <img_name>Images/48318_4.jpg</img_name>
    </step>
  </steps>
</skill>