<?xml version="1.0" standalone="yes"?>
<skill id="48319">
  <title><![CDATA[3.4 To put slides in order]]></title>
  <desc><![CDATA[]]></desc>
  <ModifiedDate>2008-05-29</ModifiedDate>
  <steps>
    <step num="1.">
      <text><![CDATA[<P>Click the <b>View</b> tab. In the <b>Presentation Views</b> group, click <b>Slide Sorter</b> or click the <b>Slide Sorter View</b> button.</P>
<P><b>NOTE:</b> The Slide Sorter View button is usually located at the bottom right of the application screen.</P>]]></text>
      <img_name>Images/48319_0.jpg</img_name>
    </step>
    <step num="2.">
      <text><![CDATA[<p><span lang="EN-US" style="font-fontSize:10.0pt;font-family:Verdana;
mso-bidi-font-family:Verdana;color:#211E1E">Click the slide you want to move.</p>]]></text>
      <img_name>Images/48319_1.jpg</img_name>
    </step>
    <step num="3.">
      <text><![CDATA[Hold down the left mouse button, and drag the slide to put it in the order you want.]]></text>
      <img_name>Images/48319_2.jpg</img_name>
    </step>
    <step num="4a.">
      <text><![CDATA[Or, change the order of slides by dragging a slide in the Outline pane in Normal view.]]></text>
      <img_name>Images/48319_3.jpg</img_name>
    </step>
    <step num="4b.">
      <text><![CDATA[Or, drag a slide in the Slides pane in Normal view.]]></text>
      <img_name>Images/48319_4.jpg</img_name>
    </step>
  </steps>
</skill>