<?xml version="1.0" standalone="yes"?>
<skill id="48321">
  <title><![CDATA[4.2 To pick and use a colour scheme]]></title>
  <desc><![CDATA[]]></desc>
  <ModifiedDate>2008-05-29</ModifiedDate>
  <steps>
    <step num="1.">
      <text><![CDATA[Open a presentation whose text and background colours you want to change.]]></text>
      <img_name>Images/48321_0.jpg</img_name>
    </step>
    <step num="2.">
      <text><![CDATA[Click the <B>Design </B>tab. In the <B>Themes</B> group, pick a design theme.]]></text>
      <img_name>Images/48321_1.jpg</img_name>
    </step>
    <step num="3.">
      <text><![CDATA[<P>Click the <B>Colors </B>button<B> </B>in the Themes group.</P>]]></text>
      <img_name>Images/48321_2.jpg</img_name>
    </step>
    <step num="4a.">
      <text><![CDATA[Right-click on a colour scheme option. Pick <B>Apply to All Slides</B> to use the colour scheme on all slides in the presentation.]]></text>
      <img_name>Images/48321_3.jpg</img_name>
    </step>
    <step num="4b.">
      <text><![CDATA[Or, click <B>Apply to Selected Slides</B> to use the colour scheme on the current slide only.]]></text>
      <img_name>Images/48321_4.jpg</img_name>
    </step>
    <step num="5a.">
      <text><![CDATA[If you clicked <B>Apply to All Slides</B>, notice that the colour scheme now shows on all the slides.]]></text>
      <img_name>Images/48321_5.jpg</img_name>
    </step>
    <step num="5b.">
      <text><![CDATA[If you clicked <B>Apply to Selected Slides</B>, notice that the colour scheme now shows on one slide.]]></text>
      <img_name>Images/48321_6.jpg</img_name>
    </step>
  </steps>
</skill>