<?xml version="1.0" standalone="yes"?>
<skill id="48327">
  <title><![CDATA[6.2 To add a picture saved on your computer]]></title>
  <desc><![CDATA[]]></desc>
  <ModifiedDate>2008-05-29</ModifiedDate>
  <steps>
    <step num="1a.">
      <text><![CDATA[Look at your slide in Outline format. (See Multimedia Skill: <A href="MM 2.2">To switch to and work in Outline format</A>.)]]></text>
      <img_name>Images/48327_0.jpg</img_name>
    </step>
    <step num="1b.">
      <text><![CDATA[Or, look at your slide in Slides format. (See Multimedia Skill: <A href="MM 2.3">To switch to and work in Slides format</A>.)]]></text>
      <img_name>Images/48327_1.jpg</img_name>
    </step>
    <step num="2a.">
      <text><![CDATA[<P>Click the <B>Insert</B> tab. In the <B>Illustrations</B> group, click <B>Picture</B>. &nbsp;(See Word Processing Skill: <A href="WP 5.2">To add a picture you have already made and saved on your computer</A>.)</P>]]></text>
      <img_name>Images/48327_2.jpg</img_name>
    </step>
    <step num="2b.">
      <text><![CDATA[<P>If you have added a slide format with a general content box, just click the <B>Insert Picture from File </B>button.</P>]]></text>
      <img_name>Images/48327_3.jpg</img_name>
    </step>
    <step num="3.">
      <text><![CDATA[<P>Browse <B>Folders</B> and go to the folder where the picture is saved.</P>]]></text>
      <img_name>Images/48327_4.jpg</img_name>
    </step>
    <step num="4.">
      <text><![CDATA[Pick the picture file, and click <B>Insert</B>.]]></text>
      <img_name>Images/48327_5.jpg</img_name>
    </step>
    <step num="5.">
      <text><![CDATA[RefontSize the picture if needed.]]></text>
      <img_name>Images/48327_6.jpg</img_name>
    </step>
    <step num="6.">
      <text><![CDATA[Move the picture if needed.]]></text>
      <img_name>Images/48327_7.jpg</img_name>
    </step>
  </steps>
</skill>