<?xml version="1.0" standalone="yes"?>
<skill id="48324">
  <title><![CDATA[4.5 To make and use your own presentation style, or template]]></title>
  <desc><![CDATA[]]></desc>
  <ModifiedDate>2008-05-29</ModifiedDate>
  <steps>
    <step num="1.">
      <text><![CDATA[Open a finished presentation that you would like to use again in the future.]]></text>
      <img_name>Images/48324_0.jpg</img_name>
    </step>
    <step num="2.">
      <text><![CDATA[Click <B>Office Button. </B>Then click <B>Save As</B>.]]></text>
      <img_name>Images/48324_1.jpg</img_name>
    </step>
    <step num="3.">
      <text><![CDATA[In the <B>File name</B> box, type a name for your new template file.]]></text>
      <img_name>Images/48324_2.jpg</img_name>
    </step>
    <step num="4.">
      <text><![CDATA[Then click the<B> Save as type</B> arrow and pick<B> PowerPoint Template</B>.]]></text>
      <img_name>Images/48324_3.jpg</img_name>
    </step>
    <step num="5.">
      <text><![CDATA[The <B>Folders</B> menu in the <B>Save As </B>box should automatically show <B>Templates</B> as the place to save your new template.]]></text>
      <img_name>Images/48324_4.jpg</img_name>
    </step>
    <step num="6.">
      <text><![CDATA[Click <B>Save</B>.]]></text>
      <img_name>Images/48324_5.jpg</img_name>
    </step>
    <step num="7.">
      <text><![CDATA[To use your new template, click the <B>Office Button. </B>Then, click<B> New.</B>]]></text>
      <img_name>Images/48324_6.jpg</img_name>
    </step>
    <step num="8.">
      <text><![CDATA[Pick <B>New from existing…</B> from the <B>New Presentation</B> task pane.]]></text>
      <img_name>Images/48324_7.jpg</img_name>
    </step>
    <step num="9.">
      <text><![CDATA[Then, choose your template from the location.]]></text>
      <img_name>Images/48324_8.jpg</img_name>
    </step>
    <step num="10.">
      <text><![CDATA[Click <B>Create New</B>.]]></text>
      <img_name>Images/48324_9.jpg</img_name>
    </step>
  </steps>
</skill>