<?xml version="1.0" standalone="yes"?>
<skill id="48325">
  <title><![CDATA[4.6 To find and save a presentation template from the Web]]></title>
  <desc><![CDATA[]]></desc>
  <ModifiedDate>2008-05-29</ModifiedDate>
  <steps>
    <step num="1.">
      <text><![CDATA[<P>Click the <b>Office Button</b>. Then, click <b>New</b>.</P>
<P><b>NOTE:</b> You must be connected to the Internet to complete this skill.</P>]]></text>
      <img_name>Images/48325_0.jpg</img_name>
    </step>
    <step num="2.">
      <text><![CDATA[Pick <B>Featured</B> in the New Presentation dialog box.]]></text>
      <img_name>Images/48325_1.jpg</img_name>
    </step>
    <step num="3.">
      <text><![CDATA[Click the <B>Templates</B> link.]]></text>
      <img_name>Images/48325_2.jpg</img_name>
    </step>
    <step num="4.">
      <text><![CDATA[In the Templates box, type a word that describes the template you need. Then, click <B>Search</B>.]]></text>
      <img_name>Images/48325_3.jpg</img_name>
    </step>
    <step num="5.">
      <text><![CDATA[<P>Browse the available templates. If needed, use the scroll bar to view all of the templates on the page.</P>
<P>&nbsp;</P>Pick the template that you want.]]></text>
      <img_name>Images/48325_4.jpg</img_name>
    </step>
    <step num="6.">
      <text><![CDATA[Click <B>Download</B>.]]></text>
      <img_name>Images/48325_5.jpg</img_name>
    </step>
    <step num="7.">
      <text><![CDATA[The template will now open in Microsoft PowerPoint. Make any changes to the template that you want.]]></text>
      <img_name>Images/48325_6.jpg</img_name>
    </step>
    <step num="8.">
      <text><![CDATA[<P>To get help using this template, click the <B>Microsoft Office PowerPoint Help </B>icon<B> </B>in the Ribbon.</P>]]></text>
      <img_name>Images/48325_7.jpg</img_name>
    </step>
    <step num="9.">
      <text><![CDATA[<P>To save this template so you can use it again later, click the <B>Office Button. </B>Then, click <B>Save.</B></P>]]></text>
      <img_name>Images/48325_8.jpg</img_name>
    </step>
    <step num="10.">
      <text><![CDATA[In the <B>Save as type</B> box, pick <B>PowerPoint Template (</B>*<B>.potx)</B>.]]></text>
      <img_name>Images/48325_9.jpg</img_name>
    </step>
    <step num="11.">
      <text><![CDATA[<P>The template will automatically be saved in the Microsoft Office Templates folder, unless you select another location. To choose another location, browse <B>Folders</B> and find a location on your computer to save the template.</P>]]></text>
      <img_name>Images/48325_10.jpg</img_name>
    </step>
    <step num="12.">
      <text><![CDATA[Click <B>Save</B>.]]></text>
      <img_name>Images/48325_11.jpg</img_name>
    </step>
  </steps>
</skill>