<?xml version="1.0" standalone="yes"?>
<skill id="48320">
  <title><![CDATA[4.1 To pick and use a design template]]></title>
  <desc><![CDATA[]]></desc>
  <ModifiedDate>2008-05-29</ModifiedDate>
  <steps>
    <step num="1.">
      <text><![CDATA[Open a presentation you want to apply a design template to.]]></text>
      <img_name>Images/48320_0.jpg</img_name>
    </step>
    <step num="2.">
      <text><![CDATA[Click the <B>Design </B>tab. In the <B>Themes</B> group, pick a design theme.]]></text>
      <img_name>Images/48320_1.jpg</img_name>
    </step>
    <step num="3a.">
      <text><![CDATA[Right-click on a design theme. Pick <B>Apply to All Slides</B> to use the design theme on all slides in the presentation.]]></text>
      <img_name>Images/48320_2.jpg</img_name>
    </step>
    <step num="3b.">
      <text><![CDATA[Or, click <B>Apply to Selected Slides</B> to use the design theme on the current slide only.]]></text>
      <img_name>Images/48320_3.jpg</img_name>
    </step>
    <step num="4a.">
      <text><![CDATA[If you clicked <B>Apply to All Slides</B>, notice that all the slides are now formatted like the design theme.]]></text>
      <img_name>Images/48320_4.jpg</img_name>
    </step>
    <step num="4b.">
      <text><![CDATA[If you clicked <B>Apply to Selected Slides</B>, notice that one slide is now formatted like the design theme.]]></text>
      <img_name>Images/48320_5.jpg</img_name>
    </step>
  </steps>
</skill>