<?xml version="1.0" standalone="yes"?>
<skill id="48323">
  <title><![CDATA[4.4 To change a slide’s current layout]]></title>
  <desc><![CDATA[]]></desc>
  <ModifiedDate>2008-05-29</ModifiedDate>
  <steps>
    <step num="1.">
      <text><![CDATA[View a slide that has a layout you want to change.]]></text>
      <img_name>Images/48323_0.jpg</img_name>
    </step>
    <step num="2.">
      <text><![CDATA[Click the <B>Home</B> tab. In the <B>Slides</B> group, click <B>Layout</B>.]]></text>
      <img_name>Images/48323_1.jpg</img_name>
    </step>
    <step num="3.">
      <text><![CDATA[<P>Pick a different <B>Office Theme</B>.</P>]]></text>
      <img_name>Images/48323_2.jpg</img_name>
    </step>
    <step num="4.">
      <text><![CDATA[Notice that the layout of the slide has changed.]]></text>
      <img_name>Images/48323_3.jpg</img_name>
    </step>
  </steps>
</skill>