<?xml version="1.0" standalone="yes"?>
<skill id="48328">
  <title><![CDATA[6.3 To add borders to pictures, text boxes, and other objects]]></title>
  <desc><![CDATA[]]></desc>
  <ModifiedDate>2008-05-29</ModifiedDate>
  <steps>
    <step num="1a.">
      <text><![CDATA[Look at your slide in Outline format. (See Multimedia Skill: <A href="MM 2.2">To switch to and work in Outline format</A>.)]]></text>
      <img_name>Images/48328_0.jpg</img_name>
    </step>
    <step num="1b.">
      <text><![CDATA[Or, look at your slide in Slides format. (See Multimedia Skill: <A href="MM 2.3">To switch to and work in Slides format</A>.)]]></text>
      <img_name>Images/48328_1.jpg</img_name>
    </step>
    <step num="2.">
      <text><![CDATA[<P>Click an object, such as a title box or a picture.</P>]]></text>
      <img_name>Images/48328_2.jpg</img_name>
    </step>
    <step num="3a.">
      <text><![CDATA[<P>If you have selected a title box, click the <B>Format</B> tab. In the <B>Shape Styles</B> group, click the <B>Shape Outline</B> arrow. Pick <B>Weight</B> and then pick a line width.</P>]]></text>
      <img_name>Images/48328_3.jpg</img_name>
    </step>
    <step num="3b.">
      <text><![CDATA[<P>If you have selected a picture, click the <B>Format</B> tab. In the <B>Picture Styles</B> group, click the <B>Picture Border</B> arrow. Pick <B>Weight</B> and then pick a line width.</P>]]></text>
      <img_name>Images/48328_4.jpg</img_name>
    </step>
    <step num="4.">
      <text><![CDATA[Review the changes on the slide and change the line width if needed.]]></text>
      <img_name>Images/48328_5.jpg</img_name>
    </step>
    <step num="5a.">
      <text><![CDATA[<P>To change the look of the line or border of a title box, click the <B>Shape Outline</B> arrow on the <B>Shape Styles</B> group. &nbsp;Then, pick a colour. </P>
<P>&nbsp;</P>Or, click <B>More Outline Colors</B> to pick another colour. (For help, see Graphics Skill: <A href="GR 6.9">To get more line, border, or fill colors to pick from</A>.)]]></text>
      <img_name>Images/48328_6.jpg</img_name>
    </step>
    <step num="5b.">
      <text><![CDATA[<P>To change the look of the line or border of a picture, click the <B>Picture Border</B> arrow on the <B>Picture Styles</B> group.&nbsp; Then, pick a colour. </P>
<P>&nbsp;</P>Or, click <B>More Outline Colors</B> to pick another colour. (For help, see Graphics Skill: <A href="GR 6.9">To get more line, border, or fill colors to pick from</A>.)]]></text>
      <img_name>Images/48328_7.jpg</img_name>
    </step>
    <step num="6.">
      <text><![CDATA[Review the changes on the slide and change the line colour again if needed.]]></text>
      <img_name>Images/48328_8.jpg</img_name>
    </step>
    <step num="7a.">
      <text><![CDATA[<P>To change the style of the line or border of a title box, click the <B>Shape Outline</B> arrow on the <B>Shape Styles</B> group. Pick <B>Dashes</B> and then pick one of the dash styles.</P>]]></text>
      <img_name>Images/48328_9.jpg</img_name>
    </step>
    <step num="7b.">
      <text><![CDATA[<P>To change the style of the line or border of a picture, click the <B>Picture Border</B> arrow on the <B>Picture Styles</B> group. Pick <B>Dashes</B> and then pick one of the dash styles.</P>]]></text>
      <img_name>Images/48328_10.jpg</img_name>
    </step>
    <step num="8.">
      <text><![CDATA[Review the changes on the slide and change the line style again if needed.]]></text>
      <img_name>Images/48328_11.jpg</img_name>
    </step>
  </steps>
</skill>