<?xml version="1.0" standalone="yes"?>
<skill id="48326">
  <title><![CDATA[6.1 To add premade computer pictures, or clip art, to a slide]]></title>
  <desc><![CDATA[]]></desc>
  <ModifiedDate>2008-05-29</ModifiedDate>
  <steps>
    <step num="1a.">
      <text><![CDATA[Look at your slide in Outline format. (See Multimedia Skill: <A href="MM 2.2">To switch to and work in Outline format</A>.)]]></text>
      <img_name>Images/48326_0.jpg</img_name>
    </step>
    <step num="1b.">
      <text><![CDATA[Or, look at your slide in Slides format. (See Multimedia Skill: <A href="MM 2.3">To switch to and work in Slides format</A>.)]]></text>
      <img_name>Images/48326_1.jpg</img_name>
    </step>
    <step num="2a.">
      <text><![CDATA[Click the <B>Insert</B> tab. In the <B>Illustrations</B> group, click <B>ClipArt</B>. (See Word Processing Skill: <A href="WP 5.1">To add premade computer pictures, or clip art</A>.)]]></text>
      <img_name>Images/48326_2.jpg</img_name>
    </step>
    <step num="2b.">
      <text><![CDATA[<P>Or, if you have added a slide layout with a general content box, just click the <B>Clip Art</B> button.</P>]]></text>
      <img_name>Images/48326_3.jpg</img_name>
    </step>
    <step num="3.">
      <text><![CDATA[In the <B>Search for</B> box, type a word that describes the picture you want. Then, click <B>Go</B>.]]></text>
      <img_name>Images/48326_4.jpg</img_name>
    </step>
    <step num="4.">
      <text><![CDATA[Click the arrow on a clip art picture in the Clip Art task pane. Then, pick <B>Insert</B>.]]></text>
      <img_name>Images/48326_5.jpg</img_name>
    </step>
    <step num="5a.">
      <text><![CDATA[RefontSize the picture as needed.]]></text>
      <img_name>Images/48326_6.jpg</img_name>
    </step>
    <step num="5b.">
      <text><![CDATA[Move the picture as needed.]]></text>
      <img_name>Images/48326_7.jpg</img_name>
    </step>
  </steps>
</skill>