<?xml version="1.0" standalone="yes"?>
<skill id="48329">
  <title><![CDATA[6.4 To fill shapes and text boxes with colour and fill effects]]></title>
  <desc><![CDATA[]]></desc>
  <ModifiedDate>2008-05-29</ModifiedDate>
  <steps>
    <step num="1a.">
      <text><![CDATA[Look at your slide in Outline format. (See Multimedia Skill: <A href="MM 2.2">To switch to and work in Outline format</A>.)]]></text>
      <img_name>Images/48329_0.jpg</img_name>
    </step>
    <step num="1b.">
      <text><![CDATA[Or, look at your slide in Slides format. (See Multimedia Skill: <A href="MM 2.3">To switch to and work in Slides format</A>.)]]></text>
      <img_name>Images/48329_1.jpg</img_name>
    </step>
    <step num="2.">
      <text><![CDATA[<P>Click an object, such as a title box.</P>]]></text>
      <img_name>Images/48329_2.jpg</img_name>
    </step>
    <step num="3a.">
      <text><![CDATA[<P>Click the <B>Format</B> tab. In the <B>Shape Styles</B> group, click the <B>Shape</B> <B>Fill </B>arrow and pick one of the colours.</P>]]></text>
      <img_name>Images/48329_3.jpg</img_name>
    </step>
    <step num="3b.">
      <text><![CDATA[<P>Or, click <B>More Fill Colors</B>, and pick another colour.</P>
<P>&nbsp;</P>
<P>(See Graphics Skills: <A href="GR 6.11">To fill a shape with a colourful pattern</A>,&nbsp;<A href="GR 6.12">To fill a shape with an interesting texture effect</A>,&nbsp;or <A href="GR 6.13">To fill a shape with colours that blend together, or a gradient</A>.)</P>
<P>&nbsp;</P>
<P>Or, click the <B>Shape</B> <B>Fill </B>arrow. Pick<B> Gradient </B>or <B>Texture </B>to add a gradient or texture effect. </P>
<P>&nbsp;</P>(See Graphics Skills: <A href="GR 6.11">To fill a shape with a colourful pattern</A>,&nbsp;<A href="GR 6.12">To fill a shape with an interesting texture effect</A>,&nbsp;or <A href="GR 6.13">To fill a shape with colours that blend together, or a gradient</A>.)]]></text>
      <img_name>Images/48329_4.jpg</img_name>
    </step>
    <step num="4.">
      <text><![CDATA[Review the changes on the slide and change fill colours and effects if necessary.]]></text>
      <img_name>Images/48329_5.jpg</img_name>
    </step>
  </steps>
</skill>