<?xml version="1.0" standalone="yes"?>
<skill id="48322">
  <title><![CDATA[4.3 To change a slide’s background colour]]></title>
  <desc><![CDATA[]]></desc>
  <ModifiedDate>2008-05-29</ModifiedDate>
  <steps>
    <step num="1.">
      <text><![CDATA[View a slide with a background that you want to change.]]></text>
      <img_name>Images/48322_0.jpg</img_name>
    </step>
    <step num="2.">
      <text><![CDATA[<P>Click the <b>Design</b> tab. In the <b>Background</b> group, click the <b>Background Styles</b> arrow. </P>
<P>Then pick <b>Format Background</b>.</P>]]></text>
      <img_name>Images/48322_1.jpg</img_name>
    </step>
    <step num="3a.">
      <text><![CDATA[<P>Select <b>Solid Fill</b> in the <b>Fill</b> box. Click the arrow in the <b>Color</b> button. </P>
<P>Pick one of the fill colours you see. </P>
<P>Or, click <b>More Colors</b> to pick another colour.</P>]]></text>
      <img_name>Images/48322_2.jpg</img_name>
    </step>
    <step num="3b.">
      <text><![CDATA[<P>Or, select <B>Gradient fill </B>or select<B> Picture or texture fill </B>to add a pattern, texture, gradient, or picture.</P>]]></text>
      <img_name>Images/48322_3.jpg</img_name>
    </step>
    <step num="4.">
      <text><![CDATA[<P>Click <B>Apply to All </B>to add the background colour to all slides in the presentation.</P>
<P>&nbsp;</P>Click <B>Close</B>.]]></text>
      <img_name>Images/48322_4.jpg</img_name>
    </step>
    <step num="5.">
      <text><![CDATA[Notice that the background colour change shows on all the slides.]]></text>
      <img_name>Images/48322_5.jpg</img_name>
    </step>
  </steps>
</skill>