<?xml version="1.0" standalone="yes"?>
<skill id="48337">
  <title><![CDATA[5.4 To copy and paste a text box for use on a different slide]]></title>
  <desc><![CDATA[]]></desc>
  <ModifiedDate>2008-05-29</ModifiedDate>
  <steps>
    <step num="1a.">
      <text><![CDATA[Look at your slide in Outline format. (See Multimedia Skill: <A href="MM 2.2">To switch to and work in Outline format</A>.)]]></text>
      <img_name>Images/48337_0.jpg</img_name>
    </step>
    <step num="1b.">
      <text><![CDATA[Or, look at your slide in Slides format. (See Multimedia Skill: <A href="MM 2.3">To switch to and work in Slides format</A>.)]]></text>
      <img_name>Images/48337_1.jpg</img_name>
    </step>
    <step num="2.">
      <text><![CDATA[<P>Click the text box you want to copy.</P>]]></text>
      <img_name>Images/48337_2.jpg</img_name>
    </step>
    <step num="3.">
      <text><![CDATA[Then, click the edge of the text box.]]></text>
      <img_name>Images/48337_3.jpg</img_name>
    </step>
    <step num="4.">
      <text><![CDATA[<P>Click the <B>Home </B>tab.<B> </B>In the <B>Clipboard</B> group, click the <B>Copy </B>button<B>.</B></P>]]></text>
      <img_name>Images/48337_4.jpg</img_name>
    </step>
    <step num="5.">
      <text><![CDATA[Click the <B>Next Slide</B> or <B>Previous Slide</B> arrows to move to another slide.]]></text>
      <img_name>Images/48337_5.jpg</img_name>
    </step>
    <step num="6.">
      <text><![CDATA[View the slide you want to paste the text box into.]]></text>
      <img_name>Images/48337_6.jpg</img_name>
    </step>
    <step num="7.">
      <text><![CDATA[<P>Click the <B>Home </B>tab.<B> </B>In the <B>Clipboard</B> group, click the <B>Paste </B>button<B>.</B></P>]]></text>
      <img_name>Images/48337_7.jpg</img_name>
    </step>
    <step num="8.">
      <text><![CDATA[Move the pasted text box as needed.]]></text>
      <img_name>Images/48337_8.jpg</img_name>
    </step>
    <step num="9.">
      <text><![CDATA[Type your new words, or change your current words if needed.]]></text>
      <img_name>Images/48337_9.jpg</img_name>
    </step>
  </steps>
</skill>