<?xml version="1.0" standalone="yes"?>
<skill id="48332">
  <title><![CDATA[6.7 To use the Slide Master to add the same picture on all slides]]></title>
  <desc><![CDATA[]]></desc>
  <ModifiedDate>2008-05-29</ModifiedDate>
  <steps>
    <step num="1.">
      <text><![CDATA[Click the <B>View</B> tab. In the <B>Presentation Views</B> group, click <B>Slide Master</B>.]]></text>
      <img_name>Images/48332_0.jpg</img_name>
    </step>
    <step num="2a.">
      <text><![CDATA[<P>To add a picture to every slide in your presentation, select the first slide in the Slide Master view pane. Click the <B>Insert</B> tab. In the <B>Illustrations</B> group, click <B>ClipArt</B> to add a clip art picture. (See Multimedia Skill: <A href="MM 6.1">To add premade computer pictures, or clip art, to a slide</A>.)</P>
<P>&nbsp;</P><B>NOTE:</B> The Slide Master view pane is located on the left of the application screen.]]></text>
      <img_name>Images/48332_1.jpg</img_name>
    </step>
    <step num="2b.">
      <text><![CDATA[Or, click the <B>Insert</B> tab. In the <B>Illustrations</B> group, click <B>Picture</B> to add a picture that is saved on your computer. (See Multimedia Skill: <A href="MM 6.2">To add a picture saved on your computer</A>.)]]></text>
      <img_name>Images/48332_2.jpg</img_name>
    </step>
    <step num="3.">
      <text><![CDATA[RefontSize and move the picture as needed.]]></text>
      <img_name>Images/48332_3.jpg</img_name>
    </step>
    <step num="4.">
      <text><![CDATA[<P>Click the <B>View</B> tab. In the <B>Presentation Views</B> group, click <B>Slide Sorter </B>or click the <B>Slide Sorter </B>View button.</P>]]></text>
      <img_name>Images/48332_4.jpg</img_name>
    </step>
    <step num="5.">
      <text><![CDATA[Notice that the picture is now in the same place on all slides in your presentation.]]></text>
      <img_name>Images/48332_5.jpg</img_name>
    </step>
  </steps>
</skill>