<?xml version="1.0" standalone="yes"?>
<skill id="48338">
  <title><![CDATA[5.5 To remove or delete a text box]]></title>
  <desc><![CDATA[]]></desc>
  <ModifiedDate>2008-05-29</ModifiedDate>
  <steps>
    <step num="1a.">
      <text><![CDATA[Look at your slide in Outline format. (See Multimedia Skill: <A href="MM 2.2">To switch to and work in Outline format</A>.)]]></text>
      <img_name>Images/48338_0.jpg</img_name>
    </step>
    <step num="1b.">
      <text><![CDATA[Or, look at your slide in Slides format. (See Multimedia Skill: <A href="MM 2.3">To switch to and work in Slides format</A>.)]]></text>
      <img_name>Images/48338_1.jpg</img_name>
    </step>
    <step num="2.">
      <text><![CDATA[Click the text box you want to remove or delete.]]></text>
      <img_name>Images/48338_2.jpg</img_name>
    </step>
    <step num="3.">
      <text><![CDATA[Then, click the edge of the text box.]]></text>
      <img_name>Images/48338_3.jpg</img_name>
    </step>
    <step num="4.">
      <text><![CDATA[Press the <B>Delete</B> key on the keyboard.]]></text>
      <img_name>Images/48338_4.jpg</img_name>
    </step>
  </steps>
</skill>