<?xml version="1.0" standalone="yes"?>
<skill id="48339">
  <title><![CDATA[5.6 To change the design or font of words in a slide]]></title>
  <desc><![CDATA[]]></desc>
  <ModifiedDate>2008-05-29</ModifiedDate>
  <steps>
    <step num="1a.">
      <text><![CDATA[Look at your slide in Outline format. (See Multimedia Skill: <A href="MM 2.2">To switch to and work in Outline format</A>.)]]></text>
      <img_name>Images/48339_0.jpg</img_name>
    </step>
    <step num="1b.">
      <text><![CDATA[Or, look at your slide in Slides format. (See Multimedia Skill: <A href="MM 2.3">To switch to and work in Slides format</A>.)]]></text>
      <img_name>Images/48339_1.jpg</img_name>
    </step>
    <step num="2.">
      <text><![CDATA[<P>Highlight the words you want to change.</P>]]></text>
      <img_name>Images/48339_2.jpg</img_name>
    </step>
    <step num="3.">
      <text><![CDATA[<P>Click the <B>Home </B>tab. In the <B>Font</B> group, click the <B>Font </B>arrow. Then, pick one of the options.</P>]]></text>
      <img_name>Images/48339_3.jpg</img_name>
    </step>
  </steps>
</skill>