<?xml version="1.0" standalone="yes"?>
<skill id="48334">
  <title><![CDATA[5.1 To type a slide title in the Outline Pane]]></title>
  <desc><![CDATA[]]></desc>
  <ModifiedDate>2008-05-29</ModifiedDate>
  <steps>
    <step num="1.">
      <text><![CDATA[Look at your slide in Outline format. (See Multimedia Skill: <A href="MM 2.2">To switch to and work in Outline format</A>.)]]></text>
      <img_name>Images/48334_0.jpg</img_name>
    </step>
    <step num="2.">
      <text><![CDATA[<P>In the Outline Pane, click in the space to the right of a small slide picture.</P>]]></text>
      <img_name>Images/48334_1.jpg</img_name>
    </step>
    <step num="3.">
      <text><![CDATA[Type the slide title.]]></text>
      <img_name>Images/48334_2.jpg</img_name>
    </step>
    <step num="4.">
      <text><![CDATA[Notice that this title can now be seen in the slide.]]></text>
      <img_name>Images/48334_3.jpg</img_name>
    </step>
  </steps>
</skill>