<?xml version="1.0" standalone="yes"?>
<skill id="48336">
  <title><![CDATA[5.3 To make a copy of, or duplicate, a text box for use on the same slide]]></title>
  <desc><![CDATA[]]></desc>
  <ModifiedDate>2008-05-29</ModifiedDate>
  <steps>
    <step num="1a.">
      <text><![CDATA[Look at your slide in Outline format. (See Multimedia Skill: <A href="MM 2.2">To switch to and work in Outline format</A>.)]]></text>
      <img_name>Images/48336_0.jpg</img_name>
    </step>
    <step num="1b.">
      <text><![CDATA[Or, look at your slide in Slides format. (See Multimedia Skill: <A href="MM 2.3">To switch to and work in Slides format</A>.)]]></text>
      <img_name>Images/48336_1.jpg</img_name>
    </step>
    <step num="2.">
      <text><![CDATA[Click the text box you want to copy.]]></text>
      <img_name>Images/48336_2.jpg</img_name>
    </step>
    <step num="3.">
      <text><![CDATA[Then, click the edge of the text box.]]></text>
      <img_name>Images/48336_3.jpg</img_name>
    </step>
    <step num="4.">
      <text><![CDATA[<P>Click the <B>Home </B>tab.<B> </B>In the <B>Clipboard</B> group, click the <B>Paste </B>arrow.<B> </B>Then, pick <B>Duplicate</B>.</P>]]></text>
      <img_name>Images/48336_4.jpg</img_name>
    </step>
    <step num="5.">
      <text><![CDATA[Drag to move the duplicate text box as needed.]]></text>
      <img_name>Images/48336_5.jpg</img_name>
    </step>
    <step num="6.">
      <text><![CDATA[Make the box bigger or smaller as needed.]]></text>
      <img_name>Images/48336_6.jpg</img_name>
    </step>
    <step num="7.">
      <text><![CDATA[Type your new words.]]></text>
      <img_name>Images/48336_7.jpg</img_name>
    </step>
  </steps>
</skill>