<?xml version="1.0" standalone="yes"?>
<skill id="48330">
  <title><![CDATA[6.5 To add a shadow effect]]></title>
  <desc><![CDATA[]]></desc>
  <ModifiedDate>2008-05-29</ModifiedDate>
  <steps>
    <step num="1a.">
      <text><![CDATA[Look at your slide in Outline format. (See Multimedia Skill: <A href="MM 2.2">To switch to and work in Outline format</A>.)]]></text>
      <img_name>Images/48330_0.jpg</img_name>
    </step>
    <step num="1b.">
      <text><![CDATA[Or, look at your slide in Slides format. (See Multimedia Skill: <A href="MM 2.3">To switch to and work in Slides format</A>.)]]></text>
      <img_name>Images/48330_1.jpg</img_name>
    </step>
    <step num="2.">
      <text><![CDATA[<P>Click an object, such as a picture.</P>]]></text>
      <img_name>Images/48330_2.jpg</img_name>
    </step>
    <step num="3.">
      <text><![CDATA[<P>Click the <B>Format</B> tab. In the <B>Picture Styles</B> group, click the <B>Picture Effects</B> arrow.</P>
<P>&nbsp;</P>Pick <B>Shadow</B> and then pick a shadow style.]]></text>
      <img_name>Images/48330_3.jpg</img_name>
    </step>
    <step num="4.">
      <text><![CDATA[The object now has a shadow effect.]]></text>
      <img_name>Images/48330_4.jpg</img_name>
    </step>
  </steps>
</skill>