<?xml version="1.0" standalone="yes"?>
<skill id="48335">
  <title><![CDATA[5.2 To type titles and other words in a slide]]></title>
  <desc><![CDATA[]]></desc>
  <ModifiedDate>2008-05-29</ModifiedDate>
  <steps>
    <step num="1a.">
      <text><![CDATA[Look at your slide in Outline format. (See Multimedia Skill: <A href="MM 2.2">To switch to and work in Outline format</A>.)]]></text>
      <img_name>Images/48335_0.jpg</img_name>
    </step>
    <step num="1b.">
      <text><![CDATA[Or, look at your slide in Slides format. (See Multimedia Skill: <A href="MM 2.3">To switch to and work in Slides format</A>.)]]></text>
      <img_name>Images/48335_1.jpg</img_name>
    </step>
    <step num="2.">
      <text><![CDATA[<P>In the slide, click the boxes that you want to type words into.</P>]]></text>
      <img_name>Images/48335_2.jpg</img_name>
    </step>
    <step num="3.">
      <text><![CDATA[Type your words.]]></text>
      <img_name>Images/48335_3.jpg</img_name>
    </step>
    <step num="4a.">
      <text><![CDATA[Notice that the new information can now be seen in the Outline Pane.]]></text>
      <img_name>Images/48335_4.jpg</img_name>
    </step>
    <step num="4b.">
      <text><![CDATA[Or, notice that the new information can now be seen in the Slides Pane.]]></text>
      <img_name>Images/48335_5.jpg</img_name>
    </step>
  </steps>
</skill>