<?xml version="1.0" standalone="yes"?>
<skill id="48341">
  <title><![CDATA[5.8 To change the style of words in a slide]]></title>
  <desc><![CDATA[]]></desc>
  <ModifiedDate>2008-05-29</ModifiedDate>
  <steps>
    <step num="1a.">
      <text><![CDATA[Look at your slide in Outline format. (See Multimedia Skill: <A href="MM 2.2">To switch to and work in Outline format</A>.)]]></text>
      <img_name>Images/48341_0.jpg</img_name>
    </step>
    <step num="1b.">
      <text><![CDATA[Or, look at your slide in Slides format. (See Multimedia Skill: <A href="MM 2.3">To switch to and work in Slides format</A>.)]]></text>
      <img_name>Images/48341_1.jpg</img_name>
    </step>
    <step num="2.">
      <text><![CDATA[<P>Select the words you want to change.</P>]]></text>
      <img_name>Images/48341_2.jpg</img_name>
    </step>
    <step num="3a.">
      <text><![CDATA[<P>To change the style, click the <B>Bold</B> button in the <B>Home</B> tab and <B>Font</B> group.</P>]]></text>
      <img_name>Images/48341_3.jpg</img_name>
    </step>
    <step num="3b.">
      <text><![CDATA[Or, click the <B>Italic</B> button in the <B>Home</B> tab and <B>Font</B> group.]]></text>
      <img_name>Images/48341_4.jpg</img_name>
    </step>
    <step num="3c.">
      <text><![CDATA[Or, click the <B>Underline</B> button in the <B>Home</B> tab and <B>Font</B> group.]]></text>
      <img_name>Images/48341_5.jpg</img_name>
    </step>
  </steps>
</skill>