<?xml version="1.0" standalone="yes"?>
<skill id="48343">
  <title><![CDATA[5.10 To add or insert a table into a slide]]></title>
  <desc><![CDATA[]]></desc>
  <ModifiedDate>2008-05-29</ModifiedDate>
  <steps>
    <step num="1a.">
      <text><![CDATA[Look at your slide in Outline format. (See Multimedia Skill: <A href="MM 2.2">To switch to and work in Outline format</A>.)]]></text>
      <img_name>Images/48343_0.jpg</img_name>
    </step>
    <step num="1b.">
      <text><![CDATA[Or, look at your slide in Slides format. (See Multimedia Skill: <A href="MM 2.3">To switch to and work in Slides format</A>.)]]></text>
      <img_name>Images/48343_1.jpg</img_name>
    </step>
    <step num="2.">
      <text><![CDATA[<P>Click the <B>Insert </B>tab.<B> </B>In the <B>Tables</B> group, click the <B>Table</B> arrow. Then, pick <b>Insert Table</b>.</P>]]></text>
      <img_name>Images/48343_2.jpg</img_name>
    </step>
    <step num="3.">
      <text><![CDATA[<P>Type the number of columns you want. Then, type the number of rows, and click <B>OK</B>.</P>]]></text>
      <img_name>Images/48343_3.jpg</img_name>
    </step>
    <step num="4.">
      <text><![CDATA[Drag the handles on the outer edges to make the table bigger or smaller, as needed.]]></text>
      <img_name>Images/48343_4.jpg</img_name>
    </step>
    <step num="5.">
      <text><![CDATA[You can also drag the table to move it.]]></text>
      <img_name>Images/48343_5.jpg</img_name>
    </step>
    <step num="6.">
      <text><![CDATA[Type your information in the table.]]></text>
      <img_name>Images/48343_6.jpg</img_name>
    </step>
  </steps>
</skill>