<?xml version="1.0" standalone="yes"?>
<skill id="48342">
  <title><![CDATA[5.9 To change the colour of words in a slide]]></title>
  <desc><![CDATA[]]></desc>
  <ModifiedDate>2008-05-29</ModifiedDate>
  <steps>
    <step num="1a.">
      <text><![CDATA[Look at your slide in Outline format. (See Multimedia Skill: <A href="MM 2.2">To switch to and work in Outline format</A>.)]]></text>
      <img_name>Images/48342_0.jpg</img_name>
    </step>
    <step num="1b.">
      <text><![CDATA[Or, look at your slide in Slides format. (See Multimedia Skill: <A href="MM 2.3">To switch to and work in Slides format</A>.)]]></text>
      <img_name>Images/48342_1.jpg</img_name>
    </step>
    <step num="2.">
      <text><![CDATA[<p><span lang="EN-US" style="font-fontSize:10.0pt;font-family:Verdana;
mso-bidi-font-family:Verdana;color:#211E1E">Select the words you want to
change.</p>]]></text>
      <img_name>Images/48342_2.jpg</img_name>
    </step>
    <step num="3.">
      <text><![CDATA[<P>Click the <B>Font Color </B>arrow in the <B>Home</B> tab and <B>Font</B> group.</P>
<P>Then, pick one of the colours.</P>
<P>Or, click <B>More Colors</B> to pick another colour.</P>]]></text>
      <img_name>Images/48342_3.jpg</img_name>
    </step>
  </steps>
</skill>