<?xml version="1.0" standalone="yes"?>
<skill id="48348">
  <title><![CDATA[5.15 To add notes to slides for the presentation speaker to use]]></title>
  <desc><![CDATA[]]></desc>
  <ModifiedDate>2008-05-29</ModifiedDate>
  <steps>
    <step num="1a.">
      <text><![CDATA[Look at your slide in Outline format. (See Multimedia Skill: <A href="MM 2.2">To switch to and work in Outline format</A>.)]]></text>
      <img_name>Images/48348_0.jpg</img_name>
    </step>
    <step num="1b.">
      <text><![CDATA[Or, look at your slide in Slides format. (See Multimedia Skill: <A href="MM 2.3">To switch to and work in Slides format</A>.)]]></text>
      <img_name>Images/48348_1.jpg</img_name>
    </step>
    <step num="2.">
      <text><![CDATA[Click the words <B>Click to add notes</B> in the Notes pane below the Slide pane. Begin typing notes that will help remind you of things you plan to say when delivering the presentation.]]></text>
      <img_name>Images/48348_2.jpg</img_name>
    </step>
    <step num="3.">
      <text><![CDATA[Drag the bar at the top of the Notes pane upward to give yourself more room to type your notes.]]></text>
      <img_name>Images/48348_3.jpg</img_name>
    </step>
  </steps>
</skill>