<?xml version="1.0" standalone="yes"?>
<skill id="48344">
  <title><![CDATA[5.11 To make changes to a table in a slide]]></title>
  <desc><![CDATA[]]></desc>
  <ModifiedDate>2008-05-29</ModifiedDate>
  <steps>
    <step num="1.">
      <text><![CDATA[Select the cells, rows, or columns that you want to change the look of. You can also select the entire table if you want.]]></text>
      <img_name>Images/48344_0.jpg</img_name>
    </step>
    <step num="2.">
      <text><![CDATA[<P>Click the <B>Design </B>tab under <B>Table Tools</B>.<B> </B>In the <B>Draw Borders</B> group, click the <B>Pen Style</B> arrow.</P>
<P>Pick a line style. Click on the selected area to apply the change. </P>
<P>&nbsp;</P>
<P>&nbsp;</P>]]></text>
      <img_name>Images/48344_1.jpg</img_name>
    </step>
    <step num="3.">
      <text><![CDATA[<P>Click the <B>Design </B>tab under <B>Table Tools</B>.<B> </B>In the <B>Draw Borders</B> group, click the <B>Pen Weight</B> arrow.</P>
<P>Pick a line width. Click on the selected area to apply the change.</P>
<P>&nbsp;</P>]]></text>
      <img_name>Images/48344_2.jpg</img_name>
    </step>
    <step num="4.">
      <text><![CDATA[<P>Click the <B>Design </B>tab under <B>Table Tools</B>.<B> </B>In the <B>Draw Borders</B> group, click the <B>Pen Color</B> arrow.</P>
<P>Pick a line colour. Click on the selected area to apply the change.</P>]]></text>
      <img_name>Images/48344_3.jpg</img_name>
    </step>
    <step num="5.">
      <text><![CDATA[<P>In the <B>Design </B>tab (under <B>Table Tools</B>) and <B>Table Styles</B> group, click the <B>Borders</B> arrow. </P>
<P>Pick a border style to apply the formatting changes.</P>]]></text>
      <img_name>Images/48344_4.jpg</img_name>
    </step>
    <step num="6.">
      <text><![CDATA[To add a fill colour, or shading, select a group of cells.]]></text>
      <img_name>Images/48344_5.jpg</img_name>
    </step>
    <step num="7.">
      <text><![CDATA[<P>Click the <B>Design </B>tab under <B>Table Tools</B>.<B> </B>In the <B>Draw Borders</B> group, click the <B>Shading </B>arrow.</P>
<P>Pick a colour.</P>]]></text>
      <img_name>Images/48344_6.jpg</img_name>
    </step>
    <step num="8.">
      <text><![CDATA[The look of the words can also be changed. First, select the words whose look you want to change.]]></text>
      <img_name>Images/48344_7.jpg</img_name>
    </step>
    <step num="9.">
      <text><![CDATA[Then, pick a different font name. (See Word Processing Group: Changing the Look of Your Words.)]]></text>
      <img_name>Images/48344_8.jpg</img_name>
    </step>
    <step num="10.">
      <text><![CDATA[Then, pick a different font fontSize and style. (See Word Processing Group: Changing the Look of Your Words.)]]></text>
      <img_name>Images/48344_9.jpg</img_name>
    </step>
    <step num="11.">
      <text><![CDATA[Notice that the words in the table now show your changes.]]></text>
      <img_name>Images/48344_10.jpg</img_name>
    </step>
  </steps>
</skill>