<?xml version="1.0" standalone="yes"?>
<skill id="48345">
  <title><![CDATA[5.12 To add or insert a chart into a slide]]></title>
  <desc><![CDATA[]]></desc>
  <ModifiedDate>2008-05-29</ModifiedDate>
  <steps>
    <step num="1a.">
      <text><![CDATA[Look at your slide in Outline format. (See Multimedia Skill: <A href="MM 2.2">To switch to and work in Outline format</A>.)]]></text>
      <img_name>Images/48345_0.jpg</img_name>
    </step>
    <step num="1b.">
      <text><![CDATA[Or, look at your slide in Slides format. (See Multimedia Skill: <A href="MM 2.3">To switch to and work in Slides format</A>.)]]></text>
      <img_name>Images/48345_1.jpg</img_name>
    </step>
    <step num="2a.">
      <text><![CDATA[<P>Click the <B>Insert </B>tab.<B> </B>In the <B>Illustrations</B> group, click the <B>Chart</B> button.</P>]]></text>
      <img_name>Images/48345_2.jpg</img_name>
    </step>
    <step num="2b.">
      <text><![CDATA[<P>Pick a chart type from the Insert Chart box.</P>
<P>&nbsp;</P>Click <B>OK</B>.]]></text>
      <img_name>Images/48345_3.jpg</img_name>
    </step>
    <step num="2c.">
      <text><![CDATA[<P>Or, if you have added a slide layout with a content box, just click the chart icon.</P>]]></text>
      <img_name>Images/48345_4.jpg</img_name>
    </step>
    <step num="3.">
      <text><![CDATA[In the Datasheet, replace the existing chart information by typing the information you want for your own chart.]]></text>
      <img_name>Images/48345_5.jpg</img_name>
    </step>
    <step num="4.">
      <text><![CDATA[Select any cells you are not using.]]></text>
      <img_name>Images/48345_6.jpg</img_name>
    </step>
    <step num="5.">
      <text><![CDATA[Press the <B>Delete</B> key to delete the information in the selected cells.]]></text>
      <img_name>Images/48345_7.jpg</img_name>
    </step>
    <step num="6.">
      <text><![CDATA[Close the Datasheet, and the chart will appear in your slide.]]></text>
      <img_name>Images/48345_8.jpg</img_name>
    </step>
  </steps>
</skill>