<?xml version="1.0" standalone="yes"?>
<skill id="48340">
  <title><![CDATA[5.7 To make the words in a slide bigger or smaller]]></title>
  <desc><![CDATA[]]></desc>
  <ModifiedDate>2008-05-29</ModifiedDate>
  <steps>
    <step num="1a.">
      <text><![CDATA[Look at your slide in Outline format. (See Multimedia Skill: <A href="MM 2.2">To switch to and work in Outline format</A>.)]]></text>
      <img_name>Images/48340_0.jpg</img_name>
    </step>
    <step num="1b.">
      <text><![CDATA[Or, look at your slide in Slides format. (See Multimedia Skill: <A href="MM 2.3">To switch to and work in Slides format</A>.)]]></text>
      <img_name>Images/48340_1.jpg</img_name>
    </step>
    <step num="2.">
      <text><![CDATA[<P>Select the words you want to change.</P>]]></text>
      <img_name>Images/48340_2.jpg</img_name>
    </step>
    <step num="3a.">
      <text><![CDATA[<P>Click the <B>Home</B> tab. &nbsp;In the <B>Font </B>group, click the <B>Increase Font Size</B> button to make the words bigger.&nbsp;</P>]]></text>
      <img_name>Images/48340_3.jpg</img_name>
    </step>
    <step num="3b.">
      <text><![CDATA[<P>Click the <B>Home</B> tab.&nbsp; In the <B>Font</B> group, click the <B>Decrease Font Size</B> button to make the words smaller.&nbsp;</P>]]></text>
      <img_name>Images/48340_4.jpg</img_name>
    </step>
    <step num="3c.">
      <text><![CDATA[<P>Or, click the <B>Font Size</B> arrow on the <B>Font</B> group and pick a font fontSize number.</P>]]></text>
      <img_name>Images/48340_5.jpg</img_name>
    </step>
  </steps>
</skill>