<?xml version="1.0" standalone="yes"?>
<skill id="48347">
  <title><![CDATA[5.14 To use the Slide Master to change the look of the words in all slides]]></title>
  <desc><![CDATA[]]></desc>
  <ModifiedDate>2008-05-29</ModifiedDate>
  <steps>
    <step num="1.">
      <text><![CDATA[Click the <B>View</B> tab. In the <B>Presentation Views</B> group, click <B>Slide Master</B>.]]></text>
      <img_name>Images/48347_0.jpg</img_name>
    </step>
    <step num="2.">
      <text><![CDATA[<P>Click the title box at the top. </P>
<P>&nbsp;</P><B>NOTE: </B>The contents of the slide master will depend on the type of slide you were last looking at. For example, you will see a title slide master if you were just looking at the title slide of your presentation. However, if you were on a slide other than the title slide, you will see the slide master for that specific slide type.]]></text>
      <img_name>Images/48347_1.jpg</img_name>
    </step>
    <step num="3.">
      <text><![CDATA[<P>Change the font name and fontSize.</P>]]></text>
      <img_name>Images/48347_2.jpg</img_name>
    </step>
    <step num="4.">
      <text><![CDATA[Change the font colour.]]></text>
      <img_name>Images/48347_3.jpg</img_name>
    </step>
    <step num="5.">
      <text><![CDATA[In the second box, click and change the look of the lines of words any way you want.]]></text>
      <img_name>Images/48347_4.jpg</img_name>
    </step>
    <step num="6.">
      <text><![CDATA[<P>Select any boxes you are not using, such as the three boxes at the bottom of the slide. </P>
<P>&nbsp;</P>Press the <B>Delete</B> key to remove them from the Slide Master.]]></text>
      <img_name>Images/48347_5.jpg</img_name>
    </step>
    <step num="7.">
      <text><![CDATA[<P>Click the <B>View</B> tab. In the <B>Presentation Views</B> group, click <B>Slide Sorter </B>to go to Slide Sorter view.</P>
<P>&nbsp;</P>
<P>Or, Click the <B>Slide Sorter</B> button. </P>
<P>&nbsp;</P>
<P><B>NOTE:</B> The Slide Sorter button is usually located at the bottom right of the application screen.</P>]]></text>
      <img_name>Images/48347_6.jpg</img_name>
    </step>
    <step num="8.">
      <text><![CDATA[Notice that the titles and other words in your slides all reflect the changes you made to the Slide Master.]]></text>
      <img_name>Images/48347_7.jpg</img_name>
    </step>
  </steps>
</skill>