<?xml version="1.0" standalone="yes"?>
<skill id="48346">
  <title><![CDATA[5.13 To make changes to a chart in a slide]]></title>
  <desc><![CDATA[]]></desc>
  <ModifiedDate>2008-05-29</ModifiedDate>
  <steps>
    <step num="1.">
      <text><![CDATA[Right-click a chart you want to change and pick <B>Edit Data</B>.]]></text>
      <img_name>Images/48346_0.jpg</img_name>
    </step>
    <step num="2a.">
      <text><![CDATA[<P>To change the colour of individual bars in the chart, right-click a bar and pick <B>Format Data Series</B>.</P>
<P>&nbsp;</P><B>NOTE:</B> The command name for changing the objects that represent data in the chart varies depending on chart type. For example, to change an individual slice in a pie chart, you would click the slice and select Format Data Point.]]></text>
      <img_name>Images/48346_1.jpg</img_name>
    </step>
    <step num="2b.">
      <text><![CDATA[<P>Pick <B>Fill</B> on the Format Data Series Box. Select <B>Solid</B> <B>Fill.</B> </P>
<P>&nbsp;</P>
<P>Click the <B>Color</B> button arrow.</P>]]></text>
      <img_name>Images/48346_2.jpg</img_name>
    </step>
    <step num="3.">
      <text><![CDATA[Choose a different colour for the bar and click <B>Close.</B>]]></text>
      <img_name>Images/48346_3.jpg</img_name>
    </step>
    <step num="4.">
      <text><![CDATA[Notice that all bars showing the same type of data are updated with your colour change.]]></text>
      <img_name>Images/48346_4.jpg</img_name>
    </step>
    <step num="5a.">
      <text><![CDATA[<P>To format the walls, or background, of the chart, right-click the background area and select <B>Format Plot Area. </B>&nbsp;&nbsp;&nbsp;&nbsp;&nbsp;&nbsp;&nbsp;&nbsp;&nbsp;&nbsp;&nbsp;&nbsp;&nbsp;&nbsp;&nbsp;&nbsp;&nbsp;&nbsp;&nbsp;&nbsp;&nbsp;&nbsp;</P>
<P>&nbsp;</P>
<P><B>NOTE</B>: The command name for changing the chart background varies depending on chart type. For example, to change the background of a pie chart, you would click the background area and pick Format Chart Area.</P>]]></text>
      <img_name>Images/48346_5.jpg</img_name>
    </step>
    <step num="5b.">
      <text><![CDATA[<P>Pick <B>Fill</B> on the Format Plot Area Box. Select <B>Solid</B> <B>Fill.</B> Click the <B>Color</B> button arrow.</P>]]></text>
      <img_name>Images/48346_6.jpg</img_name>
    </step>
    <step num="6.">
      <text><![CDATA[<P>Choose a different colour for the plot area and click <B>Close.</B></P>]]></text>
      <img_name>Images/48346_7.jpg</img_name>
    </step>
    <step num="7.">
      <text><![CDATA[<P>The look of the words can also be changed. Right-click words whose look you want to change and select <B>Font.</B></P>
<P>&nbsp;</P>
<P><B>NOTE:</B> The command name for changing text will vary depending on the chart type and the text that is right-clicked. For example, the command name to change text might also be Format Legend or Format Chart Title.</P>]]></text>
      <img_name>Images/48346_8.jpg</img_name>
    </step>
    <step num="8.">
      <text><![CDATA[Click the <B>Font</B> tab.]]></text>
      <img_name>Images/48346_9.jpg</img_name>
    </step>
    <step num="9.">
      <text><![CDATA[Pick a different font name and style. (See Word Processing Group: Changing the Look of Your Words.)]]></text>
      <img_name>Images/48346_10.jpg</img_name>
    </step>
    <step num="10.">
      <text><![CDATA[Pick a different fontSize and colour. (See Word Processing Group: Changing the Look of Your Words.)]]></text>
      <img_name>Images/48346_11.jpg</img_name>
    </step>
    <step num="11.">
      <text><![CDATA[Click <B>OK</B>.]]></text>
      <img_name>Images/48346_12.jpg</img_name>
    </step>
    <step num="12.">
      <text><![CDATA[<P>To change the data the chart is based on, click inside the Datasheet and type your new information. When you are finished, press the <B>Enter</B> key.</P>
<P>&nbsp;</P>
<P><B>NOTE:</B> If the Datasheet is not showing, right-click the chart and choose Edit Data.&nbsp;&nbsp; </P>]]></text>
      <img_name>Images/48346_13.jpg</img_name>
    </step>
    <step num="13.">
      <text><![CDATA[<P>To view your changes, click outside the chart.</P>]]></text>
      <img_name>Images/48346_14.jpg</img_name>
    </step>
  </steps>
</skill>