<?xml version="1.0" standalone="yes"?>
<skill id="48349">
  <title><![CDATA[7.1 To add a sound or music file from the Clip Organizer]]></title>
  <desc><![CDATA[]]></desc>
  <ModifiedDate>2008-05-29</ModifiedDate>
  <steps>
    <step num="1a.">
      <text><![CDATA[Look at your slide in Outline format. (See Multimedia Skill: <A href="MM 2.2">To switch to and work in Outline format</A>.)]]></text>
      <img_name>Images/48349_0.jpg</img_name>
    </step>
    <step num="1b.">
      <text><![CDATA[Or, look at your slide in Slides format. (See Multimedia Skill: <A href="MM 2.3">To switch to and work in Slides format</A>.)]]></text>
      <img_name>Images/48349_1.jpg</img_name>
    </step>
    <step num="2.">
      <text><![CDATA[<P>Click the <B>Insert</B> tab. In the <B>Media Clips</B> group, click the <B>Sound </B>arrow. Pick <b>Sound from Clip Organizer</b>.</P>]]></text>
      <img_name>Images/48349_2.jpg</img_name>
    </step>
    <step num="3.">
      <text><![CDATA[In the <B>Search for</B> box on the Clip Art task pane, type a word that describes the sound or music file you want. Then, click <B>Go</B>.]]></text>
      <img_name>Images/48349_3.jpg</img_name>
    </step>
    <step num="4.">
      <text><![CDATA[Click the arrow on a music file. Then, pick <B>Insert</B>.]]></text>
      <img_name>Images/48349_4.jpg</img_name>
    </step>
    <step num="5a.">
      <text><![CDATA[Pick <B>Automatically</B> if you want the sound file to play when you show the slide.]]></text>
      <img_name>Images/48349_5.jpg</img_name>
    </step>
    <step num="5b.">
      <text><![CDATA[Or, pick <B>When Clicked</B> if you want the sound file to play only when you click the icon.]]></text>
      <img_name>Images/48349_6.jpg</img_name>
    </step>
    <step num="6.">
      <text><![CDATA[<P>Make the sound icon bigger if you want.&nbsp;</P>
<P>&nbsp;</P><B>NOTE:</B> You can also move the icon to another place on your slide.]]></text>
      <img_name>Images/48349_7.jpg</img_name>
    </step>
  </steps>
</skill>