<?xml version="1.0" standalone="yes"?>
<skill id="48351">
  <title><![CDATA[7.3 To play a CD audio track in your presentation]]></title>
  <desc><![CDATA[]]></desc>
  <ModifiedDate>2008-05-29</ModifiedDate>
  <steps>
    <step num="1.">
      <text><![CDATA[<P>Place a music CD in your computer’s CD-ROM drive. Click <B>Play Audio CD using Windows Media Player</B>. If the CD begins to play automatically, click the <B>Close</B> button to close the Audio CD window.</P><B>NOTE:</B> You will need to have the CD in the CD-ROM drive whenever you run your presentation.]]></text>
      <img_name>Images/48351_0.jpg</img_name>
    </step>
    <step num="2a.">
      <text><![CDATA[Look at the slide where you want music to begin in Outline format. (See Multimedia Skill: <A href="MM 2.2">To switch to and work in Outline format</A>.)]]></text>
      <img_name>Images/48351_1.jpg</img_name>
    </step>
    <step num="2b.">
      <text><![CDATA[Or, at the slide where you want music to begin in Slides format. (See Multimedia Skill: <A href="MM 2.3">To switch to and work in Slides format</A>.)]]></text>
      <img_name>Images/48351_2.jpg</img_name>
    </step>
    <step num="3.">
      <text><![CDATA[<P>Click the <B>Insert</B> tab. In the <B>Media Clips</B> group, click the <B>Sound </B>arrow. </P>
<P>&nbsp;</P>
<P>Pick <B>Play CD Audio Track.</B></P>]]></text>
      <img_name>Images/48351_3.jpg</img_name>
    </step>
    <step num="4.">
      <text><![CDATA[In the Insert CD Audio dialog box, specify which track to start playing the CD and which track to stop playing the CD by typing the track number in the box or by using the up and down arrows. ]]></text>
      <img_name>Images/48351_4.jpg</img_name>
    </step>
    <step num="5.">
      <text><![CDATA[You can modify the start and end times if you want to start or stop the music between tracks.]]></text>
      <img_name>Images/48351_5.jpg</img_name>
    </step>
    <step num="6.">
      <text><![CDATA[Click <B>OK</B>.]]></text>
      <img_name>Images/48351_6.jpg</img_name>
    </step>
    <step num="7a.">
      <text><![CDATA[Pick <B>Automatically</B> if you want the sound file to play when you show the slide. ]]></text>
      <img_name>Images/48351_7.jpg</img_name>
    </step>
    <step num="7b.">
      <text><![CDATA[Or, pick <B>When Clicked</B> if you want the sound file to play only when you click an icon.]]></text>
      <img_name>Images/48351_8.jpg</img_name>
    </step>
    <step num="8.">
      <text><![CDATA[Notice that a CD icon appears on the slide. ]]></text>
      <img_name>Images/48351_9.jpg</img_name>
    </step>
    <step num="9.">
      <text><![CDATA[You can move this icon to another place on the slide if needed, by clicking and dragging it to a new location.]]></text>
      <img_name>Images/48351_10.jpg</img_name>
    </step>
  </steps>
</skill>