<?xml version="1.0" standalone="yes"?>
<skill id="48350">
  <title><![CDATA[7.2 To add a sound or music file saved on your computer]]></title>
  <desc><![CDATA[]]></desc>
  <ModifiedDate>2008-05-29</ModifiedDate>
  <steps>
    <step num="1a.">
      <text><![CDATA[Look at your slide in Outline format. (See Multimedia Skill: <A href="MM 2.2">To switch to and work in Outline format</A>.)]]></text>
      <img_name>Images/48350_0.jpg</img_name>
    </step>
    <step num="1b.">
      <text><![CDATA[Or, look at your slide in Slides format. (See Multimedia Skill: <A href="MM 2.3">To switch to and work in Slides format</A>.)]]></text>
      <img_name>Images/48350_1.jpg</img_name>
    </step>
    <step num="2.">
      <text><![CDATA[<P>Click the <B>Insert</B> tab. In the <B>Media Clips </B>group, click the <B>Sound</B> arrow. Pick <B>Sound from File</B>.</P>]]></text>
      <img_name>Images/48350_2.jpg</img_name>
    </step>
    <step num="3.">
      <text><![CDATA[<P>Browse <B>Folders</B>, and go to the folder where the sound or music file is saved.</P>]]></text>
      <img_name>Images/48350_3.jpg</img_name>
    </step>
    <step num="4.">
      <text><![CDATA[Pick the sound or music file, and click <B>OK</B>.]]></text>
      <img_name>Images/48350_4.jpg</img_name>
    </step>
    <step num="5a.">
      <text><![CDATA[Pick <B>Automatically</B> if you want the sound file to play when you show the slide.]]></text>
      <img_name>Images/48350_5.jpg</img_name>
    </step>
    <step num="5b.">
      <text><![CDATA[Or, pick <B>When Clicked</B> if you want the sound file to play only when you click the icon.]]></text>
      <img_name>Images/48350_6.jpg</img_name>
    </step>
    <step num="6.">
      <text><![CDATA[<P>Make the sound icon bigger if you want.</P>
<P>&nbsp;</P>You can also move it to another place on your slide.]]></text>
      <img_name>Images/48350_7.jpg</img_name>
    </step>
  </steps>
</skill>