<?xml version="1.0" standalone="yes"?>
<skill id="48352">
  <title><![CDATA[7.4 To record your voice or another sound on a single slide]]></title>
  <desc><![CDATA[]]></desc>
  <ModifiedDate>2008-05-29</ModifiedDate>
  <steps>
    <step num="1a.">
      <text><![CDATA[Look at your slide in Outline format. (See Multimedia Skill: <A href="MM 2.2">To switch to and work in Outline format</A>.)]]></text>
      <img_name>Images/48352_0.jpg</img_name>
    </step>
    <step num="1b.">
      <text><![CDATA[Or, look at your slide in Slides format. (See Multimedia Skill: <A href="MM 2.3">To switch to and work in Slides format</A>.)]]></text>
      <img_name>Images/48352_1.jpg</img_name>
    </step>
    <step num="2.">
      <text><![CDATA[<P>Click the <B>Insert</B> tab. In the <B>Media Clips</B> group, click the <B>Sound </B>arrow. Pick <b>Record Sound</b>.</P>]]></text>
      <img_name>Images/48352_2.jpg</img_name>
    </step>
    <step num="3.">
      <text><![CDATA[Type a name for your recording.]]></text>
      <img_name>Images/48352_3.jpg</img_name>
    </step>
    <step num="4.">
      <text><![CDATA[<P>Click the <B>Record</B> button, and speak, sing, or make a sound into your computer’s microphone. </P>
<P>&nbsp;</P><B>NOTE:</B> You can use a hand-held microphone plugged into the computer, or there might be a microphone on the monitor.]]></text>
      <img_name>Images/48352_4.jpg</img_name>
    </step>
    <step num="5.">
      <text><![CDATA[Click the <B>Stop</B> button. ]]></text>
      <img_name>Images/48352_5.jpg</img_name>
    </step>
    <step num="6.">
      <text><![CDATA[Then, click the <B>Play</B> button to listen to the recording. ]]></text>
      <img_name>Images/48352_6.jpg</img_name>
    </step>
    <step num="7.">
      <text><![CDATA[Click <B>OK</B> to add the recorded sound to the slide.]]></text>
      <img_name>Images/48352_7.jpg</img_name>
    </step>
    <step num="8.">
      <text><![CDATA[<P>Make the sound icon bigger if you want. </P>
<P>&nbsp;</P>You can also move it to another place on your slide, by clicking and dragging it to a new location.]]></text>
      <img_name>Images/48352_8.jpg</img_name>
    </step>
  </steps>
</skill>