<?xml version="1.0" standalone="yes"?>
<skill id="48359">
  <title><![CDATA[8.2 To remove a slide transition]]></title>
  <desc><![CDATA[]]></desc>
  <ModifiedDate>2008-05-29</ModifiedDate>
  <steps>
    <step num="1.">
      <text><![CDATA[Go to the slide with the transition that you want to remove.]]></text>
      <img_name>Images/48359_0.jpg</img_name>
    </step>
    <step num="2.">
      <text><![CDATA[Click the <B>Animations</B> tab. In the <B>Transition to This Slide</B> group, click the down<B> </B>arrow to expand the gallery.]]></text>
      <img_name>Images/48359_1.jpg</img_name>
    </step>
    <step num="3.">
      <text><![CDATA[Pick <B>No Transition</B>.]]></text>
      <img_name>Images/48359_2.jpg</img_name>
    </step>
    <step num="4.">
      <text><![CDATA[If you added a sound effect that also needs to be removed, click the <B>Transition</B> <B>Sound</B> arrow in the <B>Animations</B> tab and <B>Transition to This Slide</B> group, and pick<B> [No Sound]</B>.]]></text>
      <img_name>Images/48359_3.jpg</img_name>
    </step>
    <step num="5.">
      <text><![CDATA[<P>The transition and sound effect will automatically be removed from the slide. </P>
<P>&nbsp;</P>
<P>or </P>
<P>&nbsp;</P>Click <B>Apply to All </B>if you want to remove the transition effect and sound from all slides.]]></text>
      <img_name>Images/48359_4.jpg</img_name>
    </step>
  </steps>
</skill>