<?xml version="1.0" standalone="yes"?>
<skill id="48355">
  <title><![CDATA[7.7 To add a movie or video file saved on your computer]]></title>
  <desc><![CDATA[]]></desc>
  <ModifiedDate>2008-05-29</ModifiedDate>
  <steps>
    <step num="1a.">
      <text><![CDATA[Look at your slide in Outline format. (See Multimedia Skill: <A href="MM 2.2">To switch to and work in Outline format</A>.)]]></text>
      <img_name>Images/48355_0.jpg</img_name>
    </step>
    <step num="1b.">
      <text><![CDATA[Or, look at your slide in Slides format. (See Multimedia Skill: <A href="MM 2.3">To switch to and work in Slides format</A>.)]]></text>
      <img_name>Images/48355_1.jpg</img_name>
    </step>
    <step num="2a.">
      <text><![CDATA[<P>Click the <B>Insert</B> tab. In the <B>Media Clips</B> group, click the <B>Movie </B>arrow. Pick <b>Movie from File</b>.</P>]]></text>
      <img_name>Images/48355_2.jpg</img_name>
    </step>
    <step num="2b.">
      <text><![CDATA[<P>Or, if you have added a slide layout with a general content box, click the <B>Insert Media Clip </B>button.</P>]]></text>
      <img_name>Images/48355_3.jpg</img_name>
    </step>
    <step num="3.">
      <text><![CDATA[<P>Browse <B>Folders</B>, and go to the folder where the movie or video file is saved.</P>]]></text>
      <img_name>Images/48355_4.jpg</img_name>
    </step>
    <step num="4.">
      <text><![CDATA[Pick the file you want, and click <B>OK</B>.]]></text>
      <img_name>Images/48355_5.jpg</img_name>
    </step>
    <step num="5a.">
      <text><![CDATA[Depending on the file format of the video you chose, you may see a message asking how you want the movie to start in the slide show. Pick <B>Automatically </B>if you want the video file to play when you show the slide.]]></text>
      <img_name>Images/48355_6.jpg</img_name>
    </step>
    <step num="5b.">
      <text><![CDATA[Or, pick <B>When Clicked</B> if you want the video file to play only when you click the video image.]]></text>
      <img_name>Images/48355_7.jpg</img_name>
    </step>
    <step num="6.">
      <text><![CDATA[Make the movie clip bigger or smaller if you wish.]]></text>
      <img_name>Images/48355_8.jpg</img_name>
    </step>
    <step num="7.">
      <text><![CDATA[You can also move it to another place on your slide.]]></text>
      <img_name>Images/48355_9.jpg</img_name>
    </step>
    <step num="8.">
      <text><![CDATA[<P>Depending on the file format of video you chose, you may be able to change the start options for the video. To change the start options, click the <B>Animations </B>tab. In the <B>Animations</B> group, click <B>Custom Animation</B>.</P>]]></text>
      <img_name>Images/48355_10.jpg</img_name>
    </step>
    <step num="9.">
      <text><![CDATA[Click the name of the movie clip on the Custom Animation task pane. ]]></text>
      <img_name>Images/48355_11.jpg</img_name>
    </step>
    <step num="10a.">
      <text><![CDATA[Click the <B>Start</B> arrow and choose <B>On Click</B> to begin the movie when you click the mouse.]]></text>
      <img_name>Images/48355_12.jpg</img_name>
    </step>
    <step num="10b.">
      <text><![CDATA[Or, click the <B>Start</B> arrow and choose <B>With Previous</B> to automatically start the movie after a previous action, such as showing a slide or showing another animation.]]></text>
      <img_name>Images/48355_13.jpg</img_name>
    </step>
    <step num="10c.">
      <text><![CDATA[Or, click the <B>Start</B> arrow and choose <B>After Previous</B> to set a time delay after a previous action.]]></text>
      <img_name>Images/48355_14.jpg</img_name>
    </step>
    <step num="11.">
      <text><![CDATA[To select the time to delay, click the arrow next to the movie name on the task pane and choose <B>Timing</B>. ]]></text>
      <img_name>Images/48355_15.jpg</img_name>
    </step>
    <step num="12.">
      <text><![CDATA[<P>Type a number in the <B>Delay</B> box or use the up and down arrows to change the time. </P>
<P>&nbsp;</P>Click <B>OK</B>.]]></text>
      <img_name>Images/48355_16.jpg</img_name>
    </step>
  </steps>
</skill>