<?xml version="1.0" standalone="yes"?>
<skill id="48353">
  <title><![CDATA[7.5 To add narration to an entire presentation]]></title>
  <desc><![CDATA[]]></desc>
  <ModifiedDate>2008-05-29</ModifiedDate>
  <steps>
    <step num="1a.">
      <text><![CDATA[Look at your slide in Outline format. (See Multimedia Skill: <A href="MM 2.2">To switch to and work in Outline format</A>.)]]></text>
      <img_name>Images/48353_0.jpg</img_name>
    </step>
    <step num="1b.">
      <text><![CDATA[Or, look at your slide in Slides format. (See Multimedia Skill: <A href="MM 2.3">To switch to and work in Slides format</A>.)]]></text>
      <img_name>Images/48353_1.jpg</img_name>
    </step>
    <step num="2.">
      <text><![CDATA[<P>Click the <B>Slide Show </B>tab. In the <B>Set Up</B> group, click <b>Record Narration</b>.</P>]]></text>
      <img_name>Images/48353_2.jpg</img_name>
    </step>
    <step num="3.">
      <text><![CDATA[Click <B>Set Microphone Level</B>.]]></text>
      <img_name>Images/48353_3.jpg</img_name>
    </step>
    <step num="4.">
      <text><![CDATA[<P>Read the text aloud that is contained in the Microphone Check dialog box.&nbsp;</P><B>NOTE: </B>Your voice level should register as a green bar. Adjust the volume level with the slide bar, if necessary. If you see yellow or red, the volume is too high and the bar will automatically set to a lower level.]]></text>
      <img_name>Images/48353_4.jpg</img_name>
    </step>
    <step num="5.">
      <text><![CDATA[<P>After completing the level adjustments, click <B>OK</B>.</P>
<P>&nbsp;</P>Then, click <B>OK</B> on the Record Narration dialog box.]]></text>
      <img_name>Images/48353_5.jpg</img_name>
    </step>
    <step num="6.">
      <text><![CDATA[The presentation will immediately begin in Slide Show view. Speak your narration into the microphone, and then click the mouse to continue to the next slide.]]></text>
      <img_name>Images/48353_6.jpg</img_name>
    </step>
    <step num="7.">
      <text><![CDATA[<P>If you are on any other slide besides the first slide, the Record Narration dialog box will appear. Select where you want the narration to begin. </P>
<P>&nbsp;</P>To start the narration on the first slide in the presentation, click <B>First Slide</B>. To start the narration on the currently selected slide, click <B>Current Slide</B>. ]]></text>
      <img_name>Images/48353_7.jpg</img_name>
    </step>
    <step num="8.">
      <text><![CDATA[To pause or resume the narration, right-click the slide and click <B>Pause Narration </B>or <B>Resume Narration</B>.]]></text>
      <img_name>Images/48353_8.jpg</img_name>
    </step>
    <step num="9.">
      <text><![CDATA[When you come to the black Exit screen, click once to end the narration. ]]></text>
      <img_name>Images/48353_9.jpg</img_name>
    </step>
    <step num="10a.">
      <text><![CDATA[<P>To save the timings (the amount of time each slide is viewed), click <B>Save</B>.</P>
<P>&nbsp;</P><B>NOTE:</B> In your presentation, only one sound can play at a time. If a sound has been inserted that will play automatically, the voice narration will override it.]]></text>
      <img_name>Images/48353_10.jpg</img_name>
    </step>
    <step num="10b.">
      <text><![CDATA[Your slides appear in Slide Sorter View, with the slide timings shown below each one.]]></text>
      <img_name>Images/48353_11.jpg</img_name>
    </step>
    <step num="10c.">
      <text><![CDATA[Or, to cancel the timings, click <B>Don’t Save</B>. (You can record the timings separately, if you wish.)]]></text>
      <img_name>Images/48353_12.jpg</img_name>
    </step>
  </steps>
</skill>