<?xml version="1.0" standalone="yes"?>
<skill id="48358">
  <title><![CDATA[8.1 To add a special effect that plays between slides, or a slide transition]]></title>
  <desc><![CDATA[]]></desc>
  <ModifiedDate>2008-05-29</ModifiedDate>
  <steps>
    <step num="1.">
      <text><![CDATA[Go to the slide that you want to add a transition after.]]></text>
      <img_name>Images/48358_0.jpg</img_name>
    </step>
    <step num="2.">
      <text><![CDATA[<P>Click the <B>Animations</B> tab. In the <B>Transition to This Slide</B> group, click the down<B> </B>arrow to expand the gallery.</P>]]></text>
      <img_name>Images/48358_1.jpg</img_name>
    </step>
    <step num="3.">
      <text><![CDATA[Pick one of the transition effects.]]></text>
      <img_name>Images/48358_2.jpg</img_name>
    </step>
    <step num="4.">
      <text><![CDATA[If you want a sound to play during your slide transition, click the <B>Transition</B> <B>Sound</B> arrow in the <B>Animations</B> tab and <B>Transition to This Slide</B> group. Then, pick a sound.]]></text>
      <img_name>Images/48358_3.jpg</img_name>
    </step>
    <step num="5.">
      <text><![CDATA[Set the transition’s speed by clicking the <B>Transition</B> <B>Speed </B>arrow and picking <B>Slow</B>, <B>Medium</B>, or <B>Fast</B>.]]></text>
      <img_name>Images/48358_4.jpg</img_name>
    </step>
    <step num="6a.">
      <text><![CDATA[In the <B>Advance slide</B> section, pick <B>On Mouse Click</B> if you want to move to the next slide and play the transition effect only when you click.]]></text>
      <img_name>Images/48358_5.jpg</img_name>
    </step>
    <step num="6b.">
      <text><![CDATA[Or, to make the transition play all by itself, pick <B>Automatically</B> <B>After</B>. Then, click the arrows in the box on the right to set how long you want to wait before the transition plays.]]></text>
      <img_name>Images/48358_6.jpg</img_name>
    </step>
    <step num="7.">
      <text><![CDATA[<P>The transition will automatically be added to the slide.<BR><BR>or<BR><BR>If you want to play the same transition after all slides in the presentation, click <B>Apply to All</B>.</P>]]></text>
      <img_name>Images/48358_7.jpg</img_name>
    </step>
  </steps>
</skill>