<?xml version="1.0" standalone="yes"?>
<skill id="48354">
  <title><![CDATA[7.6 To add a movie or video file from the Clip Organizer]]></title>
  <desc><![CDATA[]]></desc>
  <ModifiedDate>2008-05-29</ModifiedDate>
  <steps>
    <step num="1a.">
      <text><![CDATA[Look at your slide in Outline format. (See Multimedia Skill: <A href="MM 2.2">To switch to and work in Outline format</A>.)]]></text>
      <img_name>Images/48354_0.jpg</img_name>
    </step>
    <step num="1b.">
      <text><![CDATA[Or, look at your slide in Slides format. (See Multimedia Skill: <A href="MM 2.3">To switch to and work in Slides format</A>.)]]></text>
      <img_name>Images/48354_1.jpg</img_name>
    </step>
    <step num="2.">
      <text><![CDATA[<P>Click the <B>Insert</B> tab. In the <B>Media Clips</B> group, click the <B>Movie </B>arrow. Pick <b>Movie from Clip Organizer</b>.</P>]]></text>
      <img_name>Images/48354_2.jpg</img_name>
    </step>
    <step num="3.">
      <text><![CDATA[In the <B>Search for</B> box, type a word that describes the movie or video file you want. Then, click <B>Go</B>.]]></text>
      <img_name>Images/48354_3.jpg</img_name>
    </step>
    <step num="4.">
      <text><![CDATA[Click the arrow on a media picture in the Clip Art task pane. Then, pick <B>Insert</B>.]]></text>
      <img_name>Images/48354_4.jpg</img_name>
    </step>
    <step num="5.">
      <text><![CDATA[<P>Make the movie clip bigger or smaller if you wish.</P>]]></text>
      <img_name>Images/48354_5.jpg</img_name>
    </step>
    <step num="6.">
      <text><![CDATA[<P>You can also move it to another place on your slide.</P>]]></text>
      <img_name>Images/48354_6.jpg</img_name>
    </step>
  </steps>
</skill>