<?xml version="1.0" standalone="yes"?>
<skill id="48356">
  <title><![CDATA[7.9 To insert a link to another document saved on your computer]]></title>
  <desc><![CDATA[]]></desc>
  <ModifiedDate>2008-05-29</ModifiedDate>
  <steps>
    <step num="1.">
      <text><![CDATA[Put your cursor in the place where you want to add the hyperlink to the document.]]></text>
      <img_name>Images/48356_0.jpg</img_name>
    </step>
    <step num="2.">
      <text><![CDATA[<P>Click the <B>Insert</B> tab. In the <B>Links</B> group, click the <B>Hyperlink </B>button.</P>]]></text>
      <img_name>Images/48356_1.jpg</img_name>
    </step>
    <step num="3.">
      <text><![CDATA[Pick <B>Existing File </B>or<B> Web Page</B>.]]></text>
      <img_name>Images/48356_2.jpg</img_name>
    </step>
    <step num="4.">
      <text><![CDATA[In the <B>Text to display</B> box, type a name or description of the file you are linking to.]]></text>
      <img_name>Images/48356_3.jpg</img_name>
    </step>
    <step num="5.">
      <text><![CDATA[Click the <B>Look in</B> arrow, and then find and click the file you want to add a link to.]]></text>
      <img_name>Images/48356_4.jpg</img_name>
    </step>
    <step num="6.">
      <text><![CDATA[<P>Click <B>OK</B>.</P>]]></text>
      <img_name>Images/48356_5.jpg</img_name>
    </step>
    <step num="7.">
      <text><![CDATA[Notice that the link to the document has been added to the slide.]]></text>
      <img_name>Images/48356_6.jpg</img_name>
    </step>
  </steps>
</skill>