<?xml version="1.0" standalone="yes"?>
<skill id="48362">
  <title><![CDATA[8.5 To make and add your own animation effect]]></title>
  <desc><![CDATA[]]></desc>
  <ModifiedDate>2008-05-29</ModifiedDate>
  <steps>
    <step num="1.">
      <text><![CDATA[Go to the slide that you want to add movement or animation to.]]></text>
      <img_name>Images/48362_0.jpg</img_name>
    </step>
    <step num="2.">
      <text><![CDATA[<P>Click the object that you want to animate.</P>]]></text>
      <img_name>Images/48362_1.jpg</img_name>
    </step>
    <step num="3.">
      <text><![CDATA[<P>Click the <B>Animations</B> tab. In the <B>Animations</B> group, click <B>Custom Animation</B>.</P>]]></text>
      <img_name>Images/48362_2.jpg</img_name>
    </step>
    <step num="4.">
      <text><![CDATA[<P>Click the <B>Add Effect </B>button in the Custom Animation task pane.</P>
<P>&nbsp;</P>
<P>Pick an animation category, and then pick the option you want.</P>
<P>&nbsp;</P><B>NOTE: </B>For more options, click <B>More Effects </B>or <B>More Motion Paths</B>.]]></text>
      <img_name>Images/48362_3.jpg</img_name>
    </step>
    <step num="5a.">
      <text><![CDATA[<P>Pick the custom animation settings you want by clicking the down arrow on each menu.</P>
<P>&nbsp;</P>Pick a<B> Start </B>option.]]></text>
      <img_name>Images/48362_4.jpg</img_name>
    </step>
    <step num="5b.">
      <text><![CDATA[<P>Pick a <B>Direction</B> (or <B>Size</B>)<B> </B>option.</P>
<P>&nbsp;</P><B>NOTE:</B> Different animation effects have different menus to pick from.]]></text>
      <img_name>Images/48362_5.jpg</img_name>
    </step>
    <step num="5c.">
      <text><![CDATA[Pick a<B> Speed </B>option.]]></text>
      <img_name>Images/48362_6.jpg</img_name>
    </step>
    <step num="6.">
      <text><![CDATA[To see if you like the custom animation you just created, click the <B>Play </B>button.]]></text>
      <img_name>Images/48362_7.jpg</img_name>
    </step>
  </steps>
</skill>