<?xml version="1.0" standalone="yes"?>
<skill id="48360">
  <title><![CDATA[8.3 To add animation or movement to an object]]></title>
  <desc><![CDATA[]]></desc>
  <ModifiedDate>2008-05-29</ModifiedDate>
  <steps>
    <step num="1.">
      <text><![CDATA[Go to the slide you want to add animation or movement to.]]></text>
      <img_name>Images/48360_0.jpg</img_name>
    </step>
    <step num="2.">
      <text><![CDATA[<P>Click the object you want to animate.</P>]]></text>
      <img_name>Images/48360_1.jpg</img_name>
    </step>
    <step num="3.">
      <text><![CDATA[<P>Click the <B>Animations</B> tab. In the <B>Animations</B> group, click <B>Custom Animation</B>.</P>]]></text>
      <img_name>Images/48360_2.jpg</img_name>
    </step>
    <step num="4.">
      <text><![CDATA[<P>Click the <B>Add Effect </B>button in the Custom Animation task pane.</P>
<P>&nbsp;</P>
<P>Pick an animation category, and then pick the option you want.</P>
<P>&nbsp;</P><B>NOTE:</B> Not all animation effects work with every type of object. For example, some only work with words.]]></text>
      <img_name>Images/48360_3.jpg</img_name>
    </step>
    <step num="5.">
      <text><![CDATA[To see if you like the animation you just added, click the <B>Play </B>button.]]></text>
      <img_name>Images/48360_4.jpg</img_name>
    </step>
  </steps>
</skill>