<?xml version="1.0" standalone="yes"?>
<skill id="48366">
  <title><![CDATA[8.9 To add an action button that takes you to a certain slide when clicked]]></title>
  <desc><![CDATA[]]></desc>
  <ModifiedDate>2008-05-29</ModifiedDate>
  <steps>
    <step num="1.">
      <text><![CDATA[Go to the slide that you want to add the action button to.]]></text>
      <img_name>Images/48366_0.jpg</img_name>
    </step>
    <step num="2.">
      <text><![CDATA[<P>Click the <B>Insert</B> tab. In the <B>Illustrations</B> group, click the <B>Shapes</B> arrow.&nbsp;</P>Then, pick the action button style you want for your slide.]]></text>
      <img_name>Images/48366_1.jpg</img_name>
    </step>
    <step num="3.">
      <text><![CDATA[Hold down the left mouse button, and drag to draw an action button on your slide.]]></text>
      <img_name>Images/48366_2.jpg</img_name>
    </step>
    <step num="4.">
      <text><![CDATA[Click the <B>Mouse Click</B> tab.]]></text>
      <img_name>Images/48366_3.jpg</img_name>
    </step>
    <step num="5.">
      <text><![CDATA[<P>Pick <B>Hyperlink to</B>. </P>
<P>&nbsp;</P>
<P>Then, click the <B>Hyperlink to</B> arrow below. </P>
<P>&nbsp;</P>From the list, pick the slide you want the action button to take you to.]]></text>
      <img_name>Images/48366_4.jpg</img_name>
    </step>
    <step num="6.">
      <text><![CDATA[<P>If you want a sound to play when your action button is used, pick <B>Play sound</B>. </P>
<P>&nbsp;</P>Then, click the <B>Play sound</B> arrow below, and pick a sound.]]></text>
      <img_name>Images/48366_5.jpg</img_name>
    </step>
    <step num="7.">
      <text><![CDATA[When you are done, click <B>OK</B>.]]></text>
      <img_name>Images/48366_6.jpg</img_name>
    </step>
    <step num="8.">
      <text><![CDATA[To preview and test your action button, play the slide show by clicking the <B>View</B> tab. In the <B>Presentation Views</B> group, click <B>Slide Show</B> or click the Slide Show button at the bottom of the application screen. (See Multimedia Skill: <A href="MM 9.4">To play a presentation</A>.)]]></text>
      <img_name>Images/48366_7.jpg</img_name>
    </step>
  </steps>
</skill>