<?xml version="1.0" standalone="yes"?>
<skill id="48363">
  <title><![CDATA[8.6 To change the speed of an animation effect]]></title>
  <desc><![CDATA[]]></desc>
  <ModifiedDate>2008-05-29</ModifiedDate>
  <steps>
    <step num="1.">
      <text><![CDATA[Go to the slide that you want to add movement or animation to.]]></text>
      <img_name>Images/48363_0.jpg</img_name>
    </step>
    <step num="2.">
      <text><![CDATA[Click the object whose animation speed you want to change.]]></text>
      <img_name>Images/48363_1.jpg</img_name>
    </step>
    <step num="3.">
      <text><![CDATA[<P>Click the <B>Animations</B> tab. In the <B>Animations</B> group, click <B>Custom Animation</B>.</P>]]></text>
      <img_name>Images/48363_2.jpg</img_name>
    </step>
    <step num="4.">
      <text><![CDATA[In the Modify group, click the <B>Speed</B> arrow and choose a different speed for the animation.]]></text>
      <img_name>Images/48363_3.jpg</img_name>
    </step>
    <step num="5.">
      <text><![CDATA[To see if you like the new animation speed, click the <B>Play </B>button.]]></text>
      <img_name>Images/48363_4.jpg</img_name>
    </step>
  </steps>
</skill>