<?xml version="1.0" standalone="yes"?>
<skill id="48368">
  <title><![CDATA[8.10 To add an action button that plays sound or music when clicked]]></title>
  <desc><![CDATA[]]></desc>
  <ModifiedDate>2008-05-29</ModifiedDate>
  <steps>
    <step num="1.">
      <text><![CDATA[Go to the slide that you want to add the action button to.]]></text>
      <img_name>Images/48368_0.jpg</img_name>
    </step>
    <step num="2.">
      <text><![CDATA[<P>Click the <B>Insert</B> tab. In the <B>Illustrations</B> group, click the <B>Shapes</B> arrow.</P>
<P>&nbsp;</P>Then, pick the action button style you want for your slide. ]]></text>
      <img_name>Images/48368_1.jpg</img_name>
    </step>
    <step num="3.">
      <text><![CDATA[Hold down the left mouse button, and drag to draw an action button on your slide.]]></text>
      <img_name>Images/48368_2.jpg</img_name>
    </step>
    <step num="4.">
      <text><![CDATA[Click the <B>Mouse Click</B> tab.]]></text>
      <img_name>Images/48368_3.jpg</img_name>
    </step>
    <step num="5a.">
      <text><![CDATA[<P>Pick <B>Play sound</B>.</P>
<P>&nbsp;</P>Then, click the <B>Play sound</B> arrow, and pick a sound effect.]]></text>
      <img_name>Images/48368_4.jpg</img_name>
    </step>
    <step num="5b.">
      <text><![CDATA[Or, if you have a sound or music file saved on your computer, click the <B>Play sound</B> arrow, and pick <B>Other Sound</B>. (See Multimedia Skill: <A href="MM 7.2">To add a sound or music file saved on your computer</A>.)]]></text>
      <img_name>Images/48368_5.jpg</img_name>
    </step>
    <step num="6.">
      <text><![CDATA[When you are done, click <B>OK</B>.]]></text>
      <img_name>Images/48368_6.jpg</img_name>
    </step>
    <step num="7.">
      <text><![CDATA[To preview and test your action button, play the slide show by clicking the <B>View</B> tab. In the <B>Presentation Views</B> group, click <B>Slide Show</B> or click the <B>Slide Show</B> button at the bottom of the application screen. (See Multimedia Skill: <A href="MM 9.4">To play a presentation</A>.)]]></text>
      <img_name>Images/48368_7.jpg</img_name>
    </step>
  </steps>
</skill>