<?xml version="1.0" standalone="yes"?>
<skill id="48365">
  <title><![CDATA[8.8 To turn off an animation effect]]></title>
  <desc><![CDATA[]]></desc>
  <ModifiedDate>2008-05-29</ModifiedDate>
  <steps>
    <step num="1.">
      <text><![CDATA[Go to the slide with the animation you want to turn off.]]></text>
      <img_name>Images/48365_0.jpg</img_name>
    </step>
    <step num="2.">
      <text><![CDATA[<P>Click the object with the animation that you want to turn off.</P>]]></text>
      <img_name>Images/48365_1.jpg</img_name>
    </step>
    <step num="3a.">
      <text><![CDATA[<P>If you added an animation scheme to the slide, click the <B>Animations</B> tab. In the <B>Animations</B> group, click the<B> Animate </B>box.</P>]]></text>
      <img_name>Images/48365_2.jpg</img_name>
    </step>
    <step num="3b.">
      <text><![CDATA[Then, pick <B>No Animation</B>.]]></text>
      <img_name>Images/48365_3.jpg</img_name>
    </step>
    <step num="4a.">
      <text><![CDATA[<P>Or, if you added custom animation to the object, click the <B>Animations</B> tab. In the <B>Animations</B> group, click <B>Custom Animation</B>.</P>]]></text>
      <img_name>Images/48365_4.jpg</img_name>
    </step>
    <step num="4b.">
      <text><![CDATA[Then, click the <B>Remove</B> button on the task pane.]]></text>
      <img_name>Images/48365_5.jpg</img_name>
    </step>
  </steps>
</skill>