<?xml version="1.0" standalone="yes"?>
<skill id="48364">
  <title><![CDATA[8.7 To create a path for your animation to follow, or a motion path]]></title>
  <desc><![CDATA[]]></desc>
  <ModifiedDate>2008-05-29</ModifiedDate>
  <steps>
    <step num="1.">
      <text><![CDATA[Go to the slide that you want to add movement or animation to.]]></text>
      <img_name>Images/48364_0.jpg</img_name>
    </step>
    <step num="2.">
      <text><![CDATA[<P>Click the object that you want to animate.</P>]]></text>
      <img_name>Images/48364_1.jpg</img_name>
    </step>
    <step num="3.">
      <text><![CDATA[<P>Click the <B>Animations</B> tab. In the <B>Animations</B> group, click <B>Custom Animation</B>.</P>]]></text>
      <img_name>Images/48364_2.jpg</img_name>
    </step>
    <step num="4a.">
      <text><![CDATA[Click the <B>Add Effect </B>button in the Custom Animation task pane and apply a preset <B>Motion Path</B>.]]></text>
      <img_name>Images/48364_3.jpg</img_name>
    </step>
    <step num="4b.">
      <text><![CDATA[Or, for more options, click the <B>Add Effect </B>button and then click <B>More Motion Paths</B>.]]></text>
      <img_name>Images/48364_4.jpg</img_name>
    </step>
    <step num="4c.">
      <text><![CDATA[Or, to create a custom motion path, click the <B>Add Effect </B>button and click <B>Draw Custom Path</B>. Select one of the options listed.]]></text>
      <img_name>Images/48364_5.jpg</img_name>
    </step>
    <step num="4d.">
      <text><![CDATA[<P>Then, hold down the left mouse button and drag to create your custom motion path.</P>
<P>&nbsp;</P><B>NOTE:</B> To end a Curve or Freeform motion path, you must double-click.]]></text>
      <img_name>Images/48364_6.jpg</img_name>
    </step>
    <step num="5.">
      <text><![CDATA[To see if you like the custom animation you just created, click the <B>Play </B>button.]]></text>
      <img_name>Images/48364_7.jpg</img_name>
    </step>
  </steps>
</skill>