<?xml version="1.0" standalone="yes"?>
<skill id="48361">
  <title><![CDATA[8.4 To add animation effects to words, or to add an animation scheme]]></title>
  <desc><![CDATA[]]></desc>
  <ModifiedDate>2008-05-29</ModifiedDate>
  <steps>
    <step num="1.">
      <text><![CDATA[Go to the slide with the words you want to animate.]]></text>
      <img_name>Images/48361_0.jpg</img_name>
    </step>
    <step num="2.">
      <text><![CDATA[<P>Click the <B>Animations</B> tab. In the <B>Animations</B> group, click the<B> Animate </B>arrow.</P>]]></text>
      <img_name>Images/48361_1.jpg</img_name>
    </step>
    <step num="3.">
      <text><![CDATA[Pick an animation scheme.]]></text>
      <img_name>Images/48361_2.jpg</img_name>
    </step>
    <step num="4.">
      <text><![CDATA[<P>The animation scheme will automatically be added to the slide.</P>
<P>&nbsp;</P>
<P>or</P>
<P>&nbsp;</P>If you want to add the same animation scheme to slides in the presentation, click <B>Apply to All</B>.]]></text>
      <img_name>Images/48361_3.jpg</img_name>
    </step>
  </steps>
</skill>