<?xml version="1.0" standalone="yes"?>
<skill id="48369">
  <title><![CDATA[8.11 To make changes to an action button’s settings]]></title>
  <desc><![CDATA[]]></desc>
  <ModifiedDate>2008-05-29</ModifiedDate>
  <steps>
    <step num="1.">
      <text><![CDATA[Click the action button that you want to make changes to.]]></text>
      <img_name>Images/48369_0.jpg</img_name>
    </step>
    <step num="2.">
      <text><![CDATA[<P>Click the <B>Insert</B> tab. In the <B>Links</B> group, click the <B>Action</B> button and make your changes.</P>]]></text>
      <img_name>Images/48369_1.jpg</img_name>
    </step>
    <step num="3.">
      <text><![CDATA[When you are done, click <B>OK</B>.]]></text>
      <img_name>Images/48369_2.jpg</img_name>
    </step>
    <step num="4.">
      <text><![CDATA[To preview and test your action button, play the slide show by clicking the <B>View</B> tab. In the <B>Presentation Views</B> group, click <B>Slide Show</B> or click the <B>Slide Show</B> button at the bottom of the application screen. (See Multimedia Skill: <A href="MM 9.4">To play a presentation</A>.)]]></text>
      <img_name>Images/48369_3.jpg</img_name>
    </step>
  </steps>
</skill>