<?xml version="1.0" standalone="yes"?>
<skill id="48375">
  <title><![CDATA[1.5 To bookmark a favourite page on the Web]]></title>
  <desc><![CDATA[]]></desc>
  <ModifiedDate>2008-05-29</ModifiedDate>
  <steps>
    <step num="1.">
      <text><![CDATA[Go to the page on the Web that you want to tag or bookmark. (See Web Technologies Skill: <A href="WT 1.4">To go to a page on the Web</A>.) ]]></text>
      <img_name>Images/48375_0.jpg</img_name>
    </step>
    <step num="2.">
      <text><![CDATA[<P>Click <B>Bookmarks </B>|<B> Bookmark This Page</B>.</P>]]></text>
      <img_name>Images/48375_1.jpg</img_name>
    </step>
    <step num="3.">
      <text><![CDATA[Check the default name entered for the Web site. Type a new name if you want.]]></text>
      <img_name>Images/48375_2.jpg</img_name>
    </step>
    <step num="4.">
      <text><![CDATA[Click <B>OK</B> to add the site to your Favorites. ]]></text>
      <img_name>Images/48375_3.jpg</img_name>
    </step>
  </steps>
</skill>