<?xml version="1.0" standalone="yes"?>
<skill id="48378">
  <title><![CDATA[2.2 To print a page or pages from the Web]]></title>
  <desc><![CDATA[]]></desc>
  <ModifiedDate>2008-05-29</ModifiedDate>
  <steps>
    <step num="1.">
      <text><![CDATA[Go to the Web page that you want to print. (See Web Technologies Skill: <A href="WT 1.4">To go to a page on the Web</A>.) ]]></text>
      <img_name>Images/48378_0.jpg</img_name>
    </step>
    <step num="2.">
      <text><![CDATA[Click <B>File </B>|<B> Print</B>.]]></text>
      <img_name>Images/48378_1.jpg</img_name>
    </step>
    <step num="3.">
      <text><![CDATA[In the Printer area, pick the name of the printer you want to use.]]></text>
      <img_name>Images/48378_2.jpg</img_name>
    </step>
    <step num="4.">
      <text><![CDATA[Click <B>OK</B>.]]></text>
      <img_name>Images/48378_3.jpg</img_name>
    </step>
  </steps>
</skill>