<?xml version="1.0" standalone="yes"?>
<skill id="48373">
  <title><![CDATA[1.3 To change the size of the words in your web browser]]></title>
  <desc><![CDATA[]]></desc>
  <ModifiedDate>2008-05-29</ModifiedDate>
  <steps>
    <step num="1.">
      <text><![CDATA[<P>To make the words in your web browser bigger, click <B>View </B>|<B> Text Size</B> | <B>Increase</B>.</P>
<P>&nbsp;</P>
<P>or</P>
<P>&nbsp;</P>
<P>To make the words in your web browser smaller, click <B>View </B>|<B> Text Size </B>| <B>Decrease</B>.</P>
<P>&nbsp;</P><B>NOTE:</B> Changing the fontSize of text in your browser may not work on all Web pages.]]></text>
      <img_name>Images/48373_0.jpg</img_name>
    </step>
  </steps>
</skill>