<?xml version="1.0" standalone="yes"?>
<skill id="48371">
  <title><![CDATA[8.12 To remove an action button]]></title>
  <desc><![CDATA[]]></desc>
  <ModifiedDate>2008-05-29</ModifiedDate>
  <steps>
    <step num="1.">
      <text><![CDATA[Click the action button that you want to remove.]]></text>
      <img_name>Images/48371_0.jpg</img_name>
    </step>
    <step num="2.">
      <text><![CDATA[Press the <B>Delete</B> key.]]></text>
      <img_name>Images/48371_1.jpg</img_name>
    </step>
  </steps>
</skill>