<?xml version="1.0" standalone="yes"?>
<skill id="48374">
  <title><![CDATA[1.4 To go to a page on the Web]]></title>
  <desc><![CDATA[]]></desc>
  <ModifiedDate>2008-05-29</ModifiedDate>
  <steps>
    <step num="1.">
      <text><![CDATA[Put your cursor in the Location Bar.]]></text>
      <img_name>Images/48374_0.jpg</img_name>
    </step>
    <step num="2.">
      <text><![CDATA[<P>Type in the address, or <I>URL</I>, for a Web site.</P>]]></text>
      <img_name>Images/48374_1.jpg</img_name>
    </step>
    <step num="3.">
      <text><![CDATA[<P>Click the <B>Go </B>button.</P>
<P>&nbsp;</P>
<P>or</P>
<P>&nbsp;</P>Press the <B>Enter</B> key on your keyboard.]]></text>
      <img_name>Images/48374_2.jpg</img_name>
    </step>
  </steps>
</skill>