<?xml version="1.0" standalone="yes"?>
<skill id="48376">
  <title><![CDATA[1.6 To copy a Web address, or a URL]]></title>
  <desc><![CDATA[]]></desc>
  <ModifiedDate>2008-05-29</ModifiedDate>
  <steps>
    <step num="1.">
      <text><![CDATA[Go to the page on the Web at the Web address you want to copy. (See Web Technologies Skill: <A href="WT 1.4">To go to a page on the Web</A>.) ]]></text>
      <img_name>Images/48376_0.jpg</img_name>
    </step>
    <step num="2.">
      <text><![CDATA[<P>Select the URL or Web address in the Location Bar.</P>]]></text>
      <img_name>Images/48376_1.jpg</img_name>
    </step>
    <step num="3.">
      <text><![CDATA[<P>Select <B>Edit </B>|<B> Copy</B>.</P>
<P>&nbsp;</P>The copied text can now be pasted into another document.]]></text>
      <img_name>Images/48376_2.jpg</img_name>
    </step>
  </steps>
</skill>