<?xml version="1.0" standalone="yes"?>
<skill id="48372">
  <title><![CDATA[8.13 To set the order and timing on a slide with many special effects]]></title>
  <desc><![CDATA[]]></desc>
  <ModifiedDate>2008-05-29</ModifiedDate>
  <steps>
    <step num="1.">
      <text><![CDATA[Go to a slide with many animation effects.]]></text>
      <img_name>Images/48372_0.jpg</img_name>
    </step>
    <step num="2.">
      <text><![CDATA[<P>Click the <B>Animations</B> tab. In the <B>Animations</B> group, click <B>Custom Animation</B>.</P>]]></text>
      <img_name>Images/48372_1.jpg</img_name>
    </step>
    <step num="3.">
      <text><![CDATA[To change the order of the animations in a slide, click an item in the animation list.]]></text>
      <img_name>Images/48372_2.jpg</img_name>
    </step>
    <step num="4.">
      <text><![CDATA[Then, click the <B>Re-Order </B>arrows to move that animated item before or after others on that slide.]]></text>
      <img_name>Images/48372_3.jpg</img_name>
    </step>
    <step num="5.">
      <text><![CDATA[To set the timing that controls when and how your animations play, click the first item in the animation list.]]></text>
      <img_name>Images/48372_4.jpg</img_name>
    </step>
    <step num="6.">
      <text><![CDATA[Then, click the arrow to the right of the selected animation. Pick Timing.]]></text>
      <img_name>Images/48372_5.jpg</img_name>
    </step>
    <step num="7a.">
      <text><![CDATA[Pick the animation settings you want from the Start menu.]]></text>
      <img_name>Images/48372_6.jpg</img_name>
    </step>
    <step num="7b.">
      <text><![CDATA[Type or pick the animation settings you want in the Delay box.]]></text>
      <img_name>Images/48372_7.jpg</img_name>
    </step>
    <step num="7c.">
      <text><![CDATA[Pick the animation settings you want from the <B>Speed </B>menu.]]></text>
      <img_name>Images/48372_8.jpg</img_name>
    </step>
    <step num="7d.">
      <text><![CDATA[Pick the animation settings you want from the <B>Repeat</B> menu.]]></text>
      <img_name>Images/48372_9.jpg</img_name>
    </step>
    <step num="8.">
      <text><![CDATA[Repeat Steps 5 through 7 for each of the animated items in the animation list.]]></text>
      <img_name>Images/48372_10.jpg</img_name>
    </step>
    <step num="9.">
      <text><![CDATA[To check the animation timing on the slide, click the <B>Play </B>button.]]></text>
      <img_name>Images/48372_11.jpg</img_name>
    </step>
  </steps>
</skill>