<?xml version="1.0" standalone="yes"?>
<skill id="48383">
  <title><![CDATA[9.2 To set up the way a presentation will play]]></title>
  <desc><![CDATA[]]></desc>
  <ModifiedDate>2008-05-29</ModifiedDate>
  <steps>
    <step num="1.">
      <text><![CDATA[<P>Click the <B>Slide Show</B> tab. In the <B>Set Up</B> group, click the <B>Set Up Slide Show </B>button.</P>]]></text>
      <img_name>Images/48383_0.jpg</img_name>
    </step>
    <step num="2a.">
      <text><![CDATA[<P>Pick one of these show types:</P>
<P>&nbsp;</P>Pick<B> Presented by a speaker (full screen)</B> if there will be a person talking while the presentation plays.]]></text>
      <img_name>Images/48383_1.jpg</img_name>
    </step>
    <step num="2b.">
      <text><![CDATA[Or, pick<B> Browsed by an individual (window)</B> if the presentation will be played and seen by one person on a computer.]]></text>
      <img_name>Images/48383_2.jpg</img_name>
    </step>
    <step num="2c.">
      <text><![CDATA[Or, pick<B> Browsed at a kiosk (full screen)</B> if you want the show to play over and over again by itself.]]></text>
      <img_name>Images/48383_3.jpg</img_name>
    </step>
    <step num="3.">
      <text><![CDATA[<P>If you want to move from slide to slide by clicking, pick <B>Manually</B>. </P>
<P>&nbsp;</P>
<P>or </P>
<P>&nbsp;</P>If you want the show to move from slide to slide all by itself, pick <B>Using timings, if present</B>.]]></text>
      <img_name>Images/48383_4.jpg</img_name>
    </step>
    <step num="4.">
      <text><![CDATA[Click <B>OK</B>.]]></text>
      <img_name>Images/48383_5.jpg</img_name>
    </step>
  </steps>
</skill>