<?xml version="1.0" standalone="yes"?>
<skill id="48384">
  <title><![CDATA[2.6 To save a movie or video file from the Web]]></title>
  <desc><![CDATA[]]></desc>
  <ModifiedDate>2008-05-29</ModifiedDate>
  <steps>
    <step num="1.">
      <text><![CDATA[Go to the Web page that has the movie or video file you want to save. (See Web Technologies Skill: <A href="WT 1.4">To go to a page on the Web</A>.)]]></text>
      <img_name>Images/48384_0.jpg</img_name>
    </step>
    <step num="2.">
      <text><![CDATA[Right-click the movie or video file. Then, pick <B>Save Link As</B>.]]></text>
      <img_name>Images/48384_1.jpg</img_name>
    </step>
    <step num="3.">
      <text><![CDATA[<P>Browse <B>Folders</B> and find the place on your computer where you want to save the movie or video file.</P>]]></text>
      <img_name>Images/48384_2.jpg</img_name>
    </step>
    <step num="4.">
      <text><![CDATA[In the <B>File name</B> box, look at the name that is entered automatically. If you want, type a new name for the file.]]></text>
      <img_name>Images/48384_3.jpg</img_name>
    </step>
    <step num="5.">
      <text><![CDATA[Click <B>Save</B>.]]></text>
      <img_name>Images/48384_4.jpg</img_name>
    </step>
  </steps>
</skill>