<?xml version="1.0" standalone="yes"?>
<skill id="48385">
  <title><![CDATA[9.3 To rehearse and set the timing of slides in a presentation]]></title>
  <desc><![CDATA[]]></desc>
  <ModifiedDate>2008-05-29</ModifiedDate>
  <steps>
    <step num="1.">
      <text><![CDATA[<P>Click the <B>Slide Show</B> tab.&nbsp; In the <B>Set Up</B> group, click the <B>Rehearse Timings </B>button.</P>]]></text>
      <img_name>Images/48385_0.jpg</img_name>
    </step>
    <step num="2.">
      <text><![CDATA[<P>Practice reading and speaking about the information on your slides. Click the <B>Next</B> button to play animations and other effects. </P>
<P>&nbsp;</P>If you need to stop for a moment or start over on that slide, click <B>Pause</B> or <B>Repeat</B>.]]></text>
      <img_name>Images/48385_1.jpg</img_name>
    </step>
    <step num="3.">
      <text><![CDATA[When you are done with each slide, click the <B>Next</B> button.]]></text>
      <img_name>Images/48385_2.jpg</img_name>
    </step>
    <step num="4.">
      <text><![CDATA[Press the <B>Escape</B> key when you are done rehearsing all of the slides.]]></text>
      <img_name>Images/48385_3.jpg</img_name>
    </step>
    <step num="5.">
      <text><![CDATA[Click <B>Yes</B> to use your rehearsal times for each slide when you play the presentation.]]></text>
      <img_name>Images/48385_4.jpg</img_name>
    </step>
    <step num="6.">
      <text><![CDATA[You will automatically go to Slide Sorter view, where you will see your slides with the new timings.]]></text>
      <img_name>Images/48385_5.jpg</img_name>
    </step>
  </steps>
</skill>