<?xml version="1.0" standalone="yes"?>
<skill id="48381">
  <title><![CDATA[9.1 To print your presentation]]></title>
  <desc><![CDATA[]]></desc>
  <ModifiedDate>2008-05-29</ModifiedDate>
  <steps>
    <step num="1.">
      <text><![CDATA[Click the <b>Office Button</b>.<b> </b>Then, click <B>Print</B>.]]></text>
      <img_name>Images/48381_0.jpg</img_name>
    </step>
    <step num="2a.">
      <text><![CDATA[To print just the slides, click the <B>Print what</B> arrow and click <b>Slides</b>.]]></text>
      <img_name>Images/48381_1.jpg</img_name>
    </step>
    <step num="2b.">
      <text><![CDATA[To print handouts with two or more slides per page, click the <B>Print what</B> arrow and click <b>Handouts</b>.]]></text>
      <img_name>Images/48381_2.jpg</img_name>
    </step>
    <step num="2c.">
      <text><![CDATA[To print the slides and the speaker notes, click the <B>Print what</B> arrow and click <b>Notes Pages</b>.]]></text>
      <img_name>Images/48381_3.jpg</img_name>
    </step>
    <step num="2d.">
      <text><![CDATA[To print the outline of the presentation, click the <B>Print what</B> arrow and click <b>Outline View</b>.]]></text>
      <img_name>Images/48381_4.jpg</img_name>
    </step>
    <step num="3a.">
      <text><![CDATA[To print the presentation in colour, click the <B>Color/grayscale</B> arrow, and click <B>Color</B>.]]></text>
      <img_name>Images/48381_5.jpg</img_name>
    </step>
    <step num="3b.">
      <text><![CDATA[To print the presentation with shades of gray, click the <B>Color/grayscale</B> arrow, and click <b>Grayscale</b>.]]></text>
      <img_name>Images/48381_6.jpg</img_name>
    </step>
    <step num="3c.">
      <text><![CDATA[To print the presentation in black and white only, click the <B>Color/grayscale</B> arrow, and click <b>Pure Black and White</b>.]]></text>
      <img_name>Images/48381_7.jpg</img_name>
    </step>
    <step num="3d.">
      <text><![CDATA[If the background of your slides looks too dark to print nicely, you may want to change your presentation colour scheme. To change the colour scheme, click <B>Cancel</B>. Then, see Multimedia Skill: <A href="mm 4.2">To pick and use a colour scheme</A>.]]></text>
      <img_name>Images/48381_8.jpg</img_name>
    </step>
    <step num="4.">
      <text><![CDATA[Click <B>OK</B>.]]></text>
      <img_name>Images/48381_9.jpg</img_name>
    </step>
  </steps>
</skill>