<?xml version="1.0" standalone="yes"?>
<skill id="48387">
  <title><![CDATA[9.4 To play a presentation]]></title>
  <desc><![CDATA[]]></desc>
  <ModifiedDate>2008-05-29</ModifiedDate>
  <steps>
    <step num="1.">
      <text><![CDATA[<P>Click the <B>View</B> tab.&nbsp;&nbsp;&nbsp; In the <B>Presentation Views</B> group, click <B>Slide Show</B>.</P>
<P>&nbsp;</P>
<P>or </P>
<P>&nbsp;</P>
<P>Click the <B>Slide Show</B> button at the bottom of the application screen. </P>
<P>&nbsp;</P>
<P>If you set timings for your slides, animation, and other effects, the presentation will play all by itself. </P>
<P>&nbsp;</P>Otherwise, click to move from slide to slide and to play animation and effects.]]></text>
      <img_name>Images/48387_0.jpg</img_name>
    </step>
    <step num="2.">
      <text><![CDATA[<P>When the presentation is over, press the <B>Escape</B> key.</P>]]></text>
      <img_name>Images/48387_1.jpg</img_name>
    </step>
  </steps>
</skill>