<?xml version="1.0" standalone="yes"?>
<skill id="48386">
  <title><![CDATA[2.7 To create a shortcut on your desktop or in a folder to a Web page]]></title>
  <desc><![CDATA[]]></desc>
  <ModifiedDate>2008-05-29</ModifiedDate>
  <steps>
    <step num="1.">
      <text><![CDATA[Go to the Web page for which you want to create a shortcut. (See Web Technologies Skill: <A href="WT 1.4">To go to a page on the Web</A>.) ]]></text>
      <img_name>Images/48386_0.jpg</img_name>
    </step>
    <step num="2a.">
      <text><![CDATA[Click the <B>Restore</B> <B>Down</B> button in the top-right corner of the web browser window to reduce the window’s fontSize.]]></text>
      <img_name>Images/48386_1.jpg</img_name>
    </step>
    <step num="2b.">
      <text><![CDATA[As needed, drag the edges of the web browser window so you can see more of the desktop.]]></text>
      <img_name>Images/48386_2.jpg</img_name>
    </step>
    <step num="3a.">
      <text><![CDATA[<P>Put the pointer over the URL icon in the Location Bar.</P>
<P>&nbsp;</P>Then, hold down the left mouse button and drag the URL icon off the web browser window and onto your computer’s desktop.]]></text>
      <img_name>Images/48386_3.jpg</img_name>
    </step>
    <step num="3b.">
      <text><![CDATA[<P>Or, put the pointer over the URL icon in the Location Bar.</P>
<P>&nbsp;</P>Then, hold down the left mouse button and drag the URL off the web browser window and into a folder on your computer.]]></text>
      <img_name>Images/48386_4.jpg</img_name>
    </step>
    <step num="4.">
      <text><![CDATA[Notice that the shortcut to the Web page is now on your desktop or inside your folder.]]></text>
      <img_name>Images/48386_5.jpg</img_name>
    </step>
  </steps>
</skill>