<?xml version="1.0" standalone="yes"?>
<skill id="48391">
  <title><![CDATA[3.2 To customise the toolbars in your web browser]]></title>
  <desc><![CDATA[]]></desc>
  <ModifiedDate>2008-05-29</ModifiedDate>
  <steps>
    <step num="1.">
      <text><![CDATA[<P>Click <B>View </B>|<B> Toolbars</B> to access the toolbars in the web browser. Make sure the following items are checked:</P>
<UL>
<LI><B>Menu Bar</B> which show common actions used on the Web.</LI></UL>&nbsp;&nbsp;&nbsp;&nbsp;&nbsp; ]]></text>
      <img_name>Images/48391_0.jpg</img_name>
    </step>
    <step num="2.">
      <text><![CDATA[To lock the toolbars in place so they cannot be moved in the browser, click <B>View </B>|<B> Toolbars </B>|<B> Lock the Toolbars</B>.]]></text>
      <img_name>Images/48391_1.jpg</img_name>
    </step>
  </steps>
</skill>