<?xml version="1.0" standalone="yes"?>
<skill id="48394">
  <title><![CDATA[1.4 To use the Formatting (Font) tools]]></title>
  <desc><![CDATA[]]></desc>
  <ModifiedDate>2008-05-29</ModifiedDate>
  <steps>
    <step num="1.">
      <text><![CDATA[Click the <B>Home</B> tab. Go to the <B>Font</B> group to make changes to the look of the words, numbers, and cells in your spreadsheets.]]></text>
      <img_name>Images/48394_0.jpg</img_name>
    </step>
    <step num="2.">
      <text><![CDATA[Click the <B>Font </B>arrow to pick the letter design of words.]]></text>
      <img_name>Images/48394_1.jpg</img_name>
    </step>
    <step num="3.">
      <text><![CDATA[Click the <B>Font Size</B> arrow to make words bigger or smaller.]]></text>
      <img_name>Images/48394_2.jpg</img_name>
    </step>
    <step num="4.">
      <text><![CDATA[Click the <B>Bold</B>, <B>Italic</B>, or <B>Underline</B> buttons to change the style of words.]]></text>
      <img_name>Images/48394_3.jpg</img_name>
    </step>
    <step num="5.">
      <text><![CDATA[Click the <B>Font Color</B> arrow to change the colour of words.]]></text>
      <img_name>Images/48394_4.jpg</img_name>
    </step>
    <step num="6.">
      <text><![CDATA[Click the <B>Fill Color</B> arrow to change the fill colour inside a cell.]]></text>
      <img_name>Images/48394_5.jpg</img_name>
    </step>
  </steps>
</skill>