<?xml version="1.0" standalone="yes"?>
<skill id="48393">
  <title><![CDATA[3.3 To change the size of the words in your web browser]]></title>
  <desc><![CDATA[]]></desc>
  <ModifiedDate>2008-05-29</ModifiedDate>
  <steps>
    <step num="1.">
      <text><![CDATA[<P>To make the words in your web browser bigger, click <B>View </B>|<B> Text Size</B> | <B>Larger</B> (or <B>Largest</B>).</P>]]></text>
      <img_name>Images/48393_0.jpg</img_name>
    </step>
    <step num="2.">
      <text><![CDATA[<P>To make the words in your web browser smaller, click <B>View </B>|<B> Text Size </B>|<B> Smaller</B> (or <B>Smallest</B>).</P>
<P>&nbsp;</P><B>NOTE:</B> Changing the fontSize of text in your browser may not work on all Web pages.]]></text>
      <img_name>Images/48393_1.jpg</img_name>
    </step>
  </steps>
</skill>