<?xml version="1.0" standalone="yes"?>
<skill id="48390">
  <title><![CDATA[1.2 To use the Menu (Office button/Ribbon) bar ]]></title>
  <desc><![CDATA[]]></desc>
  <ModifiedDate>2008-05-29</ModifiedDate>
  <steps>
    <step num="1.">
      <text><![CDATA[Go to the <B>Office Button</B> to pick general commands such as opening, saving, printing, and closing a file.]]></text>
      <img_name>Images/48390_0.jpg</img_name>
    </step>
    <step num="2.">
      <text><![CDATA[<P>Go to the <B>Ribbon </B>to<B> </B>pick commands to complete a task.&nbsp;</P>]]></text>
      <img_name>Images/48390_1.jpg</img_name>
    </step>
  </steps>
</skill>