<?xml version="1.0" standalone="yes"?>
<skill id="48401">
  <title><![CDATA[1.8 To save a spreadsheet]]></title>
  <desc><![CDATA[]]></desc>
  <ModifiedDate>2008-05-29</ModifiedDate>
  <steps>
    <step num="1.">
      <text><![CDATA[<P>Click <B>Office Button. </B>Then click<B> Save.</B></P>]]></text>
      <img_name>Images/48401_0.jpg</img_name>
    </step>
    <step num="2.">
      <text><![CDATA[Browse <B>Folders</B>. Find the place where you are supposed to save your work.]]></text>
      <img_name>Images/48401_1.jpg</img_name>
    </step>
    <step num="3.">
      <text><![CDATA[Type a name for your spreadsheet in the <B>File name</B> box.]]></text>
      <img_name>Images/48401_2.jpg</img_name>
    </step>
    <step num="4.">
      <text><![CDATA[<P>Click <B>Save</B>.</P>
<P>&nbsp;</P><B>NOTE:</B> After you have saved the file once, you do not need to use the Office Button | Save<B> </B>each time you want to save the file again. You can simply click the <B>Save</B> button on the Quick Access Toolbar or hold down the <B>Control </B>key while pressing the <B>S</B> key to save the file.]]></text>
      <img_name>Images/48401_3.jpg</img_name>
    </step>
  </steps>
</skill>