<?xml version="1.0" standalone="yes"?>
<skill id="48402">
  <title><![CDATA[4.1 To download a document from a Web site]]></title>
  <desc><![CDATA[]]></desc>
  <ModifiedDate>2008-05-29</ModifiedDate>
  <steps>
    <step num="1.">
      <text><![CDATA[Go to the Web page that has the document you want to download. (See Web Technologies Skill: <A href="WT 3.4">To go to a page on the Web</A>.) ]]></text>
      <img_name>Images/48402_0.jpg</img_name>
    </step>
    <step num="2.">
      <text><![CDATA[Right-click the link for the file you want to download. Then, pick <B>Save Target As</B>.]]></text>
      <img_name>Images/48402_1.jpg</img_name>
    </step>
    <step num="3.">
      <text><![CDATA[<P>Browse <B>Folders</B> and find the place on your computer where you want to save the downloaded file.</P>]]></text>
      <img_name>Images/48402_2.jpg</img_name>
    </step>
    <step num="4.">
      <text><![CDATA[In the <B>File name</B> box, look at the name that is entered automatically. If you want, type a new name for the file.]]></text>
      <img_name>Images/48402_3.jpg</img_name>
    </step>
    <step num="5.">
      <text><![CDATA[Click <B>Save</B>.]]></text>
      <img_name>Images/48402_4.jpg</img_name>
    </step>
  </steps>
</skill>