<?xml version="1.0" standalone="yes"?>
<skill id="48403">
  <title><![CDATA[4.2 To print a page or pages from the Web]]></title>
  <desc><![CDATA[]]></desc>
  <ModifiedDate>2008-05-29</ModifiedDate>
  <steps>
    <step num="1.">
      <text><![CDATA[Go to the Web page that you want to print. (See Web Technologies Skill: <A href="WT 3.4">To go to a page on the Web</A>.) ]]></text>
      <img_name>Images/48403_0.jpg</img_name>
    </step>
    <step num="2.">
      <text><![CDATA[Click <B>File </B>|<B> Print</B>.]]></text>
      <img_name>Images/48403_1.jpg</img_name>
    </step>
    <step num="3.">
      <text><![CDATA[In the Select Printer area, pick the printer you want to use.]]></text>
      <img_name>Images/48403_2.jpg</img_name>
    </step>
    <step num="4.">
      <text><![CDATA[Click <B>Print</B>.]]></text>
      <img_name>Images/48403_3.jpg</img_name>
    </step>
  </steps>
</skill>