<?xml version="1.0" standalone="yes"?>
<skill id="48407">
  <title><![CDATA[2.3 To select several boxes or cells that are not next to each other]]></title>
  <desc><![CDATA[]]></desc>
  <ModifiedDate>2008-05-29</ModifiedDate>
  <steps>
    <step num="1.">
      <text><![CDATA[Click the first box, or <I>cell</I>, that has the information you want to select.]]></text>
      <img_name>Images/48407_0.jpg</img_name>
    </step>
    <step num="2.">
      <text><![CDATA[Hold down the <B>Control </B>key while you click the other cells you want to select.]]></text>
      <img_name>Images/48407_1.jpg</img_name>
    </step>
  </steps>
</skill>