<?xml version="1.0" standalone="yes"?>
<skill id="48405">
  <title><![CDATA[2.2 To select several boxes or cells that are next to each other]]></title>
  <desc><![CDATA[]]></desc>
  <ModifiedDate>2008-05-29</ModifiedDate>
  <steps>
    <step num="1.">
      <text><![CDATA[Click the first box, or <I>cell</I>, that has the information you want to select.]]></text>
      <img_name>Images/48405_0.jpg</img_name>
    </step>
    <step num="2.">
      <text><![CDATA[Hold down the left mouse button and drag to select the other cells that you want.]]></text>
      <img_name>Images/48405_1.jpg</img_name>
    </step>
  </steps>
</skill>