<?xml version="1.0" standalone="yes"?>
<skill id="48406">
  <title><![CDATA[4.3 To save a page or pages from the Web]]></title>
  <desc><![CDATA[]]></desc>
  <ModifiedDate>2008-05-29</ModifiedDate>
  <steps>
    <step num="1.">
      <text><![CDATA[<P>Go to the Web page that you want to save. (See Web Technologies Skill: <A href="WT 3.4">To go to a page on the Web</A>.) </P>
<P>&nbsp;</P><B>NOTE:</B> Saving a Web page is different than tagging or bookmarking a Web page. Saving a page from the Web puts the file on your computer so you can look at it when you are not connected to the Internet, or when you are <I>offline</I>. If you want to save the page so you can go to it any time on the Internet, bookmark the page instead. (See Web Technologies Skill: <A href="WT 3.5">To bookmark a favourite page on the Web</A>.) ]]></text>
      <img_name>Images/48406_0.jpg</img_name>
    </step>
    <step num="2.">
      <text><![CDATA[Click <B>File </B>|<B> Save As</B>.]]></text>
      <img_name>Images/48406_1.jpg</img_name>
    </step>
    <step num="3.">
      <text><![CDATA[<P>Browse <B>Folders</B> and find the place on your computer where you want to save the Web page or pages.</P>]]></text>
      <img_name>Images/48406_2.jpg</img_name>
    </step>
    <step num="4.">
      <text><![CDATA[In the <B>File name</B> box, look at the name that is entered automatically. If you want, type a new name for the saved page.]]></text>
      <img_name>Images/48406_3.jpg</img_name>
    </step>
    <step num="5a.">
      <text><![CDATA[<P>In the <B>Save as type</B> box, pick one of the save options:</P>
<P>&nbsp;</P>
<P>Pick<B> Webpage, complete (*.htm, *.html)</B> to save all files needed for the page, including pictures, frames, and styles. This option saves each file in its original format, so files may be saved in multiple folders.</P>]]></text>
      <img_name>Images/48406_4.jpg</img_name>
    </step>
    <step num="5b.">
      <text><![CDATA[Or, pick<B> Webpage, HTML only (*.htm, *.html)</B> to save the information on the current Web page, but not save pictures, sounds, and other files that are part of the page.]]></text>
      <img_name>Images/48406_5.jpg</img_name>
    </step>
    <step num="5c.">
      <text><![CDATA[Or, pick<B> Text File (*.txt)</B> to save only the text for the page as plain text, with no formatting.]]></text>
      <img_name>Images/48406_6.jpg</img_name>
    </step>
    <step num="6.">
      <text><![CDATA[Click <B>Save</B>.]]></text>
      <img_name>Images/48406_7.jpg</img_name>
    </step>
  </steps>
</skill>