<?xml version="1.0" standalone="yes"?>
<skill id="48400">
  <title><![CDATA[1.7 To customize toolbars (Quick Access Toolbar) and menus (Ribbon)]]></title>
  <desc><![CDATA[]]></desc>
  <ModifiedDate>2008-05-29</ModifiedDate>
  <steps>
    <step num="1.">
      <text><![CDATA[<P>Right-click the <B>Office Button</B>. Then, click <B>Show Quick Access Toolbar Below the Ribbon </B>to show the Quick Access toolbar below the Ribbon.</P>
<P>&nbsp;</P>
<P><B>NOTE: </B>To show the Quick Access Toolbar above the Ribbon, right-click the Office Button. Then, click Show Quick Access Toolbar Above the Ribbon.<B></B></P>]]></text>
      <img_name>Images/48400_0.jpg</img_name>
    </step>
    <step num="2.">
      <text><![CDATA[<P>Right-click <B>Office Button</B>. Then, click <B>Minimize the Ribbon</B>.</P>
<P><B>NOTE: </B>To expand the Ribbon tools, right-click the Office Button. Then, click Minimize the Ribbon<B> </B>again.<B></B></P>]]></text>
      <img_name>Images/48400_1.jpg</img_name>
    </step>
  </steps>
</skill>