<?xml version="1.0" standalone="yes"?>
<skill id="48417">
  <title><![CDATA[2.9 To select several columns that are not next to each other]]></title>
  <desc><![CDATA[]]></desc>
  <ModifiedDate>2008-05-29</ModifiedDate>
  <steps>
    <step num="1.">
      <text><![CDATA[Click the letter at the top of the column you want to select.]]></text>
      <img_name>Images/48417_0.jpg</img_name>
    </step>
    <step num="2.">
      <text><![CDATA[<P>Hold down the <B>Control </B>key while you click the letters of the other columns you want to select.</P>]]></text>
      <img_name>Images/48417_1.jpg</img_name>
    </step>
  </steps>
</skill>