<?xml version="1.0" standalone="yes"?>
<skill id="48419">
  <title><![CDATA[1.1 To start Portable Document Format (PDF) software]]></title>
  <desc><![CDATA[]]></desc>
  <ModifiedDate>2008-05-29</ModifiedDate>
  <steps>
    <step num="1.">
      <text><![CDATA[Click <B>Start </B>|<B> All Programs </B>|<b> Adobe Reader 8</b>.]]></text>
      <img_name>Images/48419_0.jpg</img_name>
    </step>
    <step num="2.">
      <text><![CDATA[Click <B>File</B> |<B> Open</B>.]]></text>
      <img_name>Images/48419_1.jpg</img_name>
    </step>
    <step num="3.">
      <text><![CDATA[<P>Click the <B>Look in</B> arrow, and then find and click the PDF file you want to open.</P>]]></text>
      <img_name>Images/48419_2.jpg</img_name>
    </step>
    <step num="4.">
      <text><![CDATA[Then, click <b>Open</b>.]]></text>
      <img_name>Images/48419_3.jpg</img_name>
    </step>
    <step num="5.">
      <text><![CDATA[Adobe Reader software is not designed to create new PDF documents. To create new PDF documents, you must either install and use Adobe Acrobat software or click <B>File</B> |<B> Create Adobe PDF Online</B> and sign up for an account with Adobe to use online software.]]></text>
      <img_name>Images/48419_4.jpg</img_name>
    </step>
  </steps>
</skill>