<?xml version="1.0" standalone="yes"?>
<skill id="48412">
  <title><![CDATA[4.6 To save a movie or video file from the Web]]></title>
  <desc><![CDATA[]]></desc>
  <ModifiedDate>2008-05-29</ModifiedDate>
  <steps>
    <step num="1.">
      <text><![CDATA[Go to the Web page that has the movie or video file you want to save. (See Web Technologies Skill: <A href="WT 3.4">To go to a page on the Web</A>.) ]]></text>
      <img_name>Images/48412_0.jpg</img_name>
    </step>
    <step num="2.">
      <text><![CDATA[Right-click the movie or video file. Then, pick <B>Save Target As</B>.]]></text>
      <img_name>Images/48412_1.jpg</img_name>
    </step>
    <step num="3.">
      <text><![CDATA[Browse <B>Folders</B> and find the place on your computer where you want to save the movie or video file.]]></text>
      <img_name>Images/48412_2.jpg</img_name>
    </step>
    <step num="4.">
      <text><![CDATA[In the <B>File name</B> box, look at the name that is entered automatically. If you want, type a new name for the file.]]></text>
      <img_name>Images/48412_3.jpg</img_name>
    </step>
    <step num="5.">
      <text><![CDATA[Click <B>Save</B>.]]></text>
      <img_name>Images/48412_4.jpg</img_name>
    </step>
  </steps>
</skill>