<?xml version="1.0" standalone="yes"?>
<skill id="48416">
  <title><![CDATA[2.8 To select several columns that are next to each other]]></title>
  <desc><![CDATA[]]></desc>
  <ModifiedDate>2008-05-29</ModifiedDate>
  <steps>
    <step num="1.">
      <text><![CDATA[Click the letter at the top of the column you want to select.]]></text>
      <img_name>Images/48416_0.jpg</img_name>
    </step>
    <step num="2.">
      <text><![CDATA[<P>Hold down the left mouse button and drag over the column letters to the right to select those columns.</P>]]></text>
      <img_name>Images/48416_1.jpg</img_name>
    </step>
  </steps>
</skill>