<?xml version="1.0" standalone="yes"?>
<skill id="48413">
  <title><![CDATA[2.6 To select several rows that are not next to each other]]></title>
  <desc><![CDATA[]]></desc>
  <ModifiedDate>2008-05-29</ModifiedDate>
  <steps>
    <step num="1.">
      <text><![CDATA[Click the number to the left of the first row you want to select.]]></text>
      <img_name>Images/48413_0.jpg</img_name>
    </step>
    <step num="2.">
      <text><![CDATA[<P>Hold down the <B>Control </B>key while you click the numbers of the other rows you want to select.</P>]]></text>
      <img_name>Images/48413_1.jpg</img_name>
    </step>
  </steps>
</skill>