<?xml version="1.0" standalone="yes"?>
<skill id="48411">
  <title><![CDATA[2.5 To select several rows that are next to each other]]></title>
  <desc><![CDATA[]]></desc>
  <ModifiedDate>2008-05-29</ModifiedDate>
  <steps>
    <step num="1.">
      <text><![CDATA[Click the number to the left of the first row you want to select.]]></text>
      <img_name>Images/48411_0.jpg</img_name>
    </step>
    <step num="2.">
      <text><![CDATA[<P>Hold down the left mouse button and drag down over the row numbers below to select those rows.</P>]]></text>
      <img_name>Images/48411_1.jpg</img_name>
    </step>
  </steps>
</skill>