<?xml version="1.0" standalone="yes"?>
<skill id="48426">
  <title><![CDATA[1.4 To use the File toolbar]]></title>
  <desc><![CDATA[]]></desc>
  <ModifiedDate>2008-05-29</ModifiedDate>
  <steps>
    <step num="1a.">
      <text><![CDATA[Go to the <B>File</B> toolbar for shortcuts to pick general document commands such as opening, saving, and printing. ]]></text>
      <img_name>Images/48426_0.jpg</img_name>
    </step>
    <step num="1b.">
      <text><![CDATA[If the File toolbar is not showing on your screen, click <B>View </B>|<B> Toolbars </B>| <b>File</b>.]]></text>
      <img_name>Images/48426_1.jpg</img_name>
    </step>
  </steps>
</skill>