<?xml version="1.0" standalone="yes"?>
<skill id="48422">
  <title><![CDATA[3.2 To give a worksheet a new name]]></title>
  <desc><![CDATA[]]></desc>
  <ModifiedDate>2008-05-29</ModifiedDate>
  <steps>
    <step num="1.">
      <text><![CDATA[Make sure the worksheet you want to rename is on your screen.]]></text>
      <img_name>Images/48422_0.jpg</img_name>
    </step>
    <step num="2a.">
      <text><![CDATA[<P>Click the <B>Home </B>tab.<B> </B>In the<B> Cells </B>group<B> </B>click<B> Format. </B>Then, pick <B>Rename</B> <b>Sheet</b>.</P>]]></text>
      <img_name>Images/48422_1.jpg</img_name>
    </step>
    <step num="2b.">
      <text><![CDATA[Or, you can also double-click the tab of the worksheet you want to rename.]]></text>
      <img_name>Images/48422_2.jpg</img_name>
    </step>
    <step num="3.">
      <text><![CDATA[Type a new name for the worksheet.]]></text>
      <img_name>Images/48422_3.jpg</img_name>
    </step>
    <step num="4.">
      <text><![CDATA[Press the <B>Enter</B> key.]]></text>
      <img_name>Images/48422_4.jpg</img_name>
    </step>
  </steps>
</skill>