<?xml version="1.0" standalone="yes"?>
<skill id="48429">
  <title><![CDATA[3.6 To make a copy of a worksheet]]></title>
  <desc><![CDATA[]]></desc>
  <ModifiedDate>2008-05-29</ModifiedDate>
  <steps>
    <step num="1.">
      <text><![CDATA[Click the tab of the worksheet you want to make a copy of.]]></text>
      <img_name>Images/48429_0.jpg</img_name>
    </step>
    <step num="2.">
      <text><![CDATA[Click the <B>Home</B> tab. In the <B>Cells</B> group click <B>Format</B>. Then,<B> </B>pick <B>Move or</B> <B>Copy Sheet</B>.]]></text>
      <img_name>Images/48429_1.jpg</img_name>
    </step>
    <step num="3.">
      <text><![CDATA[Click the <B>To book</B> arrow and pick the spreadsheet file that you want to move the copied worksheet to.]]></text>
      <img_name>Images/48429_2.jpg</img_name>
    </step>
    <step num="4.">
      <text><![CDATA[<P>In the <B>Before sheet</B> list, pick where in that list order you want to put the selected worksheet.</P>]]></text>
      <img_name>Images/48429_3.jpg</img_name>
    </step>
    <step num="5.">
      <text><![CDATA[Then, click <B>Create a copy</B>.]]></text>
      <img_name>Images/48429_4.jpg</img_name>
    </step>
    <step num="6.">
      <text><![CDATA[Click <B>OK</B>.]]></text>
      <img_name>Images/48429_5.jpg</img_name>
    </step>
  </steps>
</skill>