<?xml version="1.0" standalone="yes"?>
<skill id="48424">
  <title><![CDATA[3.3 To remove or delete a worksheet]]></title>
  <desc><![CDATA[]]></desc>
  <ModifiedDate>2008-05-29</ModifiedDate>
  <steps>
    <step num="1.">
      <text><![CDATA[Click the tab of the worksheet you want to delete.]]></text>
      <img_name>Images/48424_0.jpg</img_name>
    </step>
    <step num="2a.">
      <text><![CDATA[<P>Click the <B>Home</B> tab. In the <B>Cells</B> group click <B>Delete. </B>Then, pick<B> Delete Sheet</B>.</P>]]></text>
      <img_name>Images/48424_1.jpg</img_name>
    </step>
    <step num="2b.">
      <text><![CDATA[A box will pop up. Click <B>Delete.</B>]]></text>
      <img_name>Images/48424_2.jpg</img_name>
    </step>
    <step num="3.">
      <text><![CDATA[Notice the worksheet is deleted.]]></text>
      <img_name>Images/48424_3.jpg</img_name>
    </step>
  </steps>
</skill>