<?xml version="1.0" standalone="yes"?>
<skill id="48428">
  <title><![CDATA[1.5 To save a copy of a PDF document]]></title>
  <desc><![CDATA[]]></desc>
  <ModifiedDate>2008-05-29</ModifiedDate>
  <steps>
    <step num="1.">
      <text><![CDATA[<P>Click <B>File </B>|<B> Save a Copy</B>.</P>]]></text>
      <img_name>Images/48428_0.jpg</img_name>
    </step>
    <step num="2.">
      <text><![CDATA[Click <B>OK</B> when you see a message telling you that you can save the original PDF only in Adobe Reader. ]]></text>
      <img_name>Images/48428_1.jpg</img_name>
    </step>
    <step num="3.">
      <text><![CDATA[Click the down arrow in the <B>Save in</B> menu. Find the place where you are supposed to save your work.]]></text>
      <img_name>Images/48428_2.jpg</img_name>
    </step>
    <step num="4.">
      <text><![CDATA[Type a name for your PDF document in the <B>File name</B> box.]]></text>
      <img_name>Images/48428_3.jpg</img_name>
    </step>
    <step num="5.">
      <text><![CDATA[<P>Click <B>Save</B>.</P>]]></text>
      <img_name>Images/48428_4.jpg</img_name>
    </step>
  </steps>
</skill>