<?xml version="1.0" standalone="yes"?>
<skill id="48427">
  <title><![CDATA[3.5 To move a worksheet]]></title>
  <desc><![CDATA[]]></desc>
  <ModifiedDate>2008-05-29</ModifiedDate>
  <steps>
    <step num="1.">
      <text><![CDATA[Click the tab of the worksheet you want to move.]]></text>
      <img_name>Images/48427_0.jpg</img_name>
    </step>
    <step num="2.">
      <text><![CDATA[Click the <B>Home</B> tab. In the <B>Cells</B> group click <B>Format. </B>Then, pick<B> Move or</B> <B>Copy Sheet</B>.]]></text>
      <img_name>Images/48427_1.jpg</img_name>
    </step>
    <step num="3.">
      <text><![CDATA[Click the <B>To book</B> arrow and pick the spreadsheet file that you want to move the selected worksheet to.]]></text>
      <img_name>Images/48427_2.jpg</img_name>
    </step>
    <step num="4.">
      <text><![CDATA[In the <B>Before sheet</B> list, pick where in that list order you want to put the selected worksheet.]]></text>
      <img_name>Images/48427_3.jpg</img_name>
    </step>
    <step num="5.">
      <text><![CDATA[Click <B>OK</B>.]]></text>
      <img_name>Images/48427_4.jpg</img_name>
    </step>
  </steps>
</skill>