<?xml version="1.0" standalone="yes"?>
<skill id="48421">
  <title><![CDATA[3.1 To move between worksheets]]></title>
  <desc><![CDATA[]]></desc>
  <ModifiedDate>2008-05-29</ModifiedDate>
  <steps>
    <step num="1a.">
      <text><![CDATA[<P>Click the tab of the worksheet you want to view.&nbsp;</P>]]></text>
      <img_name>Images/48421_0.jpg</img_name>
    </step>
    <step num="1b.">
      <text><![CDATA[Or, click the <B>Arrow</B> buttons to move forward or backward through the worksheets.]]></text>
      <img_name>Images/48421_1.jpg</img_name>
    </step>
  </steps>
</skill>