<?xml version="1.0" standalone="yes"?>
<skill id="48425">
  <title><![CDATA[3.4 To add or insert a worksheet]]></title>
  <desc><![CDATA[]]></desc>
  <ModifiedDate>2008-05-29</ModifiedDate>
  <steps>
    <step num="1.">
      <text><![CDATA[Open a spreadsheet.]]></text>
      <img_name>Images/48425_0.jpg</img_name>
    </step>
    <step num="2.">
      <text><![CDATA[Click the <B>Home</B> tab. In the <B>Cells</B> group click <B>Insert. </B>Then, pick <B>Insert Sheet</B>.]]></text>
      <img_name>Images/48425_1.jpg</img_name>
    </step>
    <step num="3.">
      <text><![CDATA[Notice that the new worksheet is inserted in front of the one you were just on.]]></text>
      <img_name>Images/48425_2.jpg</img_name>
    </step>
  </steps>
</skill>