<?xml version="1.0" standalone="yes"?>
<skill id="48423">
  <title><![CDATA[1.3 To use the Basic (Select & Zoom) toolbar]]></title>
  <desc><![CDATA[]]></desc>
  <ModifiedDate>2008-05-29</ModifiedDate>
  <steps>
    <step num="1a.">
      <text><![CDATA[Go to the <B>Select &amp; Zoom</B> toolbar for shortcuts to tools for scrolling through a PDF, selecting text and graphics, and taking a picture of the screen.]]></text>
      <img_name>Images/48423_0.jpg</img_name>
    </step>
    <step num="1b.">
      <text><![CDATA[If the Select &amp; Zoom toolbar is not showing on your screen, click <B>View </B>|<B> Toolbars </B>| <b>Select &amp; Zoom</b>.]]></text>
      <img_name>Images/48423_1.jpg</img_name>
    </step>
    <step num="2.">
      <text><![CDATA[<P>Click the <B>Hand Tool</B> button to read or scroll through a document.<B>&nbsp;</B></P>
<P><B>NOTE:</B> With the Hand Tool button selected, you can hold down the mouse button and drag to move around a page.&nbsp;</P><B>NOTE:</B> To activate the Hand Tool, right click on the Select &amp; Tool toolbar and click Hand Tool. ]]></text>
      <img_name>Images/48423_2.jpg</img_name>
    </step>
    <step num="3.">
      <text><![CDATA[<P>Click the <B>Select</B> <B>Tool</B> button to select text or images.</P>
<P>&nbsp;</P>
<P><B>NOTE:</B> If you have selected text or images with the Select Tool button and the document’s security settings allow it, you can copy the text or images and paste them into another PDF or into another type of document.</P>
<P>&nbsp;</P><B>NOTE:</B> To activate the Select Tool, right click on the Select &amp; Tool toolbar and click Select Tool.]]></text>
      <img_name>Images/48423_3.jpg</img_name>
    </step>
    <step num="4.">
      <text><![CDATA[<P>Click the <B>Snapshot</B> <B>Tool</B> button to take a screen capture of an area of the screen.</P>
<P>&nbsp;</P>
<P><B>NOTE:</B> After you click the Snapshot Tool button, drag to select a rectangular area of the screen and release the mouse button. An image of the area of the screen you selected is now captured on your clipboard and you can paste it into another PDF document or into another type of document.</P>
<P>&nbsp;</P><B>NOTE:</B> To activate the Snapshot Tool, right click on the Select &amp; Tool toolbar and click Snapshot Tool.]]></text>
      <img_name>Images/48423_4.jpg</img_name>
    </step>
  </steps>
</skill>