<?xml version="1.0" standalone="yes"?>
<skill id="48437">
  <title><![CDATA[4.6 To copy information and put it in another cell]]></title>
  <desc><![CDATA[]]></desc>
  <ModifiedDate>2008-05-29</ModifiedDate>
  <steps>
    <step num="1.">
      <text><![CDATA[Select the cell or cells with the information you would like to use again.]]></text>
      <img_name>Images/48437_0.jpg</img_name>
    </step>
    <step num="2.">
      <text><![CDATA[Click the <B>Home</B> tab. In the <B>Clipboard</B> group, click the <B>Copy </B>button.]]></text>
      <img_name>Images/48437_1.jpg</img_name>
    </step>
    <step num="3.">
      <text><![CDATA[Select the cell or cells that you want to put the copied information into.]]></text>
      <img_name>Images/48437_2.jpg</img_name>
    </step>
    <step num="4.">
      <text><![CDATA[<P>Click the <B>Home</B> tab. In the <B>Clipboard</B> group, click the <B>Paste </B>button.</P>]]></text>
      <img_name>Images/48437_3.jpg</img_name>
    </step>
    <step num="5.">
      <text><![CDATA[Notice that the information now appears in the new cell as well as in the original cell.]]></text>
      <img_name>Images/48437_4.jpg</img_name>
    </step>
  </steps>
</skill>