<?xml version="1.0" standalone="yes"?>
<skill id="48431">
  <title><![CDATA[1.6 To save a PDF document as a text file]]></title>
  <desc><![CDATA[]]></desc>
  <ModifiedDate>2008-05-29</ModifiedDate>
  <steps>
    <step num="1.">
      <text><![CDATA[<P>Click <B>File </B>|<b> Save as Text</b>.</P>]]></text>
      <img_name>Images/48431_0.jpg</img_name>
    </step>
    <step num="2.">
      <text><![CDATA[Click the down arrow in the <B>Save in</B> menu. Find the place where you are supposed to save your work.]]></text>
      <img_name>Images/48431_1.jpg</img_name>
    </step>
    <step num="3.">
      <text><![CDATA[Type a name for your text document in the <B>File name</B> box.]]></text>
      <img_name>Images/48431_2.jpg</img_name>
    </step>
    <step num="4.">
      <text><![CDATA[Click the down arrow in the <B>Save as type </B>menu. Select <b>Text ( Accessible) (*.txt)</b>.]]></text>
      <img_name>Images/48431_3.jpg</img_name>
    </step>
    <step num="5.">
      <text><![CDATA[<P>Click <B>Save</B>.</P>]]></text>
      <img_name>Images/48431_4.jpg</img_name>
    </step>
  </steps>
</skill>