<?xml version="1.0" standalone="yes"?>
<skill id="48433">
  <title><![CDATA[4.2 To change or fix information that is already in a cell]]></title>
  <desc><![CDATA[]]></desc>
  <ModifiedDate>2008-05-29</ModifiedDate>
  <steps>
    <step num="1.">
      <text><![CDATA[Click the cell with information that you want to fix.]]></text>
      <img_name>Images/48433_0.jpg</img_name>
    </step>
    <step num="2a.">
      <text><![CDATA[<P>If you want to change only a few letters in a word or a few digits in a number, click inside the Formula Bar to put the cursor <I>after </I>the letters or digits you want to change. Press the <B>Backspace</B> key to get rid of the letters or digits you do not want. </P>
<P>&nbsp;</P>Type the new information, and then press the <B>Enter </B>key.]]></text>
      <img_name>Images/48433_1.jpg</img_name>
    </step>
    <step num="2b.">
      <text><![CDATA[Or, if you want to change all of the information in a cell, just type the new information, and then press the <B>Enter</B> key.]]></text>
      <img_name>Images/48433_2.jpg</img_name>
    </step>
  </steps>
</skill>