<?xml version="1.0" standalone="yes"?>
<skill id="48432">
  <title><![CDATA[4.1 To put words and numbers into a worksheet cell]]></title>
  <desc><![CDATA[]]></desc>
  <ModifiedDate>2008-05-29</ModifiedDate>
  <steps>
    <step num="1.">
      <text><![CDATA[Click the cell that you want to add information to.]]></text>
      <img_name>Images/48432_0.jpg</img_name>
    </step>
    <step num="2.">
      <text><![CDATA[Type your information.]]></text>
      <img_name>Images/48432_1.jpg</img_name>
    </step>
    <step num="3.">
      <text><![CDATA[Press the <B>Enter</B> key.]]></text>
      <img_name>Images/48432_2.jpg</img_name>
    </step>
  </steps>
</skill>