<?xml version="1.0" standalone="yes"?>
<skill id="48436">
  <title><![CDATA[4.5 To remove or delete information from a cell]]></title>
  <desc><![CDATA[]]></desc>
  <ModifiedDate>2008-05-29</ModifiedDate>
  <steps>
    <step num="1.">
      <text><![CDATA[Select the boxes or cells with the information you want to remove.]]></text>
      <img_name>Images/48436_0.jpg</img_name>
    </step>
    <step num="2.">
      <text><![CDATA[Press the <B>Delete</B> key.]]></text>
      <img_name>Images/48436_1.jpg</img_name>
    </step>
  </steps>
</skill>