<?xml version="1.0" standalone="yes"?>
<skill id="48435">
  <title><![CDATA[4.4 To wrap text in a cell]]></title>
  <desc><![CDATA[]]></desc>
  <ModifiedDate>2008-05-29</ModifiedDate>
  <steps>
    <step num="1.">
      <text><![CDATA[Select the cell or cells that you want to wrap the text in so it fits in the cell.]]></text>
      <img_name>Images/48435_0.jpg</img_name>
    </step>
    <step num="2.">
      <text><![CDATA[Click the <B>Home</B> tab. In the <B>Alignment</B> group, click the <B>Wrap Text </B>button.]]></text>
      <img_name>Images/48435_1.jpg</img_name>
    </step>
    <step num="3.">
      <text><![CDATA[<P>You<B> </B>will notice that the text is wrapped to fit in the cell.<B>&nbsp;</B></P><B>NOTE:</B> You may need to change the row height and column width. (See Spreadsheet Skill: <A href="ss 5.5">To change row height</A> and Spreadsheet Skill: <A href="ss 5.6">To change column width</A>.)]]></text>
      <img_name>Images/48435_2.jpg</img_name>
    </step>
  </steps>
</skill>