<?xml version="1.0" standalone="yes"?>
<skill id="48439">
  <title><![CDATA[4.8 To repeat or fill information in neighbouring cells]]></title>
  <desc><![CDATA[]]></desc>
  <ModifiedDate>2008-05-29</ModifiedDate>
  <steps>
    <step num="1.">
      <text><![CDATA[Click the cell with the information you want to put into other cells in that row or column.]]></text>
      <img_name>Images/48439_0.jpg</img_name>
    </step>
    <step num="2a.">
      <text><![CDATA[Hold down the left mouse button and drag down to select cells.]]></text>
      <img_name>Images/48439_1.jpg</img_name>
    </step>
    <step num="2b.">
      <text><![CDATA[Click the <B>Home</B> tab. In the <B>Editing</B> group, click the <B>Fill</B> button arrow. Then, pick <B>Down</B>.]]></text>
      <img_name>Images/48439_2.jpg</img_name>
    </step>
    <step num="2c.">
      <text><![CDATA[Notice that the information is repeated in the selected cells below.]]></text>
      <img_name>Images/48439_3.jpg</img_name>
    </step>
    <step num="3a.">
      <text><![CDATA[Or, hold down the left mouse button and drag right to select cells.]]></text>
      <img_name>Images/48439_4.jpg</img_name>
    </step>
    <step num="3b.">
      <text><![CDATA[<P>Click the <B>Home</B> tab. In the <B>Editing</B> group, click the <B>Fill</B> button arrow. Then, pick <B>Right</B>.</P>]]></text>
      <img_name>Images/48439_5.jpg</img_name>
    </step>
    <step num="3c.">
      <text><![CDATA[Notice that the information is repeated in the selected cells to the right.]]></text>
      <img_name>Images/48439_6.jpg</img_name>
    </step>
    <step num="4a.">
      <text><![CDATA[Or, hold down the left mouse button and drag up to select cells.]]></text>
      <img_name>Images/48439_7.jpg</img_name>
    </step>
    <step num="4b.">
      <text><![CDATA[<P>Click the <B>Home</B> tab. In the <B>Editing</B> group, click the <B>Fill</B> button arrow. Then, pick <b>Up</b>.</P>]]></text>
      <img_name>Images/48439_8.jpg</img_name>
    </step>
    <step num="4c.">
      <text><![CDATA[Notice that the information is repeated in the selected cells above.]]></text>
      <img_name>Images/48439_9.jpg</img_name>
    </step>
    <step num="5a.">
      <text><![CDATA[Or, hold down the left mouse button and drag left to select cells.]]></text>
      <img_name>Images/48439_10.jpg</img_name>
    </step>
    <step num="5b.">
      <text><![CDATA[<P>Click the <B>Home</B> tab. In the <B>Editing</B> group, click the <B>Fill</B> button arrow. Then, pick <B>Left</B>.</P>]]></text>
      <img_name>Images/48439_11.jpg</img_name>
    </step>
    <step num="5c.">
      <text><![CDATA[Notice that the information is repeated in the selected cells to the left.]]></text>
      <img_name>Images/48439_12.jpg</img_name>
    </step>
  </steps>
</skill>