<?xml version="1.0" standalone="yes"?>
<skill id="48430">
  <title><![CDATA[3.7 To link information between worksheets]]></title>
  <desc><![CDATA[]]></desc>
  <ModifiedDate>2008-05-29</ModifiedDate>
  <steps>
    <step num="1.">
      <text><![CDATA[Click the cell that you want to put the linked information into.]]></text>
      <img_name>Images/48430_0.jpg</img_name>
    </step>
    <step num="2.">
      <text><![CDATA[Press the <B>Equal Sign</B> key.]]></text>
      <img_name>Images/48430_1.jpg</img_name>
    </step>
    <step num="3.">
      <text><![CDATA[Go to the worksheet with the information that you want to link to the first cell.]]></text>
      <img_name>Images/48430_2.jpg</img_name>
    </step>
    <step num="4.">
      <text><![CDATA[<P>Click the cell with the information that you want to link.</P>]]></text>
      <img_name>Images/48430_3.jpg</img_name>
    </step>
    <step num="5.">
      <text><![CDATA[Press the<B> Enter</B> key.]]></text>
      <img_name>Images/48430_4.jpg</img_name>
    </step>
    <step num="6.">
      <text><![CDATA[The worksheet where the link was added will appear on your screen. Notice that the linked information is there now.]]></text>
      <img_name>Images/48430_5.jpg</img_name>
    </step>
  </steps>
</skill>