<?xml version="1.0" standalone="yes"?>
<skill id="48434">
  <title><![CDATA[4.3 To insert a line break in a cell]]></title>
  <desc><![CDATA[]]></desc>
  <ModifiedDate>2008-05-29</ModifiedDate>
  <steps>
    <step num="1.">
      <text><![CDATA[Select the cell that you want to insert a line break in.]]></text>
      <img_name>Images/48434_0.jpg</img_name>
    </step>
    <step num="2.">
      <text><![CDATA[Click inside the Formula Bar to put the cursor after the words.]]></text>
      <img_name>Images/48434_1.jpg</img_name>
    </step>
    <step num="3.">
      <text><![CDATA[Hold down the <B>Alt</B> key while you press the <B>Enter</B> key.]]></text>
      <img_name>Images/48434_2.jpg</img_name>
    </step>
    <step num="4.">
      <text><![CDATA[<P>Type information on the new line.</P>]]></text>
      <img_name>Images/48434_3.jpg</img_name>
    </step>
    <step num="5.">
      <text><![CDATA[Press the <B>Enter</B> key.]]></text>
      <img_name>Images/48434_4.jpg</img_name>
    </step>
  </steps>
</skill>