<?xml version="1.0" standalone="yes"?>
<skill id="48438">
  <title><![CDATA[4.7 To remove or cut information and put it in another cell]]></title>
  <desc><![CDATA[]]></desc>
  <ModifiedDate>2008-05-29</ModifiedDate>
  <steps>
    <step num="1.">
      <text><![CDATA[Select the cell or cells with the information you would like to remove and put elsewhere.]]></text>
      <img_name>Images/48438_0.jpg</img_name>
    </step>
    <step num="2.">
      <text><![CDATA[<P>Click the <B>Home</B> tab. In the <B>Clipboard</B> group, click the <B>Cut </B>button.</P>]]></text>
      <img_name>Images/48438_1.jpg</img_name>
    </step>
    <step num="3.">
      <text><![CDATA[Select the cell or cells that you want to put the cut information into.]]></text>
      <img_name>Images/48438_2.jpg</img_name>
    </step>
    <step num="4.">
      <text><![CDATA[<P>Click the <B>Home</B> tab. In the <B>Clipboard</B> group, click the <B>Paste </B>button.</P>]]></text>
      <img_name>Images/48438_3.jpg</img_name>
    </step>
    <step num="5.">
      <text><![CDATA[Notice that the information now appears in the new cells but not in the original cells.]]></text>
      <img_name>Images/48438_4.jpg</img_name>
    </step>
  </steps>
</skill>