<?xml version="1.0" standalone="yes"?>
<skill id="48442">
  <title><![CDATA[4.11 To type a comment in a worksheet cell]]></title>
  <desc><![CDATA[]]></desc>
  <ModifiedDate>2008-05-29</ModifiedDate>
  <steps>
    <step num="1.">
      <text><![CDATA[Select the cell that you would like to write a comment or explanation about.]]></text>
      <img_name>Images/48442_0.jpg</img_name>
    </step>
    <step num="2.">
      <text><![CDATA[Click the <B>Review</B> tab. In the <B>Comments</B> group, click<B> New</B> <B>Comment</B>.]]></text>
      <img_name>Images/48442_1.jpg</img_name>
    </step>
    <step num="3.">
      <text><![CDATA[<P>Type your information in the comment box. If you want, you can type over any words that appear in the box automatically. </P>
<P>&nbsp;</P>Then, click outside of the comment box to deselect it.]]></text>
      <img_name>Images/48442_2.jpg</img_name>
    </step>
    <step num="4.">
      <text><![CDATA[Put the pointer over that cell to read the comment.]]></text>
      <img_name>Images/48442_3.jpg</img_name>
    </step>
  </steps>
</skill>