<?xml version="1.0" standalone="yes"?>
<skill id="48448">
  <title><![CDATA[5.2 To make words and numbers bigger or smaller]]></title>
  <desc><![CDATA[]]></desc>
  <ModifiedDate>2008-05-29</ModifiedDate>
  <steps>
    <step num="1.">
      <text><![CDATA[Select the cell or cells with the information you would like to make bigger or smaller.]]></text>
      <img_name>Images/48448_0.jpg</img_name>
    </step>
    <step num="2.">
      <text><![CDATA[<P>Click the <B>Home</B> tab. In the <B>Font</B> group, click the <B>Font Size</B> arrow and pick a font fontSize number.</P>]]></text>
      <img_name>Images/48448_1.jpg</img_name>
    </step>
    <step num="3.">
      <text><![CDATA[The text will now be set in the font fontSize you chose.]]></text>
      <img_name>Images/48448_2.jpg</img_name>
    </step>
  </steps>
</skill>