<?xml version="1.0" standalone="yes"?>
<skill id="48441">
  <title><![CDATA[4.10 To change the look of dates]]></title>
  <desc><![CDATA[]]></desc>
  <ModifiedDate>2008-05-29</ModifiedDate>
  <steps>
    <step num="1.">
      <text><![CDATA[Select the cell or cells with date information.]]></text>
      <img_name>Images/48441_0.jpg</img_name>
    </step>
    <step num="2.">
      <text><![CDATA[<P>Click the <B>Home</B> tab. In the <B>Number</B> group, click the <B>General </B>arrow.</P>
<P>Then, pick <B>More Number Formats</B>.</P>]]></text>
      <img_name>Images/48441_1.jpg</img_name>
    </step>
    <step num="3.">
      <text><![CDATA[Click the <B>Number </B>tab.]]></text>
      <img_name>Images/48441_2.jpg</img_name>
    </step>
    <step num="4.">
      <text><![CDATA[In the Category list, pick <B>Date</B>.]]></text>
      <img_name>Images/48441_3.jpg</img_name>
    </step>
    <step num="5.">
      <text><![CDATA[Then, pick one of the date types.]]></text>
      <img_name>Images/48441_4.jpg</img_name>
    </step>
    <step num="6.">
      <text><![CDATA[Click <B>OK</B>.]]></text>
      <img_name>Images/48441_5.jpg</img_name>
    </step>
  </steps>
</skill>