<?xml version="1.0" standalone="yes"?>
<skill id="48440">
  <title><![CDATA[4.9 To show numbers as decimals, currency, and percentages]]></title>
  <desc><![CDATA[]]></desc>
  <ModifiedDate>2008-05-29</ModifiedDate>
  <steps>
    <step num="1.">
      <text><![CDATA[Select the cells with numbers that you want to format differently.]]></text>
      <img_name>Images/48440_0.jpg</img_name>
    </step>
    <step num="2.">
      <text><![CDATA[<P>Click the <B>Home</B> tab. In the <B>Number</B> group, click the <B>General </B>arrow.</P>
<P>Then, pick <B>More Number Formats</B>.</P>]]></text>
      <img_name>Images/48440_1.jpg</img_name>
    </step>
    <step num="3.">
      <text><![CDATA[Click the <B>Number </B>tab.]]></text>
      <img_name>Images/48440_2.jpg</img_name>
    </step>
    <step num="4a.">
      <text><![CDATA[<P>There are three common ways to format numbers.</P>
<P>&nbsp;</P>If you want to set how many decimal points there are in your numbers, pick <B>Number</B> from the Category list.]]></text>
      <img_name>Images/48440_3.jpg</img_name>
    </step>
    <step num="4b.">
      <text><![CDATA[Then, type the number of decimal places you want, and click <B>OK</B>.]]></text>
      <img_name>Images/48440_4.jpg</img_name>
    </step>
    <step num="4c.">
      <text><![CDATA[Or, if you want to show numbers as money, pick <B>Currency</B> and then click the <B>Symbol</B> arrow. Pick the symbol for the currency you want.]]></text>
      <img_name>Images/48440_5.jpg</img_name>
    </step>
    <step num="4d.">
      <text><![CDATA[If needed, type the number of decimal places you want. Then, click <B>OK</B>.]]></text>
      <img_name>Images/48440_6.jpg</img_name>
    </step>
    <step num="4e.">
      <text><![CDATA[Or, if you want to show numbers as percentages, pick <B>Percentage</B>.]]></text>
      <img_name>Images/48440_7.jpg</img_name>
    </step>
    <step num="4f.">
      <text><![CDATA[Then, type the number of decimal places you want, and click <B>OK</B>.]]></text>
      <img_name>Images/48440_8.jpg</img_name>
    </step>
  </steps>
</skill>