<?xml version="1.0" standalone="yes"?>
<skill id="48449">
  <title><![CDATA[5.3 To change the style of words and numbers]]></title>
  <desc><![CDATA[]]></desc>
  <ModifiedDate>2008-05-29</ModifiedDate>
  <steps>
    <step num="1.">
      <text><![CDATA[Select the cell or cells with the information you want to change.]]></text>
      <img_name>Images/48449_0.jpg</img_name>
    </step>
    <step num="2a.">
      <text><![CDATA[<P>In the <B>Home</B> tab and <B>Font</B> group, click the <B>Bold</B> button to make the text bold.</P>]]></text>
      <img_name>Images/48449_1.jpg</img_name>
    </step>
    <step num="2b.">
      <text><![CDATA[<P>Click the <B>Italic</B> button on the <B>Font</B> group to make the text italic.</P>]]></text>
      <img_name>Images/48449_2.jpg</img_name>
    </step>
    <step num="2c.">
      <text><![CDATA[<P>Click the <B>Underline</B> button on the <B>Font</B> group to underline the text.</P>]]></text>
      <img_name>Images/48449_3.jpg</img_name>
    </step>
  </steps>
</skill>