<?xml version="1.0" standalone="yes"?>
<skill id="48447">
  <title><![CDATA[5.1 To change the letter design, or font, of words and numbers]]></title>
  <desc><![CDATA[]]></desc>
  <ModifiedDate>2008-05-29</ModifiedDate>
  <steps>
    <step num="1.">
      <text><![CDATA[Select the cell or cells with the information you would like to change.]]></text>
      <img_name>Images/48447_0.jpg</img_name>
    </step>
    <step num="2.">
      <text><![CDATA[<P>Click the <B>Home</B> tab. In the <B>Font</B> group, click the <B>Font</B> arrow. Then, pick one of the options. </P>]]></text>
      <img_name>Images/48447_1.jpg</img_name>
    </step>
    <step num="3.">
      <text><![CDATA[The text will now be set in the font name you chose.]]></text>
      <img_name>Images/48447_2.jpg</img_name>
    </step>
  </steps>
</skill>