<?xml version="1.0" standalone="yes"?>
<skill id="48444">
  <title><![CDATA[4.13 To insert a link to another document saved on your computer]]></title>
  <desc><![CDATA[]]></desc>
  <ModifiedDate>2008-05-29</ModifiedDate>
  <steps>
    <step num="1.">
      <text><![CDATA[Click the cell where you want to add a hyperlink.]]></text>
      <img_name>Images/48444_0.jpg</img_name>
    </step>
    <step num="2.">
      <text><![CDATA[<P>Click the <B>Insert</B> tab. In the <B>Links</B> group, click<b> Hyperlink</b>.</P>]]></text>
      <img_name>Images/48444_1.jpg</img_name>
    </step>
    <step num="3.">
      <text><![CDATA[Pick <B>Existing File or Web Page</B>.]]></text>
      <img_name>Images/48444_2.jpg</img_name>
    </step>
    <step num="4.">
      <text><![CDATA[In the <B>Text to display</B> box, type a name or description of the file you are linking to.]]></text>
      <img_name>Images/48444_3.jpg</img_name>
    </step>
    <step num="5.">
      <text><![CDATA[Click the <B>Look in</B> arrow, and then find and click the file you want to add a link to.]]></text>
      <img_name>Images/48444_4.jpg</img_name>
    </step>
    <step num="6.">
      <text><![CDATA[Click <B>OK</B>.]]></text>
      <img_name>Images/48444_5.jpg</img_name>
    </step>
  </steps>
</skill>