<?xml version="1.0" standalone="yes"?>
<skill id="48446">
  <title><![CDATA[4.15 To find and save a spreadsheet template from the Web]]></title>
  <desc><![CDATA[]]></desc>
  <ModifiedDate>2008-05-29</ModifiedDate>
  <steps>
    <step num="1.">
      <text><![CDATA[<P>Click the <B>Office Button</B>. Then, click<B> New</B>.</P>
<P>&nbsp;</P><B>NOTE:</B> You must be connected to the Internet to complete this skill.]]></text>
      <img_name>Images/48446_0.jpg</img_name>
    </step>
    <step num="2.">
      <text><![CDATA[Pick <B>Featured</B> in the New Workbook dialog box.]]></text>
      <img_name>Images/48446_1.jpg</img_name>
    </step>
    <step num="3.">
      <text><![CDATA[Click the <B>Templates</B> link in the Office Online section.]]></text>
      <img_name>Images/48446_2.jpg</img_name>
    </step>
    <step num="4.">
      <text><![CDATA[In the Templates box, type a word that describes the template you need. Then, click <B>Search</B>.]]></text>
      <img_name>Images/48446_3.jpg</img_name>
    </step>
    <step num="5.">
      <text><![CDATA[<P>Browse the available templates. If needed, use the scroll bar to view all of the templates on the page.<BR></P>
<P>Pick the template that you want.</P>]]></text>
      <img_name>Images/48446_4.jpg</img_name>
    </step>
    <step num="6.">
      <text><![CDATA[Click <B>Download</B>.]]></text>
      <img_name>Images/48446_5.jpg</img_name>
    </step>
    <step num="7.">
      <text><![CDATA[The template will now open in Microsoft Excel*. Make any changes to the template that you want.]]></text>
      <img_name>Images/48446_6.jpg</img_name>
    </step>
    <step num="8.">
      <text><![CDATA[<P>To get help using this template, click the <B>Microsoft Office Excel Help </B>icon<B> </B>in the Ribbon.</P>]]></text>
      <img_name>Images/48446_7.jpg</img_name>
    </step>
    <step num="9.">
      <text><![CDATA[To save this template so you can use it again later, click the <B>Office Button</B>. Then, click<B> Save</B>.]]></text>
      <img_name>Images/48446_8.jpg</img_name>
    </step>
    <step num="10.">
      <text><![CDATA[<P>In the Save as type box, pick <B>Excel</B> <B>Template</B>.</P>]]></text>
      <img_name>Images/48446_9.jpg</img_name>
    </step>
    <step num="11.">
      <text><![CDATA[<P>Make sure that the template is being saved in the Templates folder. If you want to choose another location, browse <B>Folders</B> and find a location on your computer to save the template.</P>]]></text>
      <img_name>Images/48446_10.jpg</img_name>
    </step>
    <step num="12.">
      <text><![CDATA[Click <B>Save</B>.]]></text>
      <img_name>Images/48446_11.jpg</img_name>
    </step>
  </steps>
</skill>