<?xml version="1.0" standalone="yes"?>
<skill id="48455">
  <title><![CDATA[5.9 To add background colour or shading to cells, rows, or columns]]></title>
  <desc><![CDATA[]]></desc>
  <ModifiedDate>2008-05-29</ModifiedDate>
  <steps>
    <step num="1.">
      <text><![CDATA[Select the cells you want to add background colour or shading to.]]></text>
      <img_name>Images/48455_0.jpg</img_name>
    </step>
    <step num="2.">
      <text><![CDATA[<P>Click the <B>Home</B> tab. In the <B>Cells</B> group, click the <B>Format </B>arrow. Then, pick <B>Format Cells</B>. </P>]]></text>
      <img_name>Images/48455_1.jpg</img_name>
    </step>
    <step num="3.">
      <text><![CDATA[<P>Click the<B> Fill</B> tab.</P>]]></text>
      <img_name>Images/48455_2.jpg</img_name>
    </step>
    <step num="4.">
      <text><![CDATA[<P>Pick a background colour.</P>]]></text>
      <img_name>Images/48455_3.jpg</img_name>
    </step>
    <step num="5a.">
      <text><![CDATA[<P>If you want a shading pattern, click the <B>Pattern Style </B>arrow. Then, pick a shading option.</P>
<P>&nbsp;</P>]]></text>
      <img_name>Images/48455_4.jpg</img_name>
    </step>
    <step num="5b.">
      <text><![CDATA[<P>If you want a pattern colour, click the <B>Pattern Color </B>arrow. Then, pick a colour for that pattern.</P>]]></text>
      <img_name>Images/48455_5.jpg</img_name>
    </step>
    <step num="6.">
      <text><![CDATA[Click <B>OK.</B>]]></text>
      <img_name>Images/48455_6.jpg</img_name>
    </step>
  </steps>
</skill>