<?xml version="1.0" standalone="yes"?>
<skill id="48459">
  <title><![CDATA[5.13 To add a premade computer picture, or clip art, to a worksheet]]></title>
  <desc><![CDATA[]]></desc>
  <ModifiedDate>2008-05-29</ModifiedDate>
  <steps>
    <step num="1.">
      <text><![CDATA[View a worksheet where you want to insert a picture.]]></text>
      <img_name>Images/48459_0.jpg</img_name>
    </step>
    <step num="2.">
      <text><![CDATA[<P>Click the <B>Insert</B> tab. In the <B>Illustrations</B> group, click <B>ClipArt</B>.</P>]]></text>
      <img_name>Images/48459_1.jpg</img_name>
    </step>
    <step num="3.">
      <text><![CDATA[<P>In the <B>Search for</B> box, type a word that describes the type of picture you want. </P>
<P>&nbsp;</P>Then, press the <B>Go</B> button and click the picture you want to insert. ]]></text>
      <img_name>Images/48459_2.jpg</img_name>
    </step>
    <step num="4.">
      <text><![CDATA[Notice that the picture is inserted in the worksheet you are viewing in front of any text or other objects in the sheet. ]]></text>
      <img_name>Images/48459_3.jpg</img_name>
    </step>
  </steps>
</skill>