<?xml version="1.0" standalone="yes"?>
<skill id="48451">
  <title><![CDATA[5.5 To change row height]]></title>
  <desc><![CDATA[]]></desc>
  <ModifiedDate>2008-05-29</ModifiedDate>
  <steps>
    <step num="1.">
      <text><![CDATA[Select the rows whose height you want to change.]]></text>
      <img_name>Images/48451_0.jpg</img_name>
    </step>
    <step num="2a.">
      <text><![CDATA[<P>Click the <B>Home</B> tab. In the <B>Cells</B> group, click the <B>Format</B> arrow. </P>
<P>&nbsp;</P>
<P>Then, pick <B>AutoFit Row Height</B>.</P>]]></text>
      <img_name>Images/48451_1.jpg</img_name>
    </step>
    <step num="2b.">
      <text><![CDATA[Or, drag one of the row’s border lines to change the row’s height.]]></text>
      <img_name>Images/48451_2.jpg</img_name>
    </step>
    <step num="2c.">
      <text><![CDATA[Release the mouse button to see the new row height.]]></text>
      <img_name>Images/48451_3.jpg</img_name>
    </step>
  </steps>
</skill>