<?xml version="1.0" standalone="yes"?>
<skill id="48454">
  <title><![CDATA[5.8 To add borders to cells, rows, columns, and worksheets]]></title>
  <desc><![CDATA[]]></desc>
  <ModifiedDate>2008-05-29</ModifiedDate>
  <steps>
    <step num="1.">
      <text><![CDATA[Select the cells you want to add borders around.]]></text>
      <img_name>Images/48454_0.jpg</img_name>
    </step>
    <step num="2.">
      <text><![CDATA[<P>Click the <B>Home</B> tab. In the <B>Cells</B> group, click the <B>Format </B>arrow. Then, pick <B>Format Cells</B>. </P>]]></text>
      <img_name>Images/48454_1.jpg</img_name>
    </step>
    <step num="3.">
      <text><![CDATA[Click the <B>Border </B>tab.]]></text>
      <img_name>Images/48454_2.jpg</img_name>
    </step>
    <step num="4a.">
      <text><![CDATA[<P>Pick one of the border styles. </P>
<P>&nbsp;</P>]]></text>
      <img_name>Images/48454_3.jpg</img_name>
    </step>
    <step num="4b.">
      <text><![CDATA[Then, click the<B> Color</B> arrow and pick a border colour.]]></text>
      <img_name>Images/48454_4.jpg</img_name>
    </step>
    <step num="5.">
      <text><![CDATA[Click the <B>Outline</B> and <B>Inside</B> buttons to add the border style along the outer edge and in between the selected cells.]]></text>
      <img_name>Images/48454_5.jpg</img_name>
    </step>
    <step num="6.">
      <text><![CDATA[Check the Preview box to make sure you like the look of the new borders.]]></text>
      <img_name>Images/48454_6.jpg</img_name>
    </step>
    <step num="7.">
      <text><![CDATA[Click <B>OK.</B>]]></text>
      <img_name>Images/48454_7.jpg</img_name>
    </step>
  </steps>
</skill>