<?xml version="1.0" standalone="yes"?>
<skill id="48453">
  <title><![CDATA[5.7 To change the alignment of information within a cell or cells]]></title>
  <desc><![CDATA[]]></desc>
  <ModifiedDate>2008-05-29</ModifiedDate>
  <steps>
    <step num="1.">
      <text><![CDATA[Select the cell or cells with the information that you would like to position differently.]]></text>
      <img_name>Images/48453_0.jpg</img_name>
    </step>
    <step num="2a.">
      <text><![CDATA[<P>To align the information in your cells to the left, click the <B>Home</B> tab. In the <B>Alignment</B> group, click the <B>Align Text Left </B>button. </P>
<P>&nbsp;</P>]]></text>
      <img_name>Images/48453_1.jpg</img_name>
    </step>
    <step num="2b.">
      <text><![CDATA[<P>To align the information in your cells in the center, click the <B>Center </B>button in the <B>Home</B> tab and <B>Alignment</B> group.</P>]]></text>
      <img_name>Images/48453_2.jpg</img_name>
    </step>
    <step num="2c.">
      <text><![CDATA[<P>To align the information in your cells to the right, click the <B>Align Text Right </B>button in the <B>Home</B> tab and <B>Alignment</B> group.</P>]]></text>
      <img_name>Images/48453_3.jpg</img_name>
    </step>
    <step num="3.">
      <text><![CDATA[<P>To change the top/bottom position of the information in the cells, click the <B>Home</B> tab. <B>&nbsp;</B>In the <B>Alignment</B> group, click the<B> Orientation </B>arrow. </P>]]></text>
      <img_name>Images/48453_4.jpg</img_name>
    </step>
    <step num="4.">
      <text><![CDATA[<P>Then, pick <B>Format Cell Alignment.</B></P>]]></text>
      <img_name>Images/48453_5.jpg</img_name>
    </step>
    <step num="5.">
      <text><![CDATA[Click the<B> Vertical</B> arrow and pick one of the options.]]></text>
      <img_name>Images/48453_6.jpg</img_name>
    </step>
    <step num="6a.">
      <text><![CDATA[To tilt the information, drag the red diamond in the <B>Orientation</B> box up or down.]]></text>
      <img_name>Images/48453_7.jpg</img_name>
    </step>
    <step num="6b.">
      <text><![CDATA[Or, click the<B> Degrees</B> arrow and pick a degree point.]]></text>
      <img_name>Images/48453_8.jpg</img_name>
    </step>
    <step num="7.">
      <text><![CDATA[When you are finished, click <B>OK</B>.]]></text>
      <img_name>Images/48453_9.jpg</img_name>
    </step>
  </steps>
</skill>