<?xml version="1.0" standalone="yes"?>
<skill id="48452">
  <title><![CDATA[5.6 To change column width]]></title>
  <desc><![CDATA[]]></desc>
  <ModifiedDate>2008-05-29</ModifiedDate>
  <steps>
    <step num="1.">
      <text><![CDATA[Select the columns whose width you want to change.]]></text>
      <img_name>Images/48452_0.jpg</img_name>
    </step>
    <step num="2a.">
      <text><![CDATA[<P>Click the <B>Home</B> tab. In the <B>Cells</B> group, click the <B>Format</B> arrow. </P>
<P>&nbsp;</P>
<P>Then, pick <B>AutoFit Column Width</B>.</P>]]></text>
      <img_name>Images/48452_1.jpg</img_name>
    </step>
    <step num="2b.">
      <text><![CDATA[Or, drag one of the column’s border lines to change the column’s width.]]></text>
      <img_name>Images/48452_2.jpg</img_name>
    </step>
    <step num="2c.">
      <text><![CDATA[Release the mouse button to see the new column width.]]></text>
      <img_name>Images/48452_3.jpg</img_name>
    </step>
  </steps>
</skill>