<?xml version="1.0" standalone="yes"?>
<skill id="48457">
  <title><![CDATA[5.11 To apply an AutoFormat to a worksheet]]></title>
  <desc><![CDATA[]]></desc>
  <ModifiedDate>2008-05-29</ModifiedDate>
  <steps>
    <step num="1.">
      <text><![CDATA[Select all of the cells with information in a worksheet.]]></text>
      <img_name>Images/48457_0.jpg</img_name>
    </step>
    <step num="2.">
      <text><![CDATA[<P>Click the <B>Home</B> tab. In the <B>Styles</B> group, click the <B>Format as Table </B>arrow. </P>]]></text>
      <img_name>Images/48457_1.jpg</img_name>
    </step>
    <step num="3.">
      <text><![CDATA[<P>Pick one of the Table Styles.</P>]]></text>
      <img_name>Images/48457_2.jpg</img_name>
    </step>
    <step num="4.">
      <text><![CDATA[Click <B>OK</B> in the Format as Table dialog box.]]></text>
      <img_name>Images/48457_3.jpg</img_name>
    </step>
    <step num="5.">
      <text><![CDATA[<P>Notice that the information in the worksheet is converted to a pre-defined table style. </P>
<P>&nbsp;</P><B>NOTE:</B> In the Design tab and Table Style Options group, uncheck the Header Row box to remove the Sort and Filter tool in the worksheet.]]></text>
      <img_name>Images/48457_4.jpg</img_name>
    </step>
  </steps>
</skill>