<?xml version="1.0" standalone="yes"?>
<skill id="48450">
  <title><![CDATA[5.4 To change the colour of words and numbers]]></title>
  <desc><![CDATA[]]></desc>
  <ModifiedDate>2008-05-29</ModifiedDate>
  <steps>
    <step num="1.">
      <text><![CDATA[Select the cell or cells with the information you want to set in a different colour.]]></text>
      <img_name>Images/48450_0.jpg</img_name>
    </step>
    <step num="2a.">
      <text><![CDATA[<P>Click the <B>Home</B> tab. In the <B>Font</B> group, click the <B>Font Color</B> arrow. </P>]]></text>
      <img_name>Images/48450_1.jpg</img_name>
    </step>
    <step num="2b.">
      <text><![CDATA[Pick one of the colours.]]></text>
      <img_name>Images/48450_2.jpg</img_name>
    </step>
    <step num="3.">
      <text><![CDATA[The text will now be set in the colour you chose.]]></text>
      <img_name>Images/48450_3.jpg</img_name>
    </step>
  </steps>
</skill>