<?xml version="1.0" standalone="yes"?>
<skill id="48458">
  <title><![CDATA[5.12 To remove or clear cell formatting]]></title>
  <desc><![CDATA[]]></desc>
  <ModifiedDate>2008-05-29</ModifiedDate>
  <steps>
    <step num="1.">
      <text><![CDATA[Select the cell or cells with the borders, shading, or formatting you want to get rid of.]]></text>
      <img_name>Images/48458_0.jpg</img_name>
    </step>
    <step num="2.">
      <text><![CDATA[<P>Click the <B>Home</B> tab. In the <B>Editing</B> group, click the <B>Clear</B> arrow. Then, pick <B>Clear Formats</B>.</P>]]></text>
      <img_name>Images/48458_1.jpg</img_name>
    </step>
    <step num="3.">
      <text><![CDATA[Notice that the text as well as the cell formatting is cleared.]]></text>
      <img_name>Images/48458_2.jpg</img_name>
    </step>
    <step num="4.">
      <text><![CDATA[<P>If you want to get rid of just one part of a cell’s formatting, such as the borders or the shading, you can click the <B>Border</B> arrow and pick <B>No Border</B>, or click the <B>Fill Color</B> arrow and pick <B>No Fill </B>from the <B>Font</B> group in the <B>Home</B> tab. </P>]]></text>
      <img_name>Images/48458_3.jpg</img_name>
    </step>
  </steps>
</skill>