<?xml version="1.0" standalone="yes"?>
<skill id="48456">
  <title><![CDATA[5.10 To combine or merge cells]]></title>
  <desc><![CDATA[]]></desc>
  <ModifiedDate>2008-05-29</ModifiedDate>
  <steps>
    <step num="1.">
      <text><![CDATA[Select the cells that you would like to combine or merge into one.]]></text>
      <img_name>Images/48456_0.jpg</img_name>
    </step>
    <step num="2.">
      <text><![CDATA[<P>Click the <B>Home</B> tab. In the <B>Cells</B> group, click the <B>Format </B>arrow. Then, pick <B>Format Cells</B>. </P>]]></text>
      <img_name>Images/48456_1.jpg</img_name>
    </step>
    <step num="3.">
      <text><![CDATA[Click the<B> Alignment</B> tab.]]></text>
      <img_name>Images/48456_2.jpg</img_name>
    </step>
    <step num="4.">
      <text><![CDATA[Click <B>Merge cells</B>.]]></text>
      <img_name>Images/48456_3.jpg</img_name>
    </step>
    <step num="5.">
      <text><![CDATA[Click <B>OK.</B>]]></text>
      <img_name>Images/48456_4.jpg</img_name>
    </step>
  </steps>
</skill>