<?xml version="1.0" standalone="yes"?>
<skill id="48466">
  <title><![CDATA[6.5 To remove or delete a row or several rows]]></title>
  <desc><![CDATA[]]></desc>
  <ModifiedDate>2008-05-29</ModifiedDate>
  <steps>
    <step num="1a.">
      <text><![CDATA[Select the number label of a row you want to remove.]]></text>
      <img_name>Images/48466_0.jpg</img_name>
    </step>
    <step num="1b.">
      <text><![CDATA[Or, select the number labels of two or more rows you want to remove.]]></text>
      <img_name>Images/48466_1.jpg</img_name>
    </step>
    <step num="2.">
      <text><![CDATA[<P>Click the <B>Home </B>tab. In the <B>Cells</B> group, click the <B>Delete</B> arrow. Then, pick <B>Delete Sheet Rows.</B></P>]]></text>
      <img_name>Images/48466_2.jpg</img_name>
    </step>
    <step num="3a.">
      <text><![CDATA[If you selected one row, notice that the row is now deleted.]]></text>
      <img_name>Images/48466_3.jpg</img_name>
    </step>
    <step num="3b.">
      <text><![CDATA[If you selected two or more rows, notice that the rows are all now deleted.]]></text>
      <img_name>Images/48466_4.jpg</img_name>
    </step>
  </steps>
</skill>