<?xml version="1.0" standalone="yes"?>
<skill id="48463">
  <title><![CDATA[6.2 To move a column or several columns]]></title>
  <desc><![CDATA[]]></desc>
  <ModifiedDate>2008-05-29</ModifiedDate>
  <steps>
    <step num="1.">
      <text><![CDATA[Select the letter of the column or columns that you want to move.]]></text>
      <img_name>Images/48463_0.jpg</img_name>
    </step>
    <step num="2.">
      <text><![CDATA[<P>Click the <B>Home</B> tab. In the <B>Clipboard</B> group, click the <B>Cut</B> button.</P>]]></text>
      <img_name>Images/48463_1.jpg</img_name>
    </step>
    <step num="3.">
      <text><![CDATA[<P>Select the letter of the column or columns that you want to put the cut information into. </P>
<P>&nbsp;</P><B>NOTE:</B> You need to select the same number of columns as the number that you cut.]]></text>
      <img_name>Images/48463_2.jpg</img_name>
    </step>
    <step num="4.">
      <text><![CDATA[<P>Click the <B>Home</B> tab. In the <B>Clipboard</B> group, click the <B>Paste</B> button.</P>]]></text>
      <img_name>Images/48463_3.jpg</img_name>
    </step>
    <step num="5.">
      <text><![CDATA[Notice that the original cells are left empty, and the cut information now appears in the new cells.]]></text>
      <img_name>Images/48463_4.jpg</img_name>
    </step>
  </steps>
</skill>