<?xml version="1.0" standalone="yes"?>
<skill id="48464">
  <title><![CDATA[6.3 To add or insert a row or several new rows]]></title>
  <desc><![CDATA[]]></desc>
  <ModifiedDate>2008-05-29</ModifiedDate>
  <steps>
    <step num="1a.">
      <text><![CDATA[<P>To insert one row, select one row below where you want to add the new row.</P>]]></text>
      <img_name>Images/48464_0.jpg</img_name>
    </step>
    <step num="1b.">
      <text><![CDATA[Or, to insert a number of rows, select the same number of rows below where you want to add the new rows.]]></text>
      <img_name>Images/48464_1.jpg</img_name>
    </step>
    <step num="2.">
      <text><![CDATA[Click the <B>Home </B>tab. In the <B>Cells</B> group, click the <B>Insert</B> arrow. Then, pick <B>Insert Sheet Rows</B>. ]]></text>
      <img_name>Images/48464_2.jpg</img_name>
    </step>
    <step num="3a.">
      <text><![CDATA[If you selected only one row, one new row will be inserted above the one you selected.]]></text>
      <img_name>Images/48464_3.jpg</img_name>
    </step>
    <step num="3b.">
      <text><![CDATA[Or, if you selected more than one row, the same number of rows you selected will be inserted above.]]></text>
      <img_name>Images/48464_4.jpg</img_name>
    </step>
  </steps>
</skill>