<?xml version="1.0" standalone="yes"?>
<skill id="48462">
  <title><![CDATA[6.1 To move a row or several rows]]></title>
  <desc><![CDATA[]]></desc>
  <ModifiedDate>2008-05-29</ModifiedDate>
  <steps>
    <step num="1.">
      <text><![CDATA[Select the number of the row or rows that you want to move.]]></text>
      <img_name>Images/48462_0.jpg</img_name>
    </step>
    <step num="2.">
      <text><![CDATA[<P>Click the <B>Home</B> tab. In the <B>Clipboard</B> group, click the <B>Cut</B> button.</P>]]></text>
      <img_name>Images/48462_1.jpg</img_name>
    </step>
    <step num="3.">
      <text><![CDATA[<P>Select the number of the row or rows that you want to put the cut information into. </P>
<P>&nbsp;</P><B>NOTE:</B> You need to select the same number of rows as the number that you cut.]]></text>
      <img_name>Images/48462_2.jpg</img_name>
    </step>
    <step num="4.">
      <text><![CDATA[<P>Click the <B>Home</B> tab. In the <B>Clipboard</B> group, click the <B>Paste</B> button.</P>]]></text>
      <img_name>Images/48462_3.jpg</img_name>
    </step>
    <step num="5.">
      <text><![CDATA[Notice that the original cells are left empty, and the cut information now appears in the new cells.]]></text>
      <img_name>Images/48462_4.jpg</img_name>
    </step>
  </steps>
</skill>