<?xml version="1.0" standalone="yes"?>
<skill id="48467">
  <title><![CDATA[6.6 To remove or delete a column or several columns]]></title>
  <desc><![CDATA[]]></desc>
  <ModifiedDate>2008-05-29</ModifiedDate>
  <steps>
    <step num="1a.">
      <text><![CDATA[Select the letter label of a column you want to remove.]]></text>
      <img_name>Images/48467_0.jpg</img_name>
    </step>
    <step num="1b.">
      <text><![CDATA[Or, select the letter labels of two or more columns you want to remove.]]></text>
      <img_name>Images/48467_1.jpg</img_name>
    </step>
    <step num="2.">
      <text><![CDATA[<P>Click the <B>Home </B>tab. In the <B>Cells</B> group, click the <B>Delete</B> arrow. Then, pick <B>Delete Sheet Columns. </B></P>]]></text>
      <img_name>Images/48467_2.jpg</img_name>
    </step>
    <step num="3a.">
      <text><![CDATA[If you selected one column, notice that the column is now deleted.]]></text>
      <img_name>Images/48467_3.jpg</img_name>
    </step>
    <step num="3b.">
      <text><![CDATA[If you selected two or more columns, notice that the columns are all now deleted.]]></text>
      <img_name>Images/48467_4.jpg</img_name>
    </step>
  </steps>
</skill>