<?xml version="1.0" standalone="yes"?>
<skill id="48460">
  <title><![CDATA[5.14 To add a background picture to a worksheet]]></title>
  <desc><![CDATA[]]></desc>
  <ModifiedDate>2008-05-29</ModifiedDate>
  <steps>
    <step num="1.">
      <text><![CDATA[View a worksheet where you want to insert a background picture.]]></text>
      <img_name>Images/48460_0.jpg</img_name>
    </step>
    <step num="2.">
      <text><![CDATA[<P>Click the <B>Page Layout</B> tab. In the <B>Page Setup</B> group, click <B>Background</B>.</P>]]></text>
      <img_name>Images/48460_1.jpg</img_name>
    </step>
    <step num="3.">
      <text><![CDATA[<P>Browse <B>Folders</B> and find the place on your computer where the picture you want to add is saved.</P>]]></text>
      <img_name>Images/48460_2.jpg</img_name>
    </step>
    <step num="4.">
      <text><![CDATA[Pick a picture file and click <B>Insert</B>.]]></text>
      <img_name>Images/48460_3.jpg</img_name>
    </step>
    <step num="5.">
      <text><![CDATA[Notice that the picture is inserted in the worksheet you are viewing beneath any text or other objects in the sheet. ]]></text>
      <img_name>Images/48460_4.jpg</img_name>
    </step>
  </steps>
</skill>