<?xml version="1.0" standalone="yes"?>
<skill id="48468">
  <title><![CDATA[6.7 To sort or change the order of rows based on certain information]]></title>
  <desc><![CDATA[]]></desc>
  <ModifiedDate>2008-05-29</ModifiedDate>
  <steps>
    <step num="1.">
      <text><![CDATA[Select all of the rows that you want to put in a different order.]]></text>
      <img_name>Images/48468_0.jpg</img_name>
    </step>
    <step num="2.">
      <text><![CDATA[<P>Click the <B>Home </B>tab. In the <B>Editing</B> group, click the <B>Sort &amp; Filter</B> arrow. </P>
<P>Then, pick <B>Custom Sort.</B></P>]]></text>
      <img_name>Images/48468_1.jpg</img_name>
    </step>
    <step num="3.">
      <text><![CDATA[Pick the column with the information that you want to sort by.]]></text>
      <img_name>Images/48468_2.jpg</img_name>
    </step>
    <step num="4.">
      <text><![CDATA[<P>Pick <B>A to Z</B> or <B>Z to A</B> to determine the order to sort the data and click <B>OK</B>.</P>]]></text>
      <img_name>Images/48468_3.jpg</img_name>
    </step>
    <step num="5.">
      <text><![CDATA[If you picked <B>A to Z</B>, the data will be sorted in alphabetical or numerical order.]]></text>
      <img_name>Images/48468_4.jpg</img_name>
    </step>
    <step num="6.">
      <text><![CDATA[Or, if you picked <B>Z to A</B>, the data will be sorted in reverse alphabetical or numerical order.]]></text>
      <img_name>Images/48468_5.jpg</img_name>
    </step>
  </steps>
</skill>