<?xml version="1.0" standalone="yes"?>
<skill id="48465">
  <title><![CDATA[6.4 To add or insert a column or several new columns]]></title>
  <desc><![CDATA[]]></desc>
  <ModifiedDate>2008-05-29</ModifiedDate>
  <steps>
    <step num="1a.">
      <text><![CDATA[To insert one column, select one column to the right of where you want to add the new column.]]></text>
      <img_name>Images/48465_0.jpg</img_name>
    </step>
    <step num="1b.">
      <text><![CDATA[Or, to insert a number of columns, select the same number of columns to the right of where you want to add the new columns.]]></text>
      <img_name>Images/48465_1.jpg</img_name>
    </step>
    <step num="2.">
      <text><![CDATA[<P>Click the <B>Home </B>tab. In the <B>Cells</B> group, click the <B>Insert</B> arrow. Then, pick <B>Insert Sheet Columns.</B></P>]]></text>
      <img_name>Images/48465_2.jpg</img_name>
    </step>
    <step num="3a.">
      <text><![CDATA[If you selected only one column, one new column will be inserted to the left of the one you selected.]]></text>
      <img_name>Images/48465_3.jpg</img_name>
    </step>
    <step num="3b.">
      <text><![CDATA[Or, if you selected more than one column, the same number of columns will be inserted to the left.]]></text>
      <img_name>Images/48465_4.jpg</img_name>
    </step>
  </steps>
</skill>