<?xml version="1.0" standalone="yes"?>
<skill id="48469">
  <title><![CDATA[6.8 To hide information]]></title>
  <desc><![CDATA[]]></desc>
  <ModifiedDate>2008-05-29</ModifiedDate>
  <steps>
    <step num="1a.">
      <text><![CDATA[Select a row that you want to hide.]]></text>
      <img_name>Images/48469_0.jpg</img_name>
    </step>
    <step num="1b.">
      <text><![CDATA[Or, select a column that you want to hide.]]></text>
      <img_name>Images/48469_1.jpg</img_name>
    </step>
    <step num="2a.">
      <text><![CDATA[<P>Click the <B>Home </B>tab. In the <B>Cells</B> group, click the <B>Format </B>arrow. Pick <B>Hide &amp; Unhide</B> and then pick <B>Hide Rows</B>.</P>]]></text>
      <img_name>Images/48469_2.jpg</img_name>
    </step>
    <step num="2b.">
      <text><![CDATA[<P>Or, click the <B>Home </B>tab. In the <B>Cells</B> group, click the <B>Format </B>arrow. Pick <B>Hide &amp; Unhide</B> and then pick <B>Hide Columns.</B></P>]]></text>
      <img_name>Images/48469_3.jpg</img_name>
    </step>
    <step num="2c.">
      <text><![CDATA[If you hid a row, notice that the hidden row’s number label is now skipped.]]></text>
      <img_name>Images/48469_4.jpg</img_name>
    </step>
    <step num="2d.">
      <text><![CDATA[Or, if you hid a column, notice that the hidden column’s letter label is now skipped.]]></text>
      <img_name>Images/48469_5.jpg</img_name>
    </step>
  </steps>
</skill>