<?xml version="1.0" standalone="yes"?>
<skill id="48461">
  <title><![CDATA[5.15 To automatically change the look of a cell based on certain information]]></title>
  <desc><![CDATA[]]></desc>
  <ModifiedDate>2008-05-29</ModifiedDate>
  <steps>
    <step num="1.">
      <text><![CDATA[Select the cells with specific information or values that you want to stand out.]]></text>
      <img_name>Images/48461_0.jpg</img_name>
    </step>
    <step num="2.">
      <text><![CDATA[<P>Click the <B>Home</B> tab. In the <B>Styles</B> group, click the <B>Conditional Formatting </B>arrow.</P>]]></text>
      <img_name>Images/48461_1.jpg</img_name>
    </step>
    <step num="3.">
      <text><![CDATA[<P>Pick <B>Highlight Cells Rules </B><B>| Between.</B>&nbsp; </P>
<P>&nbsp;</P>
<P>Fill in all of the information. </P>]]></text>
      <img_name>Images/48461_2.jpg</img_name>
    </step>
    <step num="4.">
      <text><![CDATA[<P>Select <B>Custom Format</B>. </P>]]></text>
      <img_name>Images/48461_3.jpg</img_name>
    </step>
    <step num="5.">
      <text><![CDATA[Click the<B> Font</B> tab and change the font, fontSize, style, or colour of the information. (See the following Spreadsheet Skills:<A href="SS 5.1"> To change the letter design, or font, of words and numbers</A>;&nbsp; <A href="SS 5.2">To make words and numbers bigger or smaller</A>; <A href="SS 5.3">To change the style of words and numbers</A>; <A href="SS 5.4">To change the colour of words and numbers</A>; <A href="SS 5.5">To change row height</A>.) ]]></text>
      <img_name>Images/48461_4.jpg</img_name>
    </step>
    <step num="6.">
      <text><![CDATA[Click the <B>Border</B> tab and add borders as you wish. (See Spreadsheet Skill: <A href="ss 5.8">To add borders to cells, rows, columns, and worksheets</A>.)]]></text>
      <img_name>Images/48461_5.jpg</img_name>
    </step>
    <step num="7.">
      <text><![CDATA[Click the <B>Fill </B>tab and add a fill colour. (See Spreadsheet Skill: <A href="SS 5.9">To add background colour or shading to cells, rows, or columns</A>.) ]]></text>
      <img_name>Images/48461_6.jpg</img_name>
    </step>
    <step num="8.">
      <text><![CDATA[<P>When you are finished, click <B>OK</B> to close the Format Cells window. </P>
<P>&nbsp;</P>Then, click<B> OK </B>again to close the Conditional Formatting window.]]></text>
      <img_name>Images/48461_7.jpg</img_name>
    </step>
  </steps>
</skill>