<?xml version="1.0" standalone="yes"?>
<skill id="48470">
  <title><![CDATA[6.9 To hide cell gridlines]]></title>
  <desc><![CDATA[]]></desc>
  <ModifiedDate>2008-05-29</ModifiedDate>
  <steps>
    <step num="1.">
      <text><![CDATA[View a worksheet.]]></text>
      <img_name>Images/48470_0.jpg</img_name>
    </step>
    <step num="2.">
      <text><![CDATA[<P>Click <B>Office Button |Excel Options</B>.</P>]]></text>
      <img_name>Images/48470_1.jpg</img_name>
    </step>
    <step num="3.">
      <text><![CDATA[Click <B>Advanced</B>.]]></text>
      <img_name>Images/48470_2.jpg</img_name>
    </step>
    <step num="4.">
      <text><![CDATA[<P>In the Advanced options section, scroll down to find <B>Display options for this worksheet</B>. </P>
<P>Click <B>Show</B> <B>gridlines </B>to clear this box.</P>]]></text>
      <img_name>Images/48470_3.jpg</img_name>
    </step>
    <step num="5.">
      <text><![CDATA[Click <B>OK</B>.]]></text>
      <img_name>Images/48470_4.jpg</img_name>
    </step>
  </steps>
</skill>