<?xml version="1.0" standalone="yes"?>
<skill id="48473">
  <title><![CDATA[7.2 To figure out the average of numbers in a row or column]]></title>
  <desc><![CDATA[]]></desc>
  <ModifiedDate>2008-05-29</ModifiedDate>
  <steps>
    <step num="1a.">
      <text><![CDATA[Click the first empty box, or <I>cell</I>, to the right of the row of numbers you want to find the average for.]]></text>
      <img_name>Images/48473_0.jpg</img_name>
    </step>
    <step num="1b.">
      <text><![CDATA[Or, click the first empty cell below the column of numbers you want to find the average for.]]></text>
      <img_name>Images/48473_1.jpg</img_name>
    </step>
    <step num="2.">
      <text><![CDATA[<P>Click the <B>Home </B>tab. In the <B>Editing</B> group, click the <B>AutoSum </B>arrow. Then click <B>More Functions</B>. </P>
<P>&nbsp;</P>
<P>Or, click the <B>Insert Function </B>button.</P>
<P>&nbsp;</P>
<P><B>NOTE:</B> The Insert Function button is located on the Formula Bar (below the Ribbon).</P>]]></text>
      <img_name>Images/48473_2.jpg</img_name>
    </step>
    <step num="3.">
      <text><![CDATA[In the list of function categories, click <B>Most Recently Used</B>.]]></text>
      <img_name>Images/48473_3.jpg</img_name>
    </step>
    <step num="4.">
      <text><![CDATA[<P>Pick <B>AVERAGE</B> in the Select a function list and click <B>OK</B>.</P>]]></text>
      <img_name>Images/48473_4.jpg</img_name>
    </step>
    <step num="5a.">
      <text><![CDATA[Look at the average formula in the cell at the end of the row or in the Average box, and make sure the range of cell values to be averaged is correct.]]></text>
      <img_name>Images/48473_5.jpg</img_name>
    </step>
    <step num="5b.">
      <text><![CDATA[Or, look at the average formula in the cell at the bottom of the column or in the Average box, and make sure the range of cell values to be averaged is correct.]]></text>
      <img_name>Images/48473_6.jpg</img_name>
    </step>
    <step num="6.">
      <text><![CDATA[Click <B>OK</B>, or press the <B>Enter </B>key.]]></text>
      <img_name>Images/48473_7.jpg</img_name>
    </step>
    <step num="7.">
      <text><![CDATA[Notice that the result of the formula now shows in the cell.]]></text>
      <img_name>Images/48473_8.jpg</img_name>
    </step>
  </steps>
</skill>