<?xml version="1.0" standalone="yes"?>
<skill id="48475">
  <title><![CDATA[7.4 To subtract numbers by writing your own maths sentence or formula]]></title>
  <desc><![CDATA[]]></desc>
  <ModifiedDate>2008-05-29</ModifiedDate>
  <steps>
    <step num="1.">
      <text><![CDATA[Click the empty box, or <I>cell</I>, where you want to put the formula.]]></text>
      <img_name>Images/48475_0.jpg</img_name>
    </step>
    <step num="2.">
      <text><![CDATA[Press the <B>Equal Sign</B> key.]]></text>
      <img_name>Images/48475_1.jpg</img_name>
    </step>
    <step num="3a.">
      <text><![CDATA[Type the first number that you want to subtract from.]]></text>
      <img_name>Images/48475_2.jpg</img_name>
    </step>
    <step num="3b.">
      <text><![CDATA[Or, click the cell with the first number that you want to subtract from.]]></text>
      <img_name>Images/48475_3.jpg</img_name>
    </step>
    <step num="3c.">
      <text><![CDATA[Or, type the column letter and row number of the cell with that number.]]></text>
      <img_name>Images/48475_4.jpg</img_name>
    </step>
    <step num="4.">
      <text><![CDATA[Press the <B>Minus</B> key.]]></text>
      <img_name>Images/48475_5.jpg</img_name>
    </step>
    <step num="5a.">
      <text><![CDATA[Type the number that you want to subtract from the first number. ]]></text>
      <img_name>Images/48475_6.jpg</img_name>
    </step>
    <step num="5b.">
      <text><![CDATA[Or, click the cell with the next number that you want to subtract from the first number.]]></text>
      <img_name>Images/48475_7.jpg</img_name>
    </step>
    <step num="5c.">
      <text><![CDATA[Or, type the column letter and row number of the cell with that second number.]]></text>
      <img_name>Images/48475_8.jpg</img_name>
    </step>
    <step num="6.">
      <text><![CDATA[Press the <B>Enter</B> key.]]></text>
      <img_name>Images/48475_9.jpg</img_name>
    </step>
  </steps>
</skill>