<?xml version="1.0" standalone="yes"?>
<skill id="48472">
  <title><![CDATA[7.1 To sum or add the numbers in a row or column]]></title>
  <desc><![CDATA[]]></desc>
  <ModifiedDate>2008-05-29</ModifiedDate>
  <steps>
    <step num="1a.">
      <text><![CDATA[Click the first empty box, or <I>cell</I>, to the right of the row of numbers you want to add.]]></text>
      <img_name>Images/48472_0.jpg</img_name>
    </step>
    <step num="1b.">
      <text><![CDATA[Or, click the first empty cell below the column of numbers you want to add.]]></text>
      <img_name>Images/48472_1.jpg</img_name>
    </step>
    <step num="2.">
      <text><![CDATA[<P>Click the <B>Home </B>tab. In the <B>Editing</B> group, click the <B>AutoSum </B>arrow.</P>]]></text>
      <img_name>Images/48472_2.jpg</img_name>
    </step>
    <step num="3.">
      <text><![CDATA[Notice that a border appears around the cells the program thinks you want to add. You will also see the Sum formula in the empty cell you first clicked.]]></text>
      <img_name>Images/48472_3.jpg</img_name>
    </step>
    <step num="4.">
      <text><![CDATA[If the numbers in the border are <I>not</I> what you want to add, click the cell with the first number you want. Then, hold down the <B>Control</B> key and click the other numbers. Notice that the Sum formula changes to show those new cells.]]></text>
      <img_name>Images/48472_4.jpg</img_name>
    </step>
    <step num="5.">
      <text><![CDATA[Press the <B>Enter</B> key.]]></text>
      <img_name>Images/48472_5.jpg</img_name>
    </step>
    <step num="6.">
      <text><![CDATA[Notice that the result of the formula now shows in the cell.]]></text>
      <img_name>Images/48472_6.jpg</img_name>
    </step>
  </steps>
</skill>