<?xml version="1.0" standalone="yes"?>
<skill id="48479">
  <title><![CDATA[7.8 To create a complex or unusual formula]]></title>
  <desc><![CDATA[]]></desc>
  <ModifiedDate>2008-05-29</ModifiedDate>
  <steps>
    <step num="1.">
      <text><![CDATA[Click the empty box, or <I>cell</I>, where you want to put the formula.]]></text>
      <img_name>Images/48479_0.jpg</img_name>
    </step>
    <step num="2.">
      <text><![CDATA[<P>Click the <B>Home </B>tab. In the <B>Editing</B> group, click the <B>AutoSum </B>arrow. Then click <B>More Functions</B>. </P>
<P>&nbsp;</P>
<P>Or, click the <B>Insert Function </B>button.</P>
<P>&nbsp;</P>
<P><B>NOTE:</B> The Insert Function button is located on the Formula Bar (below the Ribbon).</P>]]></text>
      <img_name>Images/48479_1.jpg</img_name>
    </step>
    <step num="3a.">
      <text><![CDATA[<P>Pick the function that you want to use by typing a question or statement in the <B>Search for a function</B> box and then clicking <B>Go</B>.</P>]]></text>
      <img_name>Images/48479_2.jpg</img_name>
    </step>
    <step num="3b.">
      <text><![CDATA[Or, pick the function that you want to use by selecting a category of functions.]]></text>
      <img_name>Images/48479_3.jpg</img_name>
    </step>
    <step num="3c.">
      <text><![CDATA[Or, pick the function that you want to use by selecting a function from the list.]]></text>
      <img_name>Images/48479_4.jpg</img_name>
    </step>
    <step num="4.">
      <text><![CDATA[Click <B>OK</B>.]]></text>
      <img_name>Images/48479_5.jpg</img_name>
    </step>
    <step num="5.">
      <text><![CDATA[<P>Enter the needed information in the Function Arguments boxes.</P>
<P>&nbsp;</P><B>NOTE:</B> The information you need to enter will change depending on what function you picked.]]></text>
      <img_name>Images/48479_6.jpg</img_name>
    </step>
    <step num="6.">
      <text><![CDATA[Click <B>OK</B>.]]></text>
      <img_name>Images/48479_7.jpg</img_name>
    </step>
  </steps>
</skill>