<?xml version="1.0" standalone="yes"?>
<skill id="48478">
  <title><![CDATA[7.7 To use other automatic formulas]]></title>
  <desc><![CDATA[]]></desc>
  <ModifiedDate>2008-05-29</ModifiedDate>
  <steps>
    <step num="1.">
      <text><![CDATA[Click the empty box, or <I>cell</I>, where you want to put the formula.]]></text>
      <img_name>Images/48478_0.jpg</img_name>
    </step>
    <step num="2a.">
      <text><![CDATA[<P>To add the numbers in a row or column, click the <B>Home</B> tab. In the <B>Editing</B> group, click the <B>AutoSum</B> arrow and pick <B>Sum</B>.&nbsp;</P>
<P>&nbsp;</P>(For more help on adding numbers, see Spreadsheet Skill: <A href="SS 7.1">To sum or add the numbers in a row or column</A>.)]]></text>
      <img_name>Images/48478_1.jpg</img_name>
    </step>
    <step num="2b.">
      <text><![CDATA[<P>Or, to find out the typical amount of the numbers in a row or column, click the <B>AutoSum</B> arrow on the <B>Editing</B> group and pick <B>Average</B>.&nbsp;</P>
<P>&nbsp;</P>(For more help on finding averages, see Spreadsheet Skill: <A href="SS 7.2">To figure out the average of numbers in a row or column</A>.)]]></text>
      <img_name>Images/48478_2.jpg</img_name>
    </step>
    <step num="2c.">
      <text><![CDATA[<P>Or, to count the number of entries in a row or column, click the <B>AutoSum</B> arrow on the <B>Editing</B> group and pick <B>Count Numbers</B>.</P>]]></text>
      <img_name>Images/48478_3.jpg</img_name>
    </step>
    <step num="2d.">
      <text><![CDATA[<P>Or, to find out the highest number in a row or column, click the <B>AutoSum</B> arrow on the <B>Editing</B> group and pick <B>Max</B>.</P>]]></text>
      <img_name>Images/48478_4.jpg</img_name>
    </step>
    <step num="2e.">
      <text><![CDATA[<P>Or, to find out the lowest number in a row or column, click the <B>AutoSum</B> arrow on the <B>Editing</B> group and pick <B>Min</B>.</P>]]></text>
      <img_name>Images/48478_5.jpg</img_name>
    </step>
    <step num="2f.">
      <text><![CDATA[Or, if you do not see the formula you need, click the <B>AutoSum</B> arrow on the <B>Editing</B> group and pick<B> More Functions</B> to see more options.]]></text>
      <img_name>Images/48478_6.jpg</img_name>
    </step>
    <step num="3.">
      <text><![CDATA[<P>Press the <B>Enter</B> key. </P>
<P>&nbsp;</P>The automatic formula you picked will now perform the calculation.]]></text>
      <img_name>Images/48478_7.jpg</img_name>
    </step>
  </steps>
</skill>