<?xml version="1.0" standalone="yes"?>
<skill id="48471">
  <title><![CDATA[6.10 To create a graphing grid]]></title>
  <desc><![CDATA[]]></desc>
  <ModifiedDate>2008-05-29</ModifiedDate>
  <steps>
    <step num="1.">
      <text><![CDATA[Select the entire worksheet. (See Spreadsheet Skill: <A href="SS 2.10">To select an entire worksheet</A>.)]]></text>
      <img_name>Images/48471_0.jpg</img_name>
    </step>
    <step num="2a.">
      <text><![CDATA[<P>Click the <B>Home </B>tab. In the <B>Cells</B> group, click the <B>Format </B>arrow. Pick <B>Column Width</B>.</P>]]></text>
      <img_name>Images/48471_1.jpg</img_name>
    </step>
    <step num="2b.">
      <text><![CDATA[Enter <B>1.71</B> in the Column width box and click <B>OK.</B>]]></text>
      <img_name>Images/48471_2.jpg</img_name>
    </step>
    <step num="2c.">
      <text><![CDATA[<P>The row height should be set to <B>12.75</B>. To check this, click the <B>Format </B>arrow on the <B>Cells</B> group. Pick <B>Row Height</B>.</P>]]></text>
      <img_name>Images/48471_3.jpg</img_name>
    </step>
    <step num="2d.">
      <text><![CDATA[Make sure <B>12.75 </B>is entered in the Row height box and click <B>OK.</B>]]></text>
      <img_name>Images/48471_4.jpg</img_name>
    </step>
    <step num="3a.">
      <text><![CDATA[<P>To create a medium grid, click the <B>Format</B> arrow on the <B>Cells</B> group. Pick <B>Column Width</B>.</P>]]></text>
      <img_name>Images/48471_5.jpg</img_name>
    </step>
    <step num="3b.">
      <text><![CDATA[Enter <B>4.43</B> in the Column width box and click <B>OK.</B>]]></text>
      <img_name>Images/48471_6.jpg</img_name>
    </step>
    <step num="3c.">
      <text><![CDATA[<P>Click the <B>Format</B> arrow on the <B>Cells</B> group. Pick <B>Row Height</B>.</P>]]></text>
      <img_name>Images/48471_7.jpg</img_name>
    </step>
    <step num="3d.">
      <text><![CDATA[Enter <B>25.5 </B>in the Row height box and click <B>OK.</B>]]></text>
      <img_name>Images/48471_8.jpg</img_name>
    </step>
    <step num="4a.">
      <text><![CDATA[<P>To create a large grid, click the <B>Format</B> arrow on the <B>Cells</B> group. Pick <B>Column Width.</B></P>]]></text>
      <img_name>Images/48471_9.jpg</img_name>
    </step>
    <step num="4b.">
      <text><![CDATA[Enter <B>6.57</B> in the Column width box and click <B>OK.</B>]]></text>
      <img_name>Images/48471_10.jpg</img_name>
    </step>
    <step num="4c.">
      <text><![CDATA[<P>Click the <B>Format</B> arrow on the <B>Cells</B> group. Pick <B>Row Height</B>.</P>]]></text>
      <img_name>Images/48471_11.jpg</img_name>
    </step>
    <step num="4d.">
      <text><![CDATA[Enter <B>38.25 </B>in the Row height box and click <B>OK.</B>]]></text>
      <img_name>Images/48471_12.jpg</img_name>
    </step>
    <step num="5.">
      <text><![CDATA[<P>To print your graphing grid, click the <B>Page Layout </B>tab. In the <B>Page Setup</B> group, click the Page Setup Dialog Box Launcher button.<B>&nbsp;</B></P>
<P><B>NOTE:</B> The Page Setup Dialog Box Launcher button is located on the bottom right corner of the Page Setup group.</P>]]></text>
      <img_name>Images/48471_13.jpg</img_name>
    </step>
    <step num="6.">
      <text><![CDATA[Click the <B>Sheet</B> tab.]]></text>
      <img_name>Images/48471_14.jpg</img_name>
    </step>
    <step num="7.">
      <text><![CDATA[In the Print section, pick <B>Gridlines</B>.]]></text>
      <img_name>Images/48471_15.jpg</img_name>
    </step>
    <step num="8.">
      <text><![CDATA[Click <B>Print Preview</B>.]]></text>
      <img_name>Images/48471_16.jpg</img_name>
    </step>
    <step num="9.">
      <text><![CDATA[If you have no words on your worksheet, you will get a message saying there is nothing to print. Click <B>OK</B>.]]></text>
      <img_name>Images/48471_17.jpg</img_name>
    </step>
    <step num="10.">
      <text><![CDATA[<P>You will now see the print area, which is indicated by dash marks on the worksheet.</P>
<P>&nbsp;</P>Hold down the left mouse button and drag to select one of the print sections.]]></text>
      <img_name>Images/48471_18.jpg</img_name>
    </step>
    <step num="11.">
      <text><![CDATA[<P>Click <B>Office Button. </B>Pick <B>Print</B> and then pick <B>Print</B> again.</P>]]></text>
      <img_name>Images/48471_19.jpg</img_name>
    </step>
    <step num="12.">
      <text><![CDATA[In the Printer section, check the name of the printer and make sure it is the location you want to print to. Use the arrow to change the printer selection, if needed.]]></text>
      <img_name>Images/48471_20.jpg</img_name>
    </step>
    <step num="13.">
      <text><![CDATA[In the Print what section, pick <B>Selection</B>.]]></text>
      <img_name>Images/48471_21.jpg</img_name>
    </step>
    <step num="14.">
      <text><![CDATA[Click <B>OK </B>to print your graphing grid.]]></text>
      <img_name>Images/48471_22.jpg</img_name>
    </step>
  </steps>
</skill>