<?xml version="1.0" standalone="yes"?>
<skill id="48476">
  <title><![CDATA[7.5 To multiply numbers by writing your own maths sentence or formula]]></title>
  <desc><![CDATA[]]></desc>
  <ModifiedDate>2008-05-29</ModifiedDate>
  <steps>
    <step num="1.">
      <text><![CDATA[Click the empty box, or <I>cell</I>, where you want to put the formula.]]></text>
      <img_name>Images/48476_0.jpg</img_name>
    </step>
    <step num="2.">
      <text><![CDATA[Press the <B>Equal Sign</B> key.]]></text>
      <img_name>Images/48476_1.jpg</img_name>
    </step>
    <step num="3a.">
      <text><![CDATA[Type the first number that you want to multiply.]]></text>
      <img_name>Images/48476_2.jpg</img_name>
    </step>
    <step num="3b.">
      <text><![CDATA[Or, click the cell with the first number that you want to multiply.]]></text>
      <img_name>Images/48476_3.jpg</img_name>
    </step>
    <step num="3c.">
      <text><![CDATA[Or, type the column letter and row number of the cell with that number.]]></text>
      <img_name>Images/48476_4.jpg</img_name>
    </step>
    <step num="4.">
      <text><![CDATA[Press the <B>Asterisk </B>key, which is the spreadsheet symbol for multiplication.]]></text>
      <img_name>Images/48476_5.jpg</img_name>
    </step>
    <step num="5a.">
      <text><![CDATA[Type the number that you want to multiply the first number by.]]></text>
      <img_name>Images/48476_6.jpg</img_name>
    </step>
    <step num="5b.">
      <text><![CDATA[<P>Or, click the worksheet cell with the next number that you want to multiply the first number by. </P>]]></text>
      <img_name>Images/48476_7.jpg</img_name>
    </step>
    <step num="5c.">
      <text><![CDATA[Or, type the column letter and row number of the cell with that second number.]]></text>
      <img_name>Images/48476_8.jpg</img_name>
    </step>
    <step num="6.">
      <text><![CDATA[Press the <B>Enter</B> key.]]></text>
      <img_name>Images/48476_9.jpg</img_name>
    </step>
  </steps>
</skill>