<?xml version="1.0" standalone="yes"?>
<skill id="48485">
  <title><![CDATA[1.3 To install Adobe Flash Player*]]></title>
  <desc><![CDATA[]]></desc>
  <ModifiedDate>2008-05-29</ModifiedDate>
  <steps>
    <step num="1.">
      <text><![CDATA[<P>Open a web browser and go to: <A href="http://www.adobe.com/shockwave/download/download.cgi?P1_Prod_Version=ShockwaveFlash&amp;P5_Language=English">www.adobe.com/shockwave/download/download.cgi?P1_Prod_Version=ShockwaveFlash&amp;P5_Language=English</A> </P>
<P>&nbsp;</P>(For help, see Web Technologies Skills: <A href="WT 1.1">To open a web browser</A> and <A href="WT 1.4">To go to a page on the Web</A>.) ]]></text>
      <img_name>Images/48485_0.jpg</img_name>
    </step>
    <step num="2.">
      <text><![CDATA[To only install Adobe Flash Player, check the boxes in the <B>Also install</B> section (near the centre of the page) to deselect each item. These additional items will not be installed unless the boxes are checked.]]></text>
      <img_name>Images/48485_1.jpg</img_name>
    </step>
    <step num="3.">
      <text><![CDATA[To only install Adobe Flash Player check the box, <B>I agree to the Abode Flash Player Terms of Service</B>. ]]></text>
      <img_name>Images/48485_2.jpg</img_name>
    </step>
    <step num="4.">
      <text><![CDATA[<P>Click <B>Install Now</B>.</P>]]></text>
      <img_name>Images/48485_3.jpg</img_name>
    </step>
    <step num="5.">
      <text><![CDATA[<P>Your web browser may prompt you to install an ActiveX control. Click the yellow bar at the top of your browser window. Then, pick <B>Install ActiveX Control</B>.</P>
<P>&nbsp;</P>You may also receive a security warning pop-up window in your browser. Click <B>Install</B>.]]></text>
      <img_name>Images/48485_4.jpg</img_name>
    </step>
    <step num="6.">
      <text><![CDATA[Flash Player will now be installed. When installation is complete, you will see the message “Adobe Flash Player successfully installed” in your browser window. ]]></text>
      <img_name>Images/48485_5.jpg</img_name>
    </step>
  </steps>
</skill>