<?xml version="1.0" standalone="yes"?>
<skill id="48481">
  <title><![CDATA[7.9 To type a complex maths sentence or formula with many values]]></title>
  <desc><![CDATA[]]></desc>
  <ModifiedDate>2008-05-29</ModifiedDate>
  <steps>
    <step num="1.">
      <text><![CDATA[Click the empty box, or <I>cell</I>, where you want to put the formula.]]></text>
      <img_name>Images/48481_0.jpg</img_name>
    </step>
    <step num="2.">
      <text><![CDATA[Press the <B>Equal Sign</B> key.]]></text>
      <img_name>Images/48481_1.jpg</img_name>
    </step>
    <step num="3a.">
      <text><![CDATA[Type the first number that you want in your formula.]]></text>
      <img_name>Images/48481_2.jpg</img_name>
    </step>
    <step num="3b.">
      <text><![CDATA[Or, click the cell with the first number that you want.]]></text>
      <img_name>Images/48481_3.jpg</img_name>
    </step>
    <step num="3c.">
      <text><![CDATA[Or, type the column letter and row number of the cell with that first number.]]></text>
      <img_name>Images/48481_4.jpg</img_name>
    </step>
    <step num="4.">
      <text><![CDATA[Press the first maths symbol key.]]></text>
      <img_name>Images/48481_5.jpg</img_name>
    </step>
    <step num="5a.">
      <text><![CDATA[Type the second number for your formula.]]></text>
      <img_name>Images/48481_6.jpg</img_name>
    </step>
    <step num="5b.">
      <text><![CDATA[Or, click the cell with the second number.]]></text>
      <img_name>Images/48481_7.jpg</img_name>
    </step>
    <step num="5c.">
      <text><![CDATA[Or, type the column letter and row number of the cell with the second number.]]></text>
      <img_name>Images/48481_8.jpg</img_name>
    </step>
    <step num="6.">
      <text><![CDATA[Press the next maths symbol key that you need.]]></text>
      <img_name>Images/48481_9.jpg</img_name>
    </step>
    <step num="7a.">
      <text><![CDATA[<P>Type the third number.</P>]]></text>
      <img_name>Images/48481_10.jpg</img_name>
    </step>
    <step num="7b.">
      <text><![CDATA[Or, click the cell with the third number.]]></text>
      <img_name>Images/48481_11.jpg</img_name>
    </step>
    <step num="7c.">
      <text><![CDATA[Or, type the column letter and row number of the cell with the third number.]]></text>
      <img_name>Images/48481_12.jpg</img_name>
    </step>
    <step num="8.">
      <text><![CDATA[Click inside the Formula Bar and put parentheses around any calculations that need to be done first or together.]]></text>
      <img_name>Images/48481_13.jpg</img_name>
    </step>
    <step num="9.">
      <text><![CDATA[Press the <B>Enter</B> key.]]></text>
      <img_name>Images/48481_14.jpg</img_name>
    </step>
  </steps>
</skill>