<?xml version="1.0" standalone="yes"?>
<skill id="48487">
  <title><![CDATA[2.1 To create a new folder on the desktop]]></title>
  <desc><![CDATA[]]></desc>
  <ModifiedDate>2008-05-29</ModifiedDate>
  <steps>
    <step num="1.">
      <text><![CDATA[View your computer desktop.]]></text>
      <img_name>Images/48487_0.jpg</img_name>
    </step>
    <step num="2.">
      <text><![CDATA[Right-click anywhere on the desktop and click <B>New </B>|<B> Folder</B> in the drop-down menu.]]></text>
      <img_name>Images/48487_1.jpg</img_name>
    </step>
    <step num="3.">
      <text><![CDATA[<P>Type a name for your folder.</P>
<P>&nbsp;</P>
<P>Press the <B>Enter </B>key.</P>
<P>&nbsp;</P><B>NOTE:</B> If the new folder is not already selected, right-click the folder and pick Rename. Then, type a name for your folder and press the Enter key.]]></text>
      <img_name>Images/48487_2.jpg</img_name>
    </step>
  </steps>
</skill>