<?xml version="1.0" standalone="yes"?>
<skill id="48484">
  <title><![CDATA[7.11 To reuse a formula in many cells in the same row or column]]></title>
  <desc><![CDATA[]]></desc>
  <ModifiedDate>2008-05-29</ModifiedDate>
  <steps>
    <step num="1a.">
      <text><![CDATA[Click a cell in a column with a formula you want to copy into the cells below.]]></text>
      <img_name>Images/48484_0.jpg</img_name>
    </step>
    <step num="1b.">
      <text><![CDATA[Or, click a cell in a row with a formula you want to copy into the cells to the right.]]></text>
      <img_name>Images/48484_1.jpg</img_name>
    </step>
    <step num="2a.">
      <text><![CDATA[Hold down the mouse button and drag down to select the cells where you want to put the formula.]]></text>
      <img_name>Images/48484_2.jpg</img_name>
    </step>
    <step num="2b.">
      <text><![CDATA[Or, hold down the mouse button and drag right to select the cells where you want to put the formula.]]></text>
      <img_name>Images/48484_3.jpg</img_name>
    </step>
    <step num="3a.">
      <text><![CDATA[<P>Click the <B>Home</B> tab. In the <B>Editing</B> group, click the <B>Fill</B> button. Then, pick <B>Down.</B></P>]]></text>
      <img_name>Images/48484_4.jpg</img_name>
    </step>
    <step num="3b.">
      <text><![CDATA[<P>Or, click the <B>Fill</B> button on the <B>Editing</B> group. Then, pick <B>Right.</B></P>]]></text>
      <img_name>Images/48484_5.jpg</img_name>
    </step>
    <step num="4.">
      <text><![CDATA[Notice that the formula now fills the selected cells. ]]></text>
      <img_name>Images/48484_6.jpg</img_name>
    </step>
  </steps>
</skill>