<?xml version="1.0" standalone="yes"?>
<skill id="48480">
  <title><![CDATA[1.1 To install Adobe Reader*]]></title>
  <desc><![CDATA[]]></desc>
  <ModifiedDate>2008-05-29</ModifiedDate>
  <steps>
    <step num="1.">
      <text><![CDATA[<P>Open a web browser and go to: <A href="http://www.adobe.com/products/acrobat/readstep2.html">www.adobe.com/products/acrobat/readstep2.html</A></P>
<P>&nbsp;</P>(For help, see Web Technologies Skills: <A href="WT 1.1">To open a web browser</A> and <A href="WT 1.4">To go to a page on the Web</A>.) ]]></text>
      <img_name>Images/48480_0.jpg</img_name>
    </step>
    <step num="2.">
      <text><![CDATA[To only install Adobe Acrobat Reader, check the boxes in the <B>Also Install</B> section (near the centre of the page) to deselect each item. These additional items will not be installed unless the boxes are checked.]]></text>
      <img_name>Images/48480_1.jpg</img_name>
    </step>
    <step num="3.">
      <text><![CDATA[<P>Click <B>Download now</B> to install the latest version of Adobe Acrobat Reader that is recommended for your computer system.&nbsp;</P><B>NOTE: </B>To change which version you are installing, click <B>Choose a different version</B>.]]></text>
      <img_name>Images/48480_2.jpg</img_name>
    </step>
    <step num="4a.">
      <text><![CDATA[<P>Your web browser may prompt you to install an ActiveX control. Click the yellow bar at the top of your browser window. Then, pick <B>Install ActiveX Control</B>.</P>
<P>&nbsp;</P>You may also receive a security warning pop-up window in your browser. Click <B>Install</B>.]]></text>
      <img_name>Images/48480_3.jpg</img_name>
    </step>
    <step num="4b.">
      <text><![CDATA[If a dialog box appears with options to Run or Save, pick <B>Run</B>.]]></text>
      <img_name>Images/48480_4.jpg</img_name>
    </step>
    <step num="5.">
      <text><![CDATA[<P>The installation files will now be downloaded to your computer.</P>
<P>&nbsp;</P><B>NOTE:</B> This may take several minutes, depending on the speed of your Internet connection.]]></text>
      <img_name>Images/48480_5.jpg</img_name>
    </step>
    <step num="6.">
      <text><![CDATA[<P>When the download is done, Click <B>OK</B>.</P>]]></text>
      <img_name>Images/48480_6.jpg</img_name>
    </step>
  </steps>
</skill>