<?xml version="1.0" standalone="yes"?>
<skill id="48489">
  <title><![CDATA[2.2 To rename a folder]]></title>
  <desc><![CDATA[]]></desc>
  <ModifiedDate>2008-05-29</ModifiedDate>
  <steps>
    <step num="1.">
      <text><![CDATA[<P>Right-click the folder you want to rename. </P>
<P>&nbsp;</P>Then, click <B>Rename</B>.]]></text>
      <img_name>Images/48489_0.jpg</img_name>
    </step>
    <step num="2.">
      <text><![CDATA[<P>The folder name will be selected.</P>
<P>&nbsp;</P>
<P>Type a new name and press the <B>Enter</B> key.</P>
<P>&nbsp;</P><B>NOTE:</B> If the folder is not highlighted, right-click the folder and pick Rename. Then, type a name for your folder and press the Enter key.]]></text>
      <img_name>Images/48489_1.jpg</img_name>
    </step>
  </steps>
</skill>