<?xml version="1.0" standalone="yes"?>
<skill id="48482">
  <title><![CDATA[1.2 To install Microsoft Office 2007*]]></title>
  <desc><![CDATA[]]></desc>
  <ModifiedDate>2008-05-29</ModifiedDate>
  <steps>
    <step num="1a.">
      <text><![CDATA[Insert the <B>Microsoft Office version 2007 CD</B> and wait for it to start running automatically.]]></text>
      <img_name>Images/48482_0.jpg</img_name>
    </step>
    <step num="1b.">
      <text><![CDATA[Or, if installation does not start automatically, click <B>Start </B>|<B> My Computer</B>. Then, double-click the CD Drive to start the disc.]]></text>
      <img_name>Images/48482_1.jpg</img_name>
    </step>
    <step num="2.">
      <text><![CDATA[<P>Enter the <B>Product Key</B>.</P>
<P>&nbsp;</P>Click <B>Continue</B>.]]></text>
      <img_name>Images/48482_2.jpg</img_name>
    </step>
    <step num="3.">
      <text><![CDATA[<P>When prompted, Click <B>Customize</B> or <B>Install Now</B>.</P>
<P>&nbsp;</P>]]></text>
      <img_name>Images/48482_3.jpg</img_name>
    </step>
    <step num="4a.">
      <text><![CDATA[<P>If you Clicked on Customize, You need to provide additional information.</P>
<P>&nbsp;</P>In the <B>User Information</B> tab, enter the appropriate information for your name, initials, and organisation.]]></text>
      <img_name>Images/48482_4.jpg</img_name>
    </step>
    <step num="4b.">
      <text><![CDATA[<P>Click the <B>File Location </B>tab.</P>
<P>Select the Path by clicking <B>Browse</B>. Or, keep by default selected.</P>
<P>&nbsp;</P>
<P>If you want to change the default installation location, click <B>Browse</B> and find a new location.</P>
<P>&nbsp;</P>]]></text>
      <img_name>Images/48482_5.jpg</img_name>
    </step>
    <step num="4c.">
      <text><![CDATA[<P>Click the <B>Installation Options </B>tab.&nbsp;</P>
<P>Choose the type of installation.&nbsp;</P>
<UL>
<LI><B>Run all from My Computer:</B> This option installs all of the Microsoft Office 2007 programs. This installation option is recommended.&nbsp;&nbsp;</LI></UL>
<P>Or, choose:</P>
<UL>
<LI><B>Run from My Computer:</B> This option installs default selected programs to your computer.</LI></UL>
<P>Or, choose:&nbsp;</P>
<UL>
<LI><B>Installed on First use:</B> This option will install a particular option when it is used for the first time while using Microsoft Office 2007 programs.</LI></UL>]]></text>
      <img_name>Images/48482_6.jpg</img_name>
    </step>
    <step num="5.">
      <text><![CDATA[After providing all required information, Click <B>Install Now</B>.]]></text>
      <img_name>Images/48482_7.jpg</img_name>
    </step>
    <step num="6.">
      <text><![CDATA[<P>The installation screen appears to show you the installation progress.</P>
<P>&nbsp;</P><B>NOTE:</B> Installation will take several minutes.]]></text>
      <img_name>Images/48482_8.jpg</img_name>
    </step>
    <step num="7.">
      <text><![CDATA[<P>When the installation is complete, you will receive a message.&nbsp;</P>
<P>If you are connected to the Internet you can click <B>Go to Office Online</B>.&nbsp;</P>Click <B>Close</B>.]]></text>
      <img_name>Images/48482_9.jpg</img_name>
    </step>
  </steps>
</skill>