<?xml version="1.0" standalone="yes"?>
<skill id="48483">
  <title><![CDATA[7.10 To copy and paste a maths sentence or formula]]></title>
  <desc><![CDATA[]]></desc>
  <ModifiedDate>2008-05-29</ModifiedDate>
  <steps>
    <step num="1.">
      <text><![CDATA[<P>Click the cell with the formula you want to copy. </P>
<P>&nbsp;</P><B>NOTE:</B> Pay attention to the column letters and row numbers for the cells in any of your formulas.]]></text>
      <img_name>Images/48483_0.jpg</img_name>
    </step>
    <step num="2.">
      <text><![CDATA[<P>Click the <B>Home</B> tab. In the <B>Clipboard</B> group, click the <B>Copy</B> button.</P>]]></text>
      <img_name>Images/48483_1.jpg</img_name>
    </step>
    <step num="3.">
      <text><![CDATA[Click the cell where you want to put the copied formula.]]></text>
      <img_name>Images/48483_2.jpg</img_name>
    </step>
    <step num="4.">
      <text><![CDATA[<P>Click the <B>Home</B> tab. In the <B>Clipboard</B> group, click the <B>Paste</B> button.</P>]]></text>
      <img_name>Images/48483_3.jpg</img_name>
    </step>
    <step num="5.">
      <text><![CDATA[Notice that any column letters and row numbers for the cells in the pasted formula automatically change based on the new column and row position in the worksheet.]]></text>
      <img_name>Images/48483_4.jpg</img_name>
    </step>
  </steps>
</skill>