<?xml version="1.0" standalone="yes"?>
<skill id="48486">
  <title><![CDATA[7.12 To keep a cell reference from shifting when filling a formula]]></title>
  <desc><![CDATA[]]></desc>
  <ModifiedDate>2008-05-29</ModifiedDate>
  <steps>
    <step num="1.">
      <text><![CDATA[Click the first cell containing the formula that you do not want to change automatically when you fill it into other cells.]]></text>
      <img_name>Images/48486_0.jpg</img_name>
    </step>
    <step num="2.">
      <text><![CDATA[<P>In the Formula Bar, type a dollar sign symbol<B> $</B> in front of both the column letter and the row number of the cell reference you want to stay the same.</P>
<P>Then, press the <B>Enter </B>key.</P>]]></text>
      <img_name>Images/48486_1.jpg</img_name>
    </step>
    <step num="3.">
      <text><![CDATA[<P>You can now fill the formula as needed. (See Spreadsheet Skill: <A href="ss 7.11">To reuse a formula in many cells in the same row or column</A>.)</P>
<P>Notice that the cell reference stays the same in the other cells with that filled formula.</P>]]></text>
      <img_name>Images/48486_2.jpg</img_name>
    </step>
  </steps>
</skill>