<?xml version="1.0" standalone="yes"?>
<skill id="48495">
  <title><![CDATA[8.5 To change the look of words and numbers in a chart]]></title>
  <desc><![CDATA[]]></desc>
  <ModifiedDate>2008-05-29</ModifiedDate>
  <steps>
    <step num="1.">
      <text><![CDATA[Click the information that you want to change.]]></text>
      <img_name>Images/48495_0.jpg</img_name>
    </step>
    <step num="2.">
      <text><![CDATA[Change the font, style, fontSize, and colour of the information as you wish. (See Word Processing Group: Changing the Look of Your Words.)]]></text>
      <img_name>Images/48495_1.jpg</img_name>
    </step>
    <step num="3.">
      <text><![CDATA[Notice that the text you selected shows the formatting changes.]]></text>
      <img_name>Images/48495_2.jpg</img_name>
    </step>
  </steps>
</skill>