<?xml version="1.0" standalone="yes"?>
<skill id="48490">
  <title><![CDATA[8.2 To make a pie chart that shows the relationship of parts to a whole]]></title>
  <desc><![CDATA[]]></desc>
  <ModifiedDate>2008-05-29</ModifiedDate>
  <steps>
    <step num="1a.">
      <text><![CDATA[Select the cells with the information you want to include in your chart. You can select an entire table.]]></text>
      <img_name>Images/48490_0.jpg</img_name>
    </step>
    <step num="1b.">
      <text><![CDATA[Or, select portions of a table. If the information you want is in cells that are not next to each other, select the first group of cells. Then hold down the <B>Control </B>key to select the next group of cells.]]></text>
      <img_name>Images/48490_1.jpg</img_name>
    </step>
    <step num="2.">
      <text><![CDATA[<P>Click the <B>Insert </B>tab. In the <B>Charts</B> group, click the <B>Pie</B> button. Pick one of the pie chart options.</P>]]></text>
      <img_name>Images/48490_2.jpg</img_name>
    </step>
    <step num="3.">
      <text><![CDATA[<P>To change to a different type of chart, click the <B>Design </B>tab. In the <B>Type</B> group, click the <B>Change Chart Type</B> button.</P>]]></text>
      <img_name>Images/48490_3.jpg</img_name>
    </step>
    <step num="4.">
      <text><![CDATA[<P>Pick the chart option you want.</P>]]></text>
      <img_name>Images/48490_4.jpg</img_name>
    </step>
    <step num="5.">
      <text><![CDATA[<P>Click <b>OK</b>.</P>]]></text>
      <img_name>Images/48490_5.jpg</img_name>
    </step>
    <step num="6.">
      <text><![CDATA[<P>Click the <B>Layout </B>tab. In the <B>Labels</B> group, click the <B>Chart Title</B> arrow to add, remove or position a chart title.</P>]]></text>
      <img_name>Images/48490_6.jpg</img_name>
    </step>
    <step num="7.">
      <text><![CDATA[<P>Pick <B>None </B>if you do not want to display a chart title.</P>
<P>&nbsp;</P>
<P>Or, pick <B>Centered Overlay Title</B> to display an overlay title on the centre of a chart.</P>
<P>&nbsp;</P>Or, pick <B>Above Chart </B>to display a title above the chart area.]]></text>
      <img_name>Images/48490_7.jpg</img_name>
    </step>
    <step num="8.">
      <text><![CDATA[<P>Triple click inside the chart title box and type a new title for your chart.</P>]]></text>
      <img_name>Images/48490_8.jpg</img_name>
    </step>
    <step num="9a.">
      <text><![CDATA[<P>Click the <B>Layout </B>tab. In the <B>Labels</B> group, click the <B>Data Labels</B> arrow to add, remove or position data labels.</P>]]></text>
      <img_name>Images/48490_9.jpg</img_name>
    </step>
    <step num="9b.">
      <text><![CDATA[<P>Pick <B>None</B> if you do not want to display data labels.</P>
<P>&nbsp;</P>
<P>Or, pick <B>Center</B> to display data labels on the centre of a chart. </P>
<P>&nbsp;</P>
<P>Or, pick <B>Inside End</B> to display data labels inside the chart area. </P>
<P>&nbsp;</P>
<P>Or, pick <B>Outside End </B>to display data labels outside the chart area. </P>
<P>&nbsp;</P>
<P>Or, pick <B>Best Fit </B>to display data labels with best fit. </P>]]></text>
      <img_name>Images/48490_10.jpg</img_name>
    </step>
    <step num="10.">
      <text><![CDATA[<P>Click the <B>Design </B>tab. In the <B>Location</B> group, click the <B>Move Chart</B> button to move the chart to another sheet or tab in the workbook.</P>]]></text>
      <img_name>Images/48490_11.jpg</img_name>
    </step>
    <step num="11a.">
      <text><![CDATA[Save the chart as a new sheet with its own tab.]]></text>
      <img_name>Images/48490_12.jpg</img_name>
    </step>
    <step num="11b.">
      <text><![CDATA[Or, save the chart as an object in the worksheet with the information you used to make the chart.]]></text>
      <img_name>Images/48490_13.jpg</img_name>
    </step>
    <step num="12.">
      <text><![CDATA[<P>Click <B>OK</B>.</P>]]></text>
      <img_name>Images/48490_14.jpg</img_name>
    </step>
    <step num="13a.">
      <text><![CDATA[The chart will be inserted in a new worksheet.]]></text>
      <img_name>Images/48490_15.jpg</img_name>
    </step>
    <step num="13b.">
      <text><![CDATA[Or, the chart will be inserted in the worksheet with the data table.]]></text>
      <img_name>Images/48490_16.jpg</img_name>
    </step>
  </steps>
</skill>