<?xml version="1.0" standalone="yes"?>
<skill id="48494">
  <title><![CDATA[8.4 To change the information in a chart that has already been made]]></title>
  <desc><![CDATA[]]></desc>
  <ModifiedDate>2008-05-29</ModifiedDate>
  <steps>
    <step num="1.">
      <text><![CDATA[Go to the worksheet with the information you used to make the chart.]]></text>
      <img_name>Images/48494_0.jpg</img_name>
    </step>
    <step num="2a.">
      <text><![CDATA[You can change the information in cells that are already in the worksheet.]]></text>
      <img_name>Images/48494_1.jpg</img_name>
    </step>
    <step num="2b.">
      <text><![CDATA[<P>Or, you can add entirely new information. </P><B>NOTE:</B> You will need to insert a new row or column inside the area that was first selected for the chart. (See Spreadsheet Skill: <A href="ss 6.3">To add or insert a row or several new rows,</A> or Spreadsheet Skill: <A href="ss 6.4">To add or insert a column or several new columns</A>.)]]></text>
      <img_name>Images/48494_2.jpg</img_name>
    </step>
    <step num="3.">
      <text><![CDATA[Go back to the chart.]]></text>
      <img_name>Images/48494_3.jpg</img_name>
    </step>
    <step num="4.">
      <text><![CDATA[Notice that the chart has changed automatically based on the new information.]]></text>
      <img_name>Images/48494_4.jpg</img_name>
    </step>
  </steps>
</skill>