<?xml version="1.0" standalone="yes"?>
<skill id="48498">
  <title><![CDATA[2.6 To compress a folder or file]]></title>
  <desc><![CDATA[]]></desc>
  <ModifiedDate>2008-05-29</ModifiedDate>
  <steps>
    <step num="1.">
      <text><![CDATA[<P>Right-click the folder or file you want to compress. </P>
<P>&nbsp;</P>Click <B>Send to</B> | <B>Compressed (zipped) Folder</B>. ]]></text>
      <img_name>Images/48498_0.jpg</img_name>
    </step>
    <step num="2.">
      <text><![CDATA[Notice that the folder or file icon now shows that it is compressed.]]></text>
      <img_name>Images/48498_1.jpg</img_name>
    </step>
  </steps>
</skill>