<?xml version="1.0" standalone="yes"?>
<skill id="48496">
  <title><![CDATA[2.5 To remove or delete a folder or file]]></title>
  <desc><![CDATA[]]></desc>
  <ModifiedDate>2008-05-29</ModifiedDate>
  <steps>
    <step num="1.">
      <text><![CDATA[Right-click the folder or file you want to delete. Then, click <B>Delete</B>.]]></text>
      <img_name>Images/48496_0.jpg</img_name>
    </step>
    <step num="2.">
      <text><![CDATA[<P>You will receive a confirmation message. </P>
<P>&nbsp;</P>Click <B>Yes</B>.]]></text>
      <img_name>Images/48496_1.jpg</img_name>
    </step>
  </steps>
</skill>