<?xml version="1.0" standalone="yes"?>
<skill id="48493">
  <title><![CDATA[2.4 To find a folder or file ]]></title>
  <desc><![CDATA[]]></desc>
  <ModifiedDate>2008-05-29</ModifiedDate>
  <steps>
    <step num="1.">
      <text><![CDATA[Click <B>Start</B> | <B>All Programs </B>| <B>Accessories</B> | <B>Windows</B> <B>Explorer</B>.]]></text>
      <img_name>Images/48493_0.jpg</img_name>
    </step>
    <step num="2.">
      <text><![CDATA[Click <B>Search</B>.]]></text>
      <img_name>Images/48493_1.jpg</img_name>
    </step>
    <step num="3.">
      <text><![CDATA[Type the name of the file or folder you are looking for.]]></text>
      <img_name>Images/48493_2.jpg</img_name>
    </step>
    <step num="4.">
      <text><![CDATA[Then, click <B>Advanced</B> <B>Search</B>.]]></text>
      <img_name>Images/48493_3.jpg</img_name>
    </step>
    <step num="5.">
      <text><![CDATA[<P>Click the <B>Location</B> arrow and choose the location where you want to look for the folder or file. </P>]]></text>
      <img_name>Images/48493_4.jpg</img_name>
    </step>
    <step num="6.">
      <text><![CDATA[<P>Click <B>Search</B></P>
<P>&nbsp;</P>
<P>or</P>
<P>&nbsp;</P>If you did not find the folder or file you were looking for, refine the search by typing in the <B>Name</B>, <B>Tags</B> or <B>Authors</B> box.]]></text>
      <img_name>Images/48493_5.jpg</img_name>
    </step>
  </steps>
</skill>