<?xml version="1.0" standalone="yes"?>
<skill id="48491">
  <title><![CDATA[2.3 To move a folder or file to another location]]></title>
  <desc><![CDATA[]]></desc>
  <ModifiedDate>2008-05-29</ModifiedDate>
  <steps>
    <step num="1.">
      <text><![CDATA[Click <B>Start</B> | <B>All Programs </B>| <B>Accessories</B> | <B>Windows</B> <B>Explorer</B>.]]></text>
      <img_name>Images/48491_0.jpg</img_name>
    </step>
    <step num="2.">
      <text><![CDATA[Browse <B>Folders</B> to find where the file or folder is located.]]></text>
      <img_name>Images/48491_1.jpg</img_name>
    </step>
    <step num="3.">
      <text><![CDATA[Pick the file or folder that you want to move. ]]></text>
      <img_name>Images/48491_2.jpg</img_name>
    </step>
    <step num="4.">
      <text><![CDATA[<P>Click <B>ALT + E</B>. Pick <B>Move to Folder</B>.</P>]]></text>
      <img_name>Images/48491_3.jpg</img_name>
    </step>
    <step num="5.">
      <text><![CDATA[Pick the location where you want to move the folder or file. ]]></text>
      <img_name>Images/48491_4.jpg</img_name>
    </step>
    <step num="6.">
      <text><![CDATA[Click <B>Move</B>.]]></text>
      <img_name>Images/48491_5.jpg</img_name>
    </step>
  </steps>
</skill>