<?xml version="1.0" standalone="yes"?>
<skill id="48499">
  <title><![CDATA[8.7 To change the colours of the bars in a column or bar chart]]></title>
  <desc><![CDATA[]]></desc>
  <ModifiedDate>2008-05-29</ModifiedDate>
  <steps>
    <step num="1.">
      <text><![CDATA[Right-click the bars in a column or bar chart. Then, pick<B> Format Data Series</B>.]]></text>
      <img_name>Images/48499_0.jpg</img_name>
    </step>
    <step num="2.">
      <text><![CDATA[<P>Pick <B>Fill</B> on the Format Data Series Box. Select <B>Solid</B> <B>Fill.</B>&nbsp; Click the <B>Color</B> button arrow.</P>]]></text>
      <img_name>Images/48499_1.jpg</img_name>
    </step>
    <step num="3a.">
      <text><![CDATA[<P>Pick a colour.</P>]]></text>
      <img_name>Images/48499_2.jpg</img_name>
    </step>
    <step num="3b.">
      <text><![CDATA[<P>Or, pick <B>Gradient Fill</B>, and add a gradient.</P>
<P>Or, pick <B>Picture or texture fill</B> and add a picture or texture.</P>]]></text>
      <img_name>Images/48499_3.jpg</img_name>
    </step>
    <step num="4.">
      <text><![CDATA[<P>When you are through making changes, click <B>Close</B>.</P>]]></text>
      <img_name>Images/48499_4.jpg</img_name>
    </step>
    <step num="5.">
      <text><![CDATA[Notice that the chart now shows your changes.]]></text>
      <img_name>Images/48499_5.jpg</img_name>
    </step>
  </steps>
</skill>