<?xml version="1.0" standalone="yes"?>
<skill id="48492">
  <title><![CDATA[8.3 To make a line chart that shows changes over time]]></title>
  <desc><![CDATA[]]></desc>
  <ModifiedDate>2008-05-29</ModifiedDate>
  <steps>
    <step num="1.">
      <text><![CDATA[Select the cells with the information you want to include in your chart.]]></text>
      <img_name>Images/48492_0.jpg</img_name>
    </step>
    <step num="2.">
      <text><![CDATA[<P>Click the <B>Insert </B>tab. In the <B>Charts</B> group, click the <B>Line</B> button. Pick one of the line chart options.</P>]]></text>
      <img_name>Images/48492_1.jpg</img_name>
    </step>
    <step num="3.">
      <text><![CDATA[<P>To change to a different type of chart, click the <B>Design </B>tab. In the <B>Type</B> group, click the <B>Change Chart Type</B> button.</P>]]></text>
      <img_name>Images/48492_2.jpg</img_name>
    </step>
    <step num="4.">
      <text><![CDATA[<P>Pick the chart option you want.</P>]]></text>
      <img_name>Images/48492_3.jpg</img_name>
    </step>
    <step num="5.">
      <text><![CDATA[<P>Click <B>OK</B>.</P>]]></text>
      <img_name>Images/48492_4.jpg</img_name>
    </step>
    <step num="6a.">
      <text><![CDATA[<P>Click the <B>Layout </B>tab. In the <B>Labels</B> group, click the <B>Chart Title</B> arrow to add, remove or position a chart title.</P>]]></text>
      <img_name>Images/48492_5.jpg</img_name>
    </step>
    <step num="6b.">
      <text><![CDATA[<P>Pick <B>None </B>if you do not want to display a chart title.&nbsp;</P>
<P>Or, pick <B>Centered Overlay Title</B> to display an overlay title on the centre of a chart.&nbsp;</P>Or, pick <B>Above Chart </B>to display a title above the chart area.]]></text>
      <img_name>Images/48492_6.jpg</img_name>
    </step>
    <step num="6c.">
      <text><![CDATA[Triple click inside the chart title box and type a new title for your chart.]]></text>
      <img_name>Images/48492_7.jpg</img_name>
    </step>
    <step num="7a.">
      <text><![CDATA[Click the <B>Layout </B>tab. In the <B>Labels</B> group, click the <B>Axis Titles</B> arrow to add, remove or position the text used to label each axis.]]></text>
      <img_name>Images/48492_8.jpg</img_name>
    </step>
    <step num="7b.">
      <text><![CDATA[<P>Pick <B>Primary Horizontal Axis Title </B>to<B> </B>display a horizontal value axis title. </P>
<P>&nbsp;</P>
<P>Pick <B>None</B> if you do not want to display a horizontal value axis title. </P>
<P>&nbsp;</P>
<P>Or, pick <B>Title Below Axis</B> to display title below the horizontal value axis.</P>]]></text>
      <img_name>Images/48492_9.jpg</img_name>
    </step>
    <step num="7c.">
      <text><![CDATA[Triple click inside the axis title box and type a new horizontal value axis title.]]></text>
      <img_name>Images/48492_10.jpg</img_name>
    </step>
    <step num="7d.">
      <text><![CDATA[In the <B>Layout</B> tab and <B>Labels</B> group, click the <B>Axis Titles</B> arrow. Pick <B>Primary Vertical Axis Title</B> to display a vertical axis title.]]></text>
      <img_name>Images/48492_11.jpg</img_name>
    </step>
    <step num="7e.">
      <text><![CDATA[<P></P>
<P>Pick <B>None</B> if you do not want to display an axis title. </P>
<P>&nbsp;</P>
<P>Or, pick <B>Rotated Title</B> to display a rotated axis title.</P>
<P>&nbsp;</P>
<P>Or, pick <B>Vertical Title</B> to display axis title with vertical text. </P>
<P></P>
<P>&nbsp;</P>
<P>Or, pick <B>Horizontal Title</B> to display axis title horizontally. </P>]]></text>
      <img_name>Images/48492_12.jpg</img_name>
    </step>
    <step num="7f.">
      <text><![CDATA[Triple click inside the axis title box and type a new vertical value axis title.]]></text>
      <img_name>Images/48492_13.jpg</img_name>
    </step>
    <step num="8.">
      <text><![CDATA[<P>Click the <B>Design </B>tab. In the <B>Location</B> group, click the <B>Move Chart</B> button to move the chart to another sheet or tab in the workbook.</P>]]></text>
      <img_name>Images/48492_14.jpg</img_name>
    </step>
    <step num="9a.">
      <text><![CDATA[Save the chart as a new sheet with its own tab.]]></text>
      <img_name>Images/48492_15.jpg</img_name>
    </step>
    <step num="9b.">
      <text><![CDATA[Or, save the chart as an object in the worksheet with the information you used to make the chart.]]></text>
      <img_name>Images/48492_16.jpg</img_name>
    </step>
    <step num="10.">
      <text><![CDATA[<P>Click <B>OK</B>.</P>]]></text>
      <img_name>Images/48492_17.jpg</img_name>
    </step>
    <step num="11a.">
      <text><![CDATA[The chart will be inserted in a new worksheet.]]></text>
      <img_name>Images/48492_18.jpg</img_name>
    </step>
    <step num="11b.">
      <text><![CDATA[Or, the chart will be inserted in the worksheet with the data table.]]></text>
      <img_name>Images/48492_19.jpg</img_name>
    </step>
  </steps>
</skill>