<?xml version="1.0" standalone="yes"?>
<skill id="48497">
  <title><![CDATA[8.6 To change the colour of a chart’s background]]></title>
  <desc><![CDATA[]]></desc>
  <ModifiedDate>2008-05-29</ModifiedDate>
  <steps>
    <step num="1.">
      <text><![CDATA[<P>Right-click the chart background. Then, pick <B>Format Plot Area</B>.</P>]]></text>
      <img_name>Images/48497_0.jpg</img_name>
    </step>
    <step num="2a.">
      <text><![CDATA[<P>Pick <B>Fill</B> on the Format Plot Area Box. Select <B>Solid</B> <B>Fill.</B>&nbsp; Click the <B>Color</B> button arrow.</P>]]></text>
      <img_name>Images/48497_1.jpg</img_name>
    </step>
    <step num="2b.">
      <text><![CDATA[<P>Pick a colour.</P>]]></text>
      <img_name>Images/48497_2.jpg</img_name>
    </step>
    <step num="2c.">
      <text><![CDATA[<P>Or, pick <B>Gradient Fill</B>, and add a gradient.</P>
<P>Or, pick <B>Picture or texture fill</B> and add a picture or texture. </P>]]></text>
      <img_name>Images/48497_3.jpg</img_name>
    </step>
    <step num="3.">
      <text><![CDATA[When you are through making changes, click <B>Close</B>.]]></text>
      <img_name>Images/48497_4.jpg</img_name>
    </step>
    <step num="4.">
      <text><![CDATA[Notice that the chart now shows your changes.]]></text>
      <img_name>Images/48497_5.jpg</img_name>
    </step>
  </steps>
</skill>