<?xml version="1.0" standalone="yes"?>
<skill id="48507">
  <title><![CDATA[9.3 To set up a spreadsheet to print sideways, or landscape]]></title>
  <desc><![CDATA[]]></desc>
  <ModifiedDate>2008-05-29</ModifiedDate>
  <steps>
    <step num="1.">
      <text><![CDATA[View a worksheet that you want to change to print sideways.]]></text>
      <img_name>Images/48507_0.jpg</img_name>
    </step>
    <step num="2.">
      <text><![CDATA[<P>Click the <B>Page Layout </B>tab. In the <B>Page Setup</B> group, click the Page Setup Dialog Box Launcher button. </P>
<P>&nbsp;</P><B>NOTE:</B> The Page Setup Dialog Box Launcher button is located on the bottom right corner of the Page Setup group.]]></text>
      <img_name>Images/48507_1.jpg</img_name>
    </step>
    <step num="3.">
      <text><![CDATA[Click the <B>Page</B> tab.]]></text>
      <img_name>Images/48507_2.jpg</img_name>
    </step>
    <step num="4.">
      <text><![CDATA[In the Orientation section, pick <B>Landscape</B>.]]></text>
      <img_name>Images/48507_3.jpg</img_name>
    </step>
    <step num="5.">
      <text><![CDATA[Click <B>OK</B>.]]></text>
      <img_name>Images/48507_4.jpg</img_name>
    </step>
    <step num="6.">
      <text><![CDATA[<P>If you would like to see how your spreadsheet will look when printed as landscape, click <B>Office Button</B>. </P>
<P>Pick <B>Print</B> and then pick <B>Print Preview</B>. </P>]]></text>
      <img_name>Images/48507_5.jpg</img_name>
    </step>
    <step num="7.">
      <text><![CDATA[The worksheet will now print sideways, or landscape.]]></text>
      <img_name>Images/48507_6.jpg</img_name>
    </step>
  </steps>
</skill>