<?xml version="1.0" standalone="yes"?>
<skill id="48509">
  <title><![CDATA[9.4 To repeat the same row or column at the top of each printed page]]></title>
  <desc><![CDATA[]]></desc>
  <ModifiedDate>2008-05-29</ModifiedDate>
  <steps>
    <step num="1.">
      <text><![CDATA[<P>Click the <B>Page Layout </B>tab. In the <B>Page Setup</B> group, click the Page Setup dialog box launcher button. </P>
<P>&nbsp;</P><B>NOTE:</B> The Page Setup dialog box launcher button is located on the bottom right corner of the Page Setup group.]]></text>
      <img_name>Images/48509_0.jpg</img_name>
    </step>
    <step num="2.">
      <text><![CDATA[Click the <B>Sheet</B> tab.]]></text>
      <img_name>Images/48509_1.jpg</img_name>
    </step>
    <step num="3a.">
      <text><![CDATA[To repeat a row or rows at the top of each printed page, click the box for <B>Rows to repeat at top </B>in the Print titles section.]]></text>
      <img_name>Images/48509_2.jpg</img_name>
    </step>
    <step num="3b.">
      <text><![CDATA[Or, to repeat a column or columns at the left side of each printed page, click the box for <B>Columns to repeat at left </B>in the Print titles section.]]></text>
      <img_name>Images/48509_3.jpg</img_name>
    </step>
    <step num="4.">
      <text><![CDATA[Notice that the Page Setup box minimises and your worksheet shows on the screen again. ]]></text>
      <img_name>Images/48509_4.jpg</img_name>
    </step>
    <step num="5a.">
      <text><![CDATA[<P>Select the row (or rows) that you want to repeat at the top of each printed page.</P>
<P>&nbsp;</P>Then, click the box in the Page Setup window.]]></text>
      <img_name>Images/48509_5.jpg</img_name>
    </step>
    <step num="5b.">
      <text><![CDATA[<P>Or, select the column (or columns) that you want to repeat at the left of each printed page.</P>
<P>&nbsp;</P>Then, click the box in the Page Setup window.]]></text>
      <img_name>Images/48509_6.jpg</img_name>
    </step>
    <step num="6.">
      <text><![CDATA[<P>Click <B>OK</B>.</P>
<P>&nbsp;</P>The row (or rows) or column (or columns) you selected will now appear on each page when you print your spreadsheet.]]></text>
      <img_name>Images/48509_7.jpg</img_name>
    </step>
  </steps>
</skill>