<?xml version="1.0" standalone="yes"?>
<skill id="48502">
  <title><![CDATA[2.8 To share files using a network]]></title>
  <desc><![CDATA[]]></desc>
  <ModifiedDate>2008-05-29</ModifiedDate>
  <steps>
    <step num="1.">
      <text><![CDATA[Right-click a folder you want to share. Click <B>Share</B>.]]></text>
      <img_name>Images/48502_0.jpg</img_name>
    </step>
    <step num="2a.">
      <text><![CDATA[In the File Sharing dialog box, type the name of the person in the text box you want to share the files with. Then, click <B>Add</B>. ]]></text>
      <img_name>Images/48502_1.jpg</img_name>
    </step>
    <step num="2b.">
      <text><![CDATA[Or, click the arrow in the text box and select the name of the person from the list. Then, click <B>Add</B>.]]></text>
      <img_name>Images/48502_2.jpg</img_name>
    </step>
    <step num="3.">
      <text><![CDATA[Click on the arrow next to the name and pick one of the sharing permissions from the <B>Permission Level</B>. ]]></text>
      <img_name>Images/48502_3.jpg</img_name>
    </step>
    <step num="4.">
      <text><![CDATA[Click <B>Share</B>.]]></text>
      <img_name>Images/48502_4.jpg</img_name>
    </step>
    <step num="5.">
      <text><![CDATA[Notice that the folder icon now shows that it is shared.]]></text>
      <img_name>Images/48502_5.jpg</img_name>
    </step>
  </steps>
</skill>