<?xml version="1.0" standalone="yes"?>
<skill id="48508">
  <title><![CDATA[3.1 To turn up the sound for the built-in computer speakers]]></title>
  <desc><![CDATA[]]></desc>
  <ModifiedDate>2008-05-29</ModifiedDate>
  <steps>
    <step num="1.">
      <text><![CDATA[<P>Click <B>Start</B> | <B>Control Panel</B>.</P>]]></text>
      <img_name>Images/48508_0.jpg</img_name>
    </step>
    <step num="2.">
      <text><![CDATA[<P>Double-click <B>Sound</B>.</P>]]></text>
      <img_name>Images/48508_1.jpg</img_name>
    </step>
    <step num="3a.">
      <text><![CDATA[Click the <B>Playback</B> tab. Pick <B>Speakers</B>. Then, click <B>Properties</B>.]]></text>
      <img_name>Images/48508_2.jpg</img_name>
    </step>
    <step num="3b.">
      <text><![CDATA[Click the <B>Levels</B> tab. ]]></text>
      <img_name>Images/48508_3.jpg</img_name>
    </step>
    <step num="4.">
      <text><![CDATA[<P>Click and drag the slider to the right to turn up the volume of the computer speakers.</P>
<P>&nbsp;</P>]]></text>
      <img_name>Images/48508_4.jpg</img_name>
    </step>
    <step num="5.">
      <text><![CDATA[Click <B>OK</B>.]]></text>
      <img_name>Images/48508_5.jpg</img_name>
    </step>
    <step num="6.">
      <text><![CDATA[Click <B>OK </B>again.]]></text>
      <img_name>Images/48508_6.jpg</img_name>
    </step>
  </steps>
</skill>