<?xml version="1.0" standalone="yes"?>
<skill id="48501">
  <title><![CDATA[8.8 To change the colours of the slices in a pie chart]]></title>
  <desc><![CDATA[]]></desc>
  <ModifiedDate>2008-05-29</ModifiedDate>
  <steps>
    <step num="1.">
      <text><![CDATA[Click a pie chart and then click the pie in the chart.]]></text>
      <img_name>Images/48501_0.jpg</img_name>
    </step>
    <step num="2.">
      <text><![CDATA[Click one of the slices to select only that slice.]]></text>
      <img_name>Images/48501_1.jpg</img_name>
    </step>
    <step num="3.">
      <text><![CDATA[Right-click that same slice. Then, pick <B>Format Data Point</B>.]]></text>
      <img_name>Images/48501_2.jpg</img_name>
    </step>
    <step num="4.">
      <text><![CDATA[<P>Pick <B>Fill</B> on the Format Data Point Box. Select <B>Solid</B> <B>Fill.</B>&nbsp; Click the <B>Color</B> button arrow.</P>]]></text>
      <img_name>Images/48501_3.jpg</img_name>
    </step>
    <step num="5a.">
      <text><![CDATA[<P>Pick a colour.</P>]]></text>
      <img_name>Images/48501_4.jpg</img_name>
    </step>
    <step num="5b.">
      <text><![CDATA[<P>Or, pick <B>Gradient Fill</B>, and add a gradient.</P>
<P>Or, pick <B>Picture or texture fill</B> and add a picture or texture.</P>]]></text>
      <img_name>Images/48501_5.jpg</img_name>
    </step>
    <step num="6.">
      <text><![CDATA[<P>When you are through making changes, click <B>Close</B>.</P>]]></text>
      <img_name>Images/48501_6.jpg</img_name>
    </step>
    <step num="7.">
      <text><![CDATA[Notice that the chart now shows your changes.]]></text>
      <img_name>Images/48501_7.jpg</img_name>
    </step>
  </steps>
</skill>