<?xml version="1.0" standalone="yes"?>
<skill id="48505">
  <title><![CDATA[9.1 To print a spreadsheet]]></title>
  <desc><![CDATA[]]></desc>
  <ModifiedDate>2008-05-29</ModifiedDate>
  <steps>
    <step num="1.">
      <text><![CDATA[<P>Click <B>Office Button. </B>Pick <B>Print</B> and then pick <B>Print</B> again. </P>
<P>&nbsp;</P><B>NOTE:</B> Before printing, it is usually helpful to select the cells you want to print. (See Spreadsheet Skill: <A href="SS 9.2">To select the cells you want to print</A>.)]]></text>
      <img_name>Images/48505_0.jpg</img_name>
    </step>
    <step num="2.">
      <text><![CDATA[<P>In the Printer section, check the name of the printer and make sure it is the location you want to print to. </P>
<P>&nbsp;</P>If needed, use the arrow to change the printer selection.]]></text>
      <img_name>Images/48505_1.jpg</img_name>
    </step>
    <step num="3a.">
      <text><![CDATA[<P>In the Print what section, you can choose what parts of the spreadsheet you want to pick. Choose one of the following options.</P>
<P>&nbsp;</P>Pick <B>Selection</B> if you have highlighted cells and only want to print those ones.]]></text>
      <img_name>Images/48505_2.jpg</img_name>
    </step>
    <step num="3b.">
      <text><![CDATA[Or, pick <B>Active sheet(s)</B> if you want to print information for the worksheet you are on.]]></text>
      <img_name>Images/48505_3.jpg</img_name>
    </step>
    <step num="3c.">
      <text><![CDATA[Or, pick <B>Entire workbook</B> if you want to print information for all of the worksheets in your spreadsheet file.]]></text>
      <img_name>Images/48505_4.jpg</img_name>
    </step>
    <step num="4.">
      <text><![CDATA[Click <B>OK </B>to print your spreadsheet file.]]></text>
      <img_name>Images/48505_5.jpg</img_name>
    </step>
  </steps>
</skill>