<?xml version="1.0" standalone="yes"?>
<skill id="48504">
  <title><![CDATA[8.10 To make a pictograph]]></title>
  <desc><![CDATA[]]></desc>
  <ModifiedDate>2008-05-29</ModifiedDate>
  <steps>
    <step num="1.">
      <text><![CDATA[Make a bar or column chart. (See Spreadsheet Skill: <A href="SS 8.1">To make a column or bar chart that compares values or amounts</A>.)]]></text>
      <img_name>Images/48504_0.jpg</img_name>
    </step>
    <step num="2.">
      <text><![CDATA[<P>Right-click the bars. Then, pick <B>Format Data Series</B>.</P>
<P>&nbsp;</P><B>NOTE:</B> You can add a different picture for each bar in your pictograph by clicking the bars once, and then clicking a single bar. Right-click the bar and select <B>Format Data Series</B>, and then follow the remaining steps.]]></text>
      <img_name>Images/48504_1.jpg</img_name>
    </step>
    <step num="3.">
      <text><![CDATA[<P>Pick <B>Fill</B> on the Format Data Series Box. Select <B>Picture or texture fill.</B></P>]]></text>
      <img_name>Images/48504_2.jpg</img_name>
    </step>
    <step num="4.">
      <text><![CDATA[Click <B>File</B>.]]></text>
      <img_name>Images/48504_3.jpg</img_name>
    </step>
    <step num="5.">
      <text><![CDATA[<P>Browse <B>Folders,</B> and pick the folder with the picture you want to use. (If you do not already have a picture saved for your pictograph, see Graphics Skill: <A href="GR 3.15">To copy and save a picture from the Clip Organizer</A>.)</P>]]></text>
      <img_name>Images/48504_4.jpg</img_name>
    </step>
    <step num="6.">
      <text><![CDATA[Select the picture file, and click<B> Insert</B>.]]></text>
      <img_name>Images/48504_5.jpg</img_name>
    </step>
    <step num="7.">
      <text><![CDATA[Click <B>Stack and Scale with</B>, and if you want, change the number in the <B>units/picture</B> box.]]></text>
      <img_name>Images/48504_6.jpg</img_name>
    </step>
    <step num="8.">
      <text><![CDATA[<P>When you are finished, click <B>Close</B>.</P>]]></text>
      <img_name>Images/48504_7.jpg</img_name>
    </step>
    <step num="9.">
      <text><![CDATA[Notice that the chart is now a pictograph.]]></text>
      <img_name>Images/48504_8.jpg</img_name>
    </step>
  </steps>
</skill>