<?xml version="1.0" standalone="yes"?>
<skill id="48503">
  <title><![CDATA[8.9 To change the colours and lines in a line chart]]></title>
  <desc><![CDATA[]]></desc>
  <ModifiedDate>2008-05-29</ModifiedDate>
  <steps>
    <step num="1.">
      <text><![CDATA[Right-click a line in a line chart. Then, pick<B> Format Data Series</B>.]]></text>
      <img_name>Images/48503_0.jpg</img_name>
    </step>
    <step num="2.">
      <text><![CDATA[<P>Pick <B>Line Color</B> on the Format Data Series Box. Select <B>Solid</B> <B>Line.</B>&nbsp; Click the <B>Color</B> button arrow.</P>]]></text>
      <img_name>Images/48503_1.jpg</img_name>
    </step>
    <step num="3.">
      <text><![CDATA[<P>Pick another colour.</P>]]></text>
      <img_name>Images/48503_2.jpg</img_name>
    </step>
    <step num="4.">
      <text><![CDATA[<P>Then, pick <B>Line Style</B>. Click the <B>Width</B> arrow up or down to pick a line thickness.</P>]]></text>
      <img_name>Images/48503_3.jpg</img_name>
    </step>
    <step num="5.">
      <text><![CDATA[Click <B>Marker Options</B>. Pick <B>Built-in</B>. Click the <B>Type</B> arrow and pick one of the options. ]]></text>
      <img_name>Images/48503_4.jpg</img_name>
    </step>
    <step num="6.">
      <text><![CDATA[<P>When you are through making changes, click <B>Close</B>.</P>]]></text>
      <img_name>Images/48503_5.jpg</img_name>
    </step>
    <step num="7.">
      <text><![CDATA[Notice that the chart now shows your changes.]]></text>
      <img_name>Images/48503_6.jpg</img_name>
    </step>
  </steps>
</skill>