<?xml version="1.0" standalone="yes"?>
<skill id="48500">
  <title><![CDATA[2.7 To decompress a folder or file]]></title>
  <desc><![CDATA[]]></desc>
  <ModifiedDate>2008-05-29</ModifiedDate>
  <steps>
    <step num="1.">
      <text><![CDATA[<P>Right-click the compressed folder or file that you want to decompress. </P>
<P>&nbsp;</P>]]></text>
      <img_name>Images/48500_0.jpg</img_name>
    </step>
    <step num="2.">
      <text><![CDATA[Pick <B>Extract All</B>.]]></text>
      <img_name>Images/48500_1.jpg</img_name>
    </step>
    <step num="3.">
      <text><![CDATA[<P>Select the path. Or, click <B>Browse</B> to pick the place you want to extract the file or folder.</P>]]></text>
      <img_name>Images/48500_2.jpg</img_name>
    </step>
    <step num="4.">
      <text><![CDATA[Click <B>Extract</B> to exit and view your decompressed folder or file.]]></text>
      <img_name>Images/48500_3.jpg</img_name>
    </step>
  </steps>
</skill>