<?xml version="1.0" standalone="yes"?>
<skill id="48506">
  <title><![CDATA[9.2 To select the cells you want to print]]></title>
  <desc><![CDATA[]]></desc>
  <ModifiedDate>2008-05-29</ModifiedDate>
  <steps>
    <step num="1.">
      <text><![CDATA[Hold down the left mouse button and drag to select the cells that you want to print.]]></text>
      <img_name>Images/48506_0.jpg</img_name>
    </step>
    <step num="2.">
      <text><![CDATA[Click the <B>Page Layout </B>tab<B>. </B>In the <B>Page Setup</B> group, click the <B>Print Area</B> button. Pick <B>Set Print Area</B>.]]></text>
      <img_name>Images/48506_1.jpg</img_name>
    </step>
    <step num="3.">
      <text><![CDATA[The print boundary is indicated by dash marks around the cells you selected. Only the cells inside the dash marks will be printed.]]></text>
      <img_name>Images/48506_2.jpg</img_name>
    </step>
  </steps>
</skill>