<?xml version="1.0" standalone="yes"?>
<skill id="48518">
  <title><![CDATA[1.6 To customize toolbars (Quick Access Toolbar) and menus (Ribbon)]]></title>
  <desc><![CDATA[]]></desc>
  <ModifiedDate>2008-05-29</ModifiedDate>
  <steps>
    <step num="1.">
      <text><![CDATA[<P>Right-click the <B>Office Button</B>. Then, click <B>Show Quick Access Toolbar Below the Ribbon </B>to show the Quick Access toolbar below the Ribbon.</P>
<P><B>NOTE: </B>To show the Quick Access Toolbar above the Ribbon, right-click the Office Button. Then, click Show Quick Access Toolbar Above the Ribbon.<B></B></P>]]></text>
      <img_name>Images/48518_0.jpg</img_name>
    </step>
    <step num="2.">
      <text><![CDATA[<P>Right-click <B>Office Button</B>. Then, click <B>Minimize the Ribbon</B>.</P>
<P><B>NOTE: </B>To expand the Ribbon tools, right-click the Office Button. Then, click Minimize the Ribbon<B> </B>again.<B></B></P>]]></text>
      <img_name>Images/48518_1.jpg</img_name>
    </step>
    <step num="3.">
      <text><![CDATA[To control the Drawing Canvas, click the <B>Office Button</B>. Then, click <B>Word Options</B>.]]></text>
      <img_name>Images/48518_2.jpg</img_name>
    </step>
    <step num="4.">
      <text><![CDATA[Click the <B>Advanced</B> tab.]]></text>
      <img_name>Images/48518_3.jpg</img_name>
    </step>
    <step num="5.">
      <text><![CDATA[<P>In the <B>Editing Options</B> section, click <B>Automatically create drawing canvas when inserting AutoShapes</B> to remove the checkmark from the box.</P>
<P>&nbsp;</P>Disabling the drawing canvas can make it easier for you to use the drawing tools.]]></text>
      <img_name>Images/48518_4.jpg</img_name>
    </step>
    <step num="6.">
      <text><![CDATA[Click <B>OK</B>.]]></text>
      <img_name>Images/48518_5.jpg</img_name>
    </step>
  </steps>
</skill>