<?xml version="1.0" standalone="yes"?>
<skill id="48519">
  <title><![CDATA[1.2 To create a shortcut to the Intel® Teach Essentials Course CD index]]></title>
  <desc><![CDATA[]]></desc>
  <ModifiedDate>2008-05-29</ModifiedDate>
  <steps>
    <step num="1.">
      <text><![CDATA[<P>Insert the <B>Intel® Teach Essentials Course Curriculum Resource CD </B>into the CD drive.</P>
<P>&nbsp;</P>Click <B>Start </B>|<B> Computer</B>.]]></text>
      <img_name>Images/48519_0.jpg</img_name>
    </step>
    <step num="2.">
      <text><![CDATA[Double-click the CD Drive to start the disc.]]></text>
      <img_name>Images/48519_1.jpg</img_name>
    </step>
    <step num="3.">
      <text><![CDATA[<P>Right-click the <B>Start_Here.htm</B> file and pick <B>Send To </B>| <B>Desktop</B> <b>(create shortcut)</b>.<B>&nbsp;</B></P>
<P><B>NOTE: </B>If you want to create a shortcut directly to the CD index (but with extra menus), double-click the Curriculum_Resource_CD folder. Right-click the Essentials.htm file and pick Send To | Desktop (create shortcut).<B>&nbsp;</B></P><B>NOTE:</B> Depending on your system settings, the “.htm” extension may or may not appear in the file name.]]></text>
      <img_name>Images/48519_2.jpg</img_name>
    </step>
    <step num="4.">
      <text><![CDATA[<P>When you want to start the Curriculum Resource CD, double-click the <B>Shortcut to Start_Here.htm</B> file on your desktop.</P>
<P>&nbsp;</P><B>NOTE:</B> To use the shortcut, the Curriculum Resource CD must be in the CD drive.]]></text>
      <img_name>Images/48519_3.jpg</img_name>
    </step>
  </steps>
</skill>