<?xml version="1.0" standalone="yes"?>
<skill id="48510">
  <title><![CDATA[3.2 To turn down the sound for the built-in computer speakers]]></title>
  <desc><![CDATA[]]></desc>
  <ModifiedDate>2008-05-29</ModifiedDate>
  <steps>
    <step num="1.">
      <text><![CDATA[Click <B>Start</B> | <B>Control Panel</B>.]]></text>
      <img_name>Images/48510_0.jpg</img_name>
    </step>
    <step num="2.">
      <text><![CDATA[<P>Double-click <B>Sound</B>.</P>]]></text>
      <img_name>Images/48510_1.jpg</img_name>
    </step>
    <step num="3a.">
      <text><![CDATA[Click the <B>Playback</B> tab. Pick <B>Speakers</B>. Then, click <B>Properties</B>.]]></text>
      <img_name>Images/48510_2.jpg</img_name>
    </step>
    <step num="3b.">
      <text><![CDATA[Click the <B>Levels</B> tab. ]]></text>
      <img_name>Images/48510_3.jpg</img_name>
    </step>
    <step num="4.">
      <text><![CDATA[Click and drag the slider to the left to turn down the volume of the computer speakers.]]></text>
      <img_name>Images/48510_4.jpg</img_name>
    </step>
    <step num="5.">
      <text><![CDATA[Click <B>OK</B>.]]></text>
      <img_name>Images/48510_5.jpg</img_name>
    </step>
    <step num="6.">
      <text><![CDATA[Click <B>OK </B>again.]]></text>
      <img_name>Images/48510_6.jpg</img_name>
    </step>
  </steps>
</skill>