<?xml version="1.0" standalone="yes"?>
<skill id="48511">
  <title><![CDATA[3.3 To turn off, or mute, the sound for the built-in computer speakers]]></title>
  <desc><![CDATA[]]></desc>
  <ModifiedDate>2008-05-29</ModifiedDate>
  <steps>
    <step num="1.">
      <text><![CDATA[Click <B>Start</B> | <B>Control Panel</B>.]]></text>
      <img_name>Images/48511_0.jpg</img_name>
    </step>
    <step num="2.">
      <text><![CDATA[<P>Double-click <B>Sound</B>.</P>]]></text>
      <img_name>Images/48511_1.jpg</img_name>
    </step>
    <step num="3a.">
      <text><![CDATA[Click the <B>Playback</B> tab. Pick <B>Speakers</B>. Then, click <B>Properties</B>.]]></text>
      <img_name>Images/48511_2.jpg</img_name>
    </step>
    <step num="3b.">
      <text><![CDATA[Click the <B>Levels</B> tab. ]]></text>
      <img_name>Images/48511_3.jpg</img_name>
    </step>
    <step num="4.">
      <text><![CDATA[<P>Click the sound icon to mute the sound.</P>]]></text>
      <img_name>Images/48511_4.jpg</img_name>
    </step>
    <step num="5.">
      <text><![CDATA[Click <B>OK</B>.]]></text>
      <img_name>Images/48511_5.jpg</img_name>
    </step>
    <step num="6.">
      <text><![CDATA[<P>Click <B>OK </B>again.</P>
<P>&nbsp;</P><B>NOTE:</B> To turn the sound back on, repeat the steps above. Checking the sound icon again in Step 4 will turn the sound back on.]]></text>
      <img_name>Images/48511_6.jpg</img_name>
    </step>
  </steps>
</skill>