<?xml version="1.0" standalone="yes"?>
<skill id="48516">
  <title><![CDATA[1.1 To start the Intel® Teach Essentials Course Curriculum Resource CD index]]></title>
  <desc><![CDATA[]]></desc>
  <ModifiedDate>2008-05-29</ModifiedDate>
  <steps>
    <step num="1.">
      <text><![CDATA[<P>Insert the <B>Intel® Teach Essentials Course Curriculum Resource CD </B>into the CD drive.</P>
<P>&nbsp;</P>Click <B>Start </B>|<B> Computer</B>.]]></text>
      <img_name>Images/48516_0.jpg</img_name>
    </step>
    <step num="2.">
      <text><![CDATA[Double-click the CD Drive to start the disc.]]></text>
      <img_name>Images/48516_1.jpg</img_name>
    </step>
    <step num="3.">
      <text><![CDATA[<P>Double-click the <B>Start_Here.htm</B> file to launch the CD.</P>
<P>&nbsp;</P><B>NOTE:</B> Depending on your system settings, the “.htm” extension may or may not appear in the file name.]]></text>
      <img_name>Images/48516_2.jpg</img_name>
    </step>
    <step num="4.">
      <text><![CDATA[<P>Your default web browser will load the Start_Here.htm file.</P>
<P>&nbsp;</P>
<P>Double click the <B>Start the Curriculum Resources CD</B> <B>Index</B> button.</P>
<P>&nbsp;</P>]]></text>
      <img_name>Images/48516_3.jpg</img_name>
    </step>
    <step num="5.">
      <text><![CDATA[Notice that the CD index will now appear in your web browser.]]></text>
      <img_name>Images/48516_4.jpg</img_name>
    </step>
    <step num="6.">
      <text><![CDATA[If you would like to enlarge the screen, click the <B>Maximize</B> button in the top right corner of the CD index.]]></text>
      <img_name>Images/48516_5.jpg</img_name>
    </step>
  </steps>
</skill>