<?xml version="1.0" standalone="yes"?>
<skill id="48529">
  <title><![CDATA[2.4 To change or replace words that you have already typed]]></title>
  <desc><![CDATA[]]></desc>
  <ModifiedDate>2008-05-29</ModifiedDate>
  <steps>
    <step num="1.">
      <text><![CDATA[Select the word or words that you want to replace.]]></text>
      <img_name>Images/48529_0.jpg</img_name>
    </step>
    <step num="2.">
      <text><![CDATA[Type your new words.]]></text>
      <img_name>Images/48529_1.jpg</img_name>
    </step>
  </steps>
</skill>