<?xml version="1.0" standalone="yes"?>
<skill id="48523">
  <title><![CDATA[2.1 To type words, or to enter text]]></title>
  <desc><![CDATA[]]></desc>
  <ModifiedDate>2008-05-29</ModifiedDate>
  <steps>
    <step num="1.">
      <text><![CDATA[Click to place the cursor in your document.]]></text>
      <img_name>Images/48523_0.jpg</img_name>
    </step>
    <step num="2.">
      <text><![CDATA[Start typing your words.]]></text>
      <img_name>Images/48523_1.jpg</img_name>
    </step>
  </steps>
</skill>