<?xml version="1.0" standalone="yes"?>
<skill id="48526">
  <title><![CDATA[1.6 To print a file from the CD]]></title>
  <desc><![CDATA[]]></desc>
  <ModifiedDate>2008-05-29</ModifiedDate>
  <steps>
    <step num="1.">
      <text><![CDATA[Go to the file that you want to print and open it in the right pane of the CD. (See Essentials Course Skill: <A href="EC 1.4">To open and view files from the CD</A>.) ]]></text>
      <img_name>Images/48526_0.jpg</img_name>
    </step>
    <step num="2.">
      <text><![CDATA[Hold down the <B>Control </B>key while pressing the <B>P</B> key.]]></text>
      <img_name>Images/48526_1.jpg</img_name>
    </step>
    <step num="3.">
      <text><![CDATA[In the Printer Name section, pick the printer you want to use.]]></text>
      <img_name>Images/48526_2.jpg</img_name>
    </step>
    <step num="4.">
      <text><![CDATA[Check the page range and number of copies. Make any changes, as needed.]]></text>
      <img_name>Images/48526_3.jpg</img_name>
    </step>
    <step num="5.">
      <text><![CDATA[<P>If you changed any of the print settings, click <B>OK </B>to save your changes.</P>
<P>&nbsp;</P>When ready, click <B>OK</B> to print your file.]]></text>
      <img_name>Images/48526_4.jpg</img_name>
    </step>
  </steps>
</skill>