<?xml version="1.0" standalone="yes"?>
<skill id="48521">
  <title><![CDATA[1.3 To navigate the CD index]]></title>
  <desc><![CDATA[]]></desc>
  <ModifiedDate>2008-05-29</ModifiedDate>
  <steps>
    <step num="1.">
      <text><![CDATA[To locate files on the Curriculum Resource CD, click on the desired topic in the left navigation pane.]]></text>
      <img_name>Images/48521_0.jpg</img_name>
    </step>
    <step num="2.">
      <text><![CDATA[Notice the menu for that topic opens in the right pane.]]></text>
      <img_name>Images/48521_1.jpg</img_name>
    </step>
    <step num="3a.">
      <text><![CDATA[<P>Subtopics are accessible by clicking on the desired subtopic in the left navigation pane.</P>]]></text>
      <img_name>Images/48521_2.jpg</img_name>
    </step>
    <step num="3b.">
      <text><![CDATA[Or, click the subtopic link located on the topics screen in the right pane.]]></text>
      <img_name>Images/48521_3.jpg</img_name>
    </step>
    <step num="4.">
      <text><![CDATA[To return to any previous screen, click the <B>Back</B> button located on the top navigation pane.]]></text>
      <img_name>Images/48521_4.jpg</img_name>
    </step>
  </steps>
</skill>