<?xml version="1.0" standalone="yes"?>
<skill id="48522">
  <title><![CDATA[1.4 To open and view files from the CD]]></title>
  <desc><![CDATA[]]></desc>
  <ModifiedDate>2008-05-29</ModifiedDate>
  <steps>
    <step num="1.">
      <text><![CDATA[To open files, click the links in the main topic screen in the right CD pane.]]></text>
      <img_name>Images/48522_0.jpg</img_name>
    </step>
    <step num="2.">
      <text><![CDATA[<P>If you receive a pop-up window, click <B>Open</B> to open the file in the CD window. </P>
<P>&nbsp;</P><B>NOTE: </B>If you want to save the file to a location on your computer, click Save instead.]]></text>
      <img_name>Images/48522_1.jpg</img_name>
    </step>
    <step num="3.">
      <text><![CDATA[<P>Notice that the file will open in a new browser window.</P>
<P>&nbsp;</P>]]></text>
      <img_name>Images/48522_2.jpg</img_name>
    </step>
  </steps>
</skill>