<?xml version="1.0" standalone="yes"?>
<skill id="48528">
  <title><![CDATA[1.7 To search for a topic on the CD]]></title>
  <desc><![CDATA[]]></desc>
  <ModifiedDate>2008-05-29</ModifiedDate>
  <steps>
    <step num="1.">
      <text><![CDATA[Click the <B>Index</B> button in the top navigation pane.]]></text>
      <img_name>Images/48528_0.jpg</img_name>
    </step>
    <step num="2.">
      <text><![CDATA[Type a search term in the keyword search box.]]></text>
      <img_name>Images/48528_1.jpg</img_name>
    </step>
    <step num="3.">
      <text><![CDATA[<P>Click on a topic that appears below the keyword search box.</P>
<P>&nbsp;</P>
<P>or</P>
<P>&nbsp;</P>If the search returns more than one result, click on the topic of interest. ]]></text>
      <img_name>Images/48528_2.jpg</img_name>
    </step>
    <step num="4.">
      <text><![CDATA[Notice that the topic you clicked will appear in the right CD pane.]]></text>
      <img_name>Images/48528_3.jpg</img_name>
    </step>
  </steps>
</skill>