<?xml version="1.0" standalone="yes"?>
<skill id="48520">
  <title><![CDATA[1.7 To save a word processing document for different uses]]></title>
  <desc><![CDATA[]]></desc>
  <ModifiedDate>2008-05-29</ModifiedDate>
  <steps>
    <step num="1.">
      <text><![CDATA[<P>Click the <B>Office Button</B>. Then, click <B>Save As</B>. </P>]]></text>
      <img_name>Images/48520_0.jpg</img_name>
    </step>
    <step num="2.">
      <text><![CDATA[Browse <B>Folders</B> in the <B>Save As</B> dialog box. Find the place where you are supposed to save your work.]]></text>
      <img_name>Images/48520_1.jpg</img_name>
    </step>
    <step num="3.">
      <text><![CDATA[Type a name for your document in the <B>File name</B> box.]]></text>
      <img_name>Images/48520_2.jpg</img_name>
    </step>
    <step num="4a.">
      <text><![CDATA[There are different ways to save your document. Saving as a <B>.docx</B> file saves your file as a standard Microsoft Word document.]]></text>
      <img_name>Images/48520_3.jpg</img_name>
    </step>
    <step num="4b.">
      <text><![CDATA[<P>To make any of your files accessible to another word processing program, regardless of operating system, save the file as a text file. Choose one of the text file options:</P>
<UL>
<LI>Click the <B>Save as type</B> arrow and pick <B>Plain Text (*.txt)</B> to keep your text only.</LI></UL>
<P><B>NOTE:</B> If you choose this option, you will lose all formatting in your document.</P>
<UL>
<LI>Click the <B>Save as type</B> arrow and pick <B>Rich Text Format (*.rtf)</B> to preserve much of the formatting, but file fontSize will be slightly larger.</LI></UL>]]></text>
      <img_name>Images/48520_4.jpg</img_name>
    </step>
    <step num="5.">
      <text><![CDATA[<P>Click <B>Save</B>.</P>
<P><B>NOTE</B>: After you have saved the file once, you do not need to use the Office Button | Save As each time you want to save the file again. You can simply click the <B>Save</B> button on the Quick Access toolbar or hold down the <B>Control </B>key while pressing the <B>S</B> key to save the file.</P><B>NOTE:</B> To save all files as Web pages that can be viewed with a web browser, see Word Processing Skill: <A href="wp 12.5">To save a regular word processing document as a Web page</A>. ]]></text>
      <img_name>Images/48520_5.jpg</img_name>
    </step>
  </steps>
</skill>