<?xml version="1.0" standalone="yes"?>
<skill id="48527">
  <title><![CDATA[2.3 To erase or delete words or text]]></title>
  <desc><![CDATA[]]></desc>
  <ModifiedDate>2008-05-29</ModifiedDate>
  <steps>
    <step num="1.">
      <text><![CDATA[Select the letters or words you want to erase or delete.]]></text>
      <img_name>Images/48527_0.jpg</img_name>
    </step>
    <step num="2.">
      <text><![CDATA[Press the <B>Delete</B> key.&nbsp;<B>&nbsp;</B>]]></text>
      <img_name>Images/48527_1.jpg</img_name>
    </step>
    <step num="3.">
      <text><![CDATA[Or, if you want to get rid of only a few letters at the end of a word or sentence, you can put the cursor at the end. ]]></text>
      <img_name>Images/48527_2.jpg</img_name>
    </step>
    <step num="4.">
      <text><![CDATA[Press the <B>Backspace</B> key.]]></text>
      <img_name>Images/48527_3.jpg</img_name>
    </step>
  </steps>
</skill>