<?xml version="1.0" standalone="yes"?>
<skill id="48525">
  <title><![CDATA[2.2 To select words so you can make changes]]></title>
  <desc><![CDATA[]]></desc>
  <ModifiedDate>2008-05-29</ModifiedDate>
  <steps>
    <step num="1.">
      <text><![CDATA[Click in front of the first letter of the first word that you would like to select.]]></text>
      <img_name>Images/48525_0.jpg</img_name>
    </step>
    <step num="2.">
      <text><![CDATA[Hold down the left mouse button, and drag until you have selected all of the words you want to change. ]]></text>
      <img_name>Images/48525_1.jpg</img_name>
    </step>
    <step num="3.">
      <text><![CDATA[You can also select a single word by double-clicking it.]]></text>
      <img_name>Images/48525_2.jpg</img_name>
    </step>
    <step num="4.">
      <text><![CDATA[You can select an entire paragraph by triple-clicking it.]]></text>
      <img_name>Images/48525_3.jpg</img_name>
    </step>
  </steps>
</skill>