<?xml version="1.0" standalone="yes"?>
<skill id="48524">
  <title><![CDATA[1.5 To save a file from the CD to a location on your computer]]></title>
  <desc><![CDATA[]]></desc>
  <ModifiedDate>2008-05-29</ModifiedDate>
  <steps>
    <step num="1.">
      <text><![CDATA[<P>Right-click a link to a file in the right pane of the CD.&nbsp;</P>
<P>Pick <b>Save Target As</b>.<B>&nbsp;</B></P><B>NOTE: </B>If you are already viewing a document on the CD that you want to save to your computer, hold down the <B>CTRL</B> key while pressing the <B>S</B> key. Proceed to the next step to continue saving the file.]]></text>
      <img_name>Images/48524_0.jpg</img_name>
    </step>
    <step num="2.">
      <text><![CDATA[<P>Browse <B>Folders</B> in the <B>Save As</B> dialog box. Find the place where you are supposed to save your work.</P>]]></text>
      <img_name>Images/48524_1.jpg</img_name>
    </step>
    <step num="3.">
      <text><![CDATA[<P>Click <B>Save</B>.&nbsp;</P><B>NOTE:</B> If you receive a pop-up window that says the download has been completed, click Close.]]></text>
      <img_name>Images/48524_2.jpg</img_name>
    </step>
  </steps>
</skill>