<?xml version="1.0" standalone="yes"?>
<skill id="48539">
  <title><![CDATA[3.1 To pick the letter design or font for your words]]></title>
  <desc><![CDATA[]]></desc>
  <ModifiedDate>2008-05-29</ModifiedDate>
  <steps>
    <step num="1.">
      <text><![CDATA[Select the word or words you want to change. (See Word Processing Skill: <A href="wp 2.2">To select words so you can make changes</A>.) ]]></text>
      <img_name>Images/48539_0.jpg</img_name>
    </step>
    <step num="2.">
      <text><![CDATA[<P>Click the <B>Home</B> tab. In the <B>Font</B> group, click the<B> Font</B> arrow.</P>Pick one of the letter designs, or fonts.]]></text>
      <img_name>Images/48539_1.jpg</img_name>
    </step>
    <step num="3.">
      <text><![CDATA[Notice that your words will be changed to the font you picked.]]></text>
      <img_name>Images/48539_2.jpg</img_name>
    </step>
  </steps>
</skill>