<?xml version="1.0" standalone="yes"?>
<skill id="48530">
  <title><![CDATA[1.8 To look up words using the CD glossary]]></title>
  <desc><![CDATA[]]></desc>
  <ModifiedDate>2008-05-29</ModifiedDate>
  <steps>
    <step num="1.">
      <text><![CDATA[Click the <B>Glossary</B> button in the top navigation pane.]]></text>
      <img_name>Images/48530_0.jpg</img_name>
    </step>
    <step num="2.">
      <text><![CDATA[Click any term from the <B>Term</B> section of the left navigation pane.]]></text>
      <img_name>Images/48530_1.jpg</img_name>
    </step>
    <step num="3.">
      <text><![CDATA[Notice the definition for the term you clicked appears in the Definition section at the bottom of the left navigation pane.]]></text>
      <img_name>Images/48530_2.jpg</img_name>
    </step>
  </steps>
</skill>