<?xml version="1.0" standalone="yes"?>
<skill id="48532">
  <title><![CDATA[1.9 To access files without using the CD index]]></title>
  <desc><![CDATA[]]></desc>
  <ModifiedDate>2008-05-29</ModifiedDate>
  <steps>
    <step num="1.">
      <text><![CDATA[Click <B>Start </B>|<B> Computer</B>.]]></text>
      <img_name>Images/48532_0.jpg</img_name>
    </step>
    <step num="2.">
      <text><![CDATA[Right-click the CD Drive and pick <b>Explore</b>.]]></text>
      <img_name>Images/48532_1.jpg</img_name>
    </step>
    <step num="3.">
      <text><![CDATA[<P>Click the expand sign next to the CD drive to expand it and see the CD folders.</P>]]></text>
      <img_name>Images/48532_2.jpg</img_name>
    </step>
    <step num="4.">
      <text><![CDATA[Continue clicking the expand signs to expand folders of interest.]]></text>
      <img_name>Images/48532_3.jpg</img_name>
    </step>
    <step num="5.">
      <text><![CDATA[When you want to view the contents of a folder, click the folder name. ]]></text>
      <img_name>Images/48532_4.jpg</img_name>
    </step>
    <step num="6.">
      <text><![CDATA[<P>Notice the contents of the folder you clicked will appear in the right window.</P>
<P>&nbsp;</P>Double-click any file name to open it.]]></text>
      <img_name>Images/48532_5.jpg</img_name>
    </step>
  </steps>
</skill>