<?xml version="1.0" standalone="yes"?>
<skill id="48537">
  <title><![CDATA[2.9 To add a maths, science, or other symbol]]></title>
  <desc><![CDATA[]]></desc>
  <ModifiedDate>2008-05-29</ModifiedDate>
  <steps>
    <step num="1.">
      <text><![CDATA[Click to put the cursor where you want the symbol to go.]]></text>
      <img_name>Images/48537_0.jpg</img_name>
    </step>
    <step num="2.">
      <text><![CDATA[<P>Click<B> </B>the<B> Insert </B>tab. Go to the <B>Symbols </B>group.</P>]]></text>
      <img_name>Images/48537_1.jpg</img_name>
    </step>
    <step num="3.">
      <text><![CDATA[Click <B>Symbol</B>.]]></text>
      <img_name>Images/48537_2.jpg</img_name>
    </step>
    <step num="4.">
      <text><![CDATA[Find and pick the symbol you want.]]></text>
      <img_name>Images/48537_3.jpg</img_name>
    </step>
    <step num="5.">
      <text><![CDATA[If you cannot find the symbols you want to insert from the Symbol menu, click <B>Symbol |More Symbols</B>.]]></text>
      <img_name>Images/48537_4.jpg</img_name>
    </step>
    <step num="6.">
      <text><![CDATA[Find and pick the symbol you want.]]></text>
      <img_name>Images/48537_5.jpg</img_name>
    </step>
    <step num="7.">
      <text><![CDATA[Click <B>Insert</B>.]]></text>
      <img_name>Images/48537_6.jpg</img_name>
    </step>
    <step num="8.">
      <text><![CDATA[Then, click <B>Close.</B>]]></text>
      <img_name>Images/48537_7.jpg</img_name>
    </step>
  </steps>
</skill>