<?xml version="1.0" standalone="yes"?>
<skill id="48533">
  <title><![CDATA[2.6 To copy words or text]]></title>
  <desc><![CDATA[]]></desc>
  <ModifiedDate>2008-05-29</ModifiedDate>
  <steps>
    <step num="1.">
      <text><![CDATA[Select the word or words that you want to copy.]]></text>
      <img_name>Images/48533_0.jpg</img_name>
    </step>
    <step num="2.">
      <text><![CDATA[<P>Click the <B>Home </B>tab<B>. </B>In the<B> Clipboard </B>group, click <B>Copy</B>. </P>
<P>&nbsp;</P>]]></text>
      <img_name>Images/48533_1.jpg</img_name>
    </step>
  </steps>
</skill>