<?xml version="1.0" standalone="yes"?>
<skill id="48535">
  <title><![CDATA[2.1 To create folders for the Unit Portfolio]]></title>
  <desc><![CDATA[]]></desc>
  <ModifiedDate>2008-05-29</ModifiedDate>
  <steps>
    <step num="1.">
      <text><![CDATA[View your computer desktop.]]></text>
      <img_name>Images/48535_0.jpg</img_name>
    </step>
    <step num="2.">
      <text><![CDATA[Right-click anywhere on the desktop and click <B>New </B>|<B> Folder</B> in the drop-down menu.]]></text>
      <img_name>Images/48535_1.jpg</img_name>
    </step>
    <step num="3.">
      <text><![CDATA[<P>Rename the folder by typing your <I>last name underscore first name</I> (example: Sharma_Sheetal). Press the <B>Enter</B> key.</P>
<P>&nbsp;</P>
<P>If the new folder is not already selected, right-click the folder and pick <B>Rename</B>. Then type your <I>last name underscore first name</I> (example: Sharma_Sheetal). Press the <B>Enter</B> key.</P>
<P>&nbsp;</P><B>NOTE:</B> This folder will be referred to as your Portfolio folder throughout the Intel® Teach Essentials Course curriculum.]]></text>
      <img_name>Images/48535_2.jpg</img_name>
    </step>
    <step num="4.">
      <text><![CDATA[Double-click your Portfolio folder.]]></text>
      <img_name>Images/48535_3.jpg</img_name>
    </step>
    <step num="5.">
      <text><![CDATA[Right-click inside your Portfolio folder and pick <B>New </B>|<B> Folder</B>.]]></text>
      <img_name>Images/48535_4.jpg</img_name>
    </step>
    <step num="6.">
      <text><![CDATA[<P>Rename this folder by typing <I>assessments</I>.</P>
<P>&nbsp;</P>
<P>Press the <B>Enter</B> key.</P>
<P>&nbsp;</P>If the new folder is not already selected, right-click the folder and pick <B>Rename</B>. Then, type <I>assessments </I>and press the <B>Enter</B> key.]]></text>
      <img_name>Images/48535_5.jpg</img_name>
    </step>
    <step num="7.">
      <text><![CDATA[<P>Right-click and pick <B>New </B>|<B> Folder </B>(see Step 5) to create a second new folder inside your Portfolio folder. </P>
<P>&nbsp;</P>
<P>Rename this folder <I>images_sounds</I>.</P>
<P>&nbsp;</P>Press the <B>Enter</B> key.]]></text>
      <img_name>Images/48535_6.jpg</img_name>
    </step>
    <step num="8.">
      <text><![CDATA[<P>Right-click and pick <B>New </B>|<B> Folder </B>(see Step 5) to create a third new folder inside your Portfolio folder. </P>
<P>&nbsp;</P>
<P>Rename this folder <I>student_sample</I>.</P>
<P>&nbsp;</P>Press the <B>Enter</B> key.]]></text>
      <img_name>Images/48535_7.jpg</img_name>
    </step>
    <step num="9.">
      <text><![CDATA[<P>Right-click and pick <B>New </B>|<B> Folder </B>(see Step 5) to create a fourth new folder inside your Portfolio folder. </P>
<P>&nbsp;</P>
<P>Rename this folder <I>unit_support</I>.</P>
<P>&nbsp;</P>Press the <B>Enter</B> key.]]></text>
      <img_name>Images/48535_8.jpg</img_name>
    </step>
    <step num="10.">
      <text><![CDATA[<P>Right-click and pick <B>New </B>|<B> Folder </B>(see Step 5) to create a fifth new folder inside your Portfolio folder. </P>
<P>&nbsp;</P>
<P>Rename this folder <I>unit_plan</I>.</P>
<P>&nbsp;</P>Press the <B>Enter</B> key.]]></text>
      <img_name>Images/48535_9.jpg</img_name>
    </step>
    <step num="11.">
      <text><![CDATA[Double-click the images_sounds folder. ]]></text>
      <img_name>Images/48535_10.jpg</img_name>
    </step>
    <step num="12.">
      <text><![CDATA[<P>Right-click and pick <B>New </B>|<B> Folder </B>(see Step 5) to create a new folder inside the images_sounds folder. </P>
<P>&nbsp;</P>
<P>Rename this folder <I>copyright_permissions</I>.</P>
<P>&nbsp;</P>Press the <B>Enter</B> key.]]></text>
      <img_name>Images/48535_11.jpg</img_name>
    </step>
    <step num="13.">
      <text><![CDATA[<P>Click the <B>Back </B>or <B>Forward</B> button to return to the top level of your Portfolio folder.&nbsp;</P>
<P>Or, you can click on name of the folder in the address bar to go up or to any specific folder.</P>]]></text>
      <img_name>Images/48535_12.jpg</img_name>
    </step>
    <step num="14.">
      <text><![CDATA[<P>Your Portfolio folder is now complete.&nbsp;</P>Click any <B>Expand </B>signs to show subfolders. Click any <B>Collapse </B>signs to hide subfolders.]]></text>
      <img_name>Images/48535_13.jpg</img_name>
    </step>
  </steps>
</skill>