<?xml version="1.0" standalone="yes"?>
<skill id="48536">
  <title><![CDATA[2.8 To paste words or text in a new place]]></title>
  <desc><![CDATA[]]></desc>
  <ModifiedDate>2008-05-29</ModifiedDate>
  <steps>
    <step num="1.">
      <text><![CDATA[Make sure you have already copied or cut your words. Then, click to put the cursor where you want to&nbsp;put those words.]]></text>
      <img_name>Images/48536_0.jpg</img_name>
    </step>
    <step num="2.">
      <text><![CDATA[<P>Click the <B>Home</B> tab. In the <B>Clipboard</B> group, click <B>Paste. </B></P>]]></text>
      <img_name>Images/48536_1.jpg</img_name>
    </step>
  </steps>
</skill>