<?xml version="1.0" standalone="yes"?>
<skill id="48538">
  <title><![CDATA[12.1 To create a new Web page]]></title>
  <desc><![CDATA[]]></desc>
  <ModifiedDate>2008-05-29</ModifiedDate>
  <steps>
    <step num="1.">
      <text><![CDATA[<P>Click the <B>Office Button</B>. Click <B>Save As</B> and pick <B>Other Formats</B>.</P>]]></text>
      <img_name>Images/48538_0.jpg</img_name>
    </step>
    <step num="2.">
      <text><![CDATA[<P>In the <B>Save as type</B> box, pick <B>Web Page (*.htm;*html). </B></P>
<P>Click<B> Save. </B></P>]]></text>
      <img_name>Images/48538_1.jpg</img_name>
    </step>
    <step num="3.">
      <text><![CDATA[Type a title for your Web page and press the <B>Enter</B> key.]]></text>
      <img_name>Images/48538_2.jpg</img_name>
    </step>
    <step num="4.">
      <text><![CDATA[Insert and format a table to create a column layout for the Web page. (See Word Processing Group: Working with Tables.) ]]></text>
      <img_name>Images/48538_3.jpg</img_name>
    </step>
    <step num="5.">
      <text><![CDATA[Format the text in your Web page and add pictures. (See Word Processing Group: Changing the Look of Your Words and Word Processing Group: Adding Pictures to Your Pages.) ]]></text>
      <img_name>Images/48538_4.jpg</img_name>
    </step>
  </steps>
</skill>