<?xml version="1.0" standalone="yes"?>
<skill id="48542">
  <title><![CDATA[12.4 To use a theme to change the look of your Web page]]></title>
  <desc><![CDATA[]]></desc>
  <ModifiedDate>2008-05-29</ModifiedDate>
  <steps>
    <step num="1.">
      <text><![CDATA[Make sure your Web page is on your screen in Web Layout view. (See Word Processing Skill: <A href="WP 12.2">To view a document as it would look on the Internet</A>.) ]]></text>
      <img_name>Images/48542_0.jpg</img_name>
    </step>
    <step num="2.">
      <text><![CDATA[<P>Click the <B>Page Layout</B> tab. In the <B>Page Background </B>group, click the<B> Page Color </B>arrow. </P>]]></text>
      <img_name>Images/48542_1.jpg</img_name>
    </step>
    <step num="3.">
      <text><![CDATA[<P>Pick one of the theme colours. </P>
<P>&nbsp;</P><B>NOTE: </B>Keep in mind <BR>that dark colours or very colourful backgrounds might make it hard to read your Web page. Light colours and simple fill effects work best.]]></text>
      <img_name>Images/48542_2.jpg</img_name>
    </step>
    <step num="4.">
      <text><![CDATA[In the <B>Page Layout</B> tab and <B>Themes </B>group, click the<B> Themes </B>arrow.]]></text>
      <img_name>Images/48542_3.jpg</img_name>
    </step>
    <step num="5.">
      <text><![CDATA[Pick one of the themes.]]></text>
      <img_name>Images/48542_4.jpg</img_name>
    </step>
    <step num="6.">
      <text><![CDATA[Notice that your Web page design changes to the theme you picked.]]></text>
      <img_name>Images/48542_5.jpg</img_name>
    </step>
  </steps>
</skill>