<?xml version="1.0" standalone="yes"?>
<skill id="48546">
  <title><![CDATA[3.2 To make words bigger or smaller]]></title>
  <desc><![CDATA[]]></desc>
  <ModifiedDate>2008-05-29</ModifiedDate>
  <steps>
    <step num="1.">
      <text><![CDATA[Select the word or words you want to change. (See Word Processing Skill: <A href="WP 2.2">To select words so you can make changes</A>.) ]]></text>
      <img_name>Images/48546_0.jpg</img_name>
    </step>
    <step num="2a.">
      <text><![CDATA[<P>Click the <B>Home</B> tab. In the <B>Font</B> group, click the<B> Font</B> <B>Size</B> arrow.</P>
<P>&nbsp;</P>Pick one of the numbers, or a <I>font fontSize</I>, from the menu to make the words bigger.]]></text>
      <img_name>Images/48546_1.jpg</img_name>
    </step>
    <step num="2b.">
      <text><![CDATA[Or, in the <B>Home</B> tab and <B>Font</B> group, click the <B>Font</B> <B>Size</B> arrow. Pick one of the numbers, or a <I>font fontSize</I>, from the menu to make the words smaller.]]></text>
      <img_name>Images/48546_2.jpg</img_name>
    </step>
  </steps>
</skill>