<?xml version="1.0" standalone="yes"?>
<skill id="48549">
  <title><![CDATA[3.3 To change the style of words]]></title>
  <desc><![CDATA[]]></desc>
  <ModifiedDate>2008-05-29</ModifiedDate>
  <steps>
    <step num="1.">
      <text><![CDATA[Select the word or words you want to change. (See Word Processing Skill: <A href="WP 2.2">To select words so you can make changes</A>.) ]]></text>
      <img_name>Images/48549_0.jpg</img_name>
    </step>
    <step num="2.">
      <text><![CDATA[<P>Click the <B>Home</B> tab. In the <B>Font</B> group, click the <B>Bold</B> button to make the letters in your words thicker or <I>bold</I>.</P>
<P>&nbsp;</P><B>NOTE:</B> Select your words and click the Bold button again to remove that style.]]></text>
      <img_name>Images/48549_1.jpg</img_name>
    </step>
    <step num="3.">
      <text><![CDATA[<P>To make the letters in your words slanted, or to put them in <I>italics</I>, click the <B>Italic </B>button on the Font group. </P>
<P>&nbsp;</P><B>NOTE: </B>Select your words and click the Italic<B> </B>button again to remove that style.]]></text>
      <img_name>Images/48549_2.jpg</img_name>
    </step>
    <step num="4.">
      <text><![CDATA[<P>To add a line under your words, click the <B>Underline </B>button on the Font group. </P>
<P>&nbsp;</P><B>NOTE: </B>Select your words and click the Underline button again to remove that style.]]></text>
      <img_name>Images/48549_3.jpg</img_name>
    </step>
  </steps>
</skill>