<?xml version="1.0" standalone="yes"?>
<skill id="48543">
  <title><![CDATA[12.5 To save a regular word processing document as a Web page]]></title>
  <desc><![CDATA[]]></desc>
  <ModifiedDate>2008-05-29</ModifiedDate>
  <steps>
    <step num="1.">
      <text><![CDATA[<P>Click the <B>Office Button</B>. Then, click <B>Save As</B>.</P>]]></text>
      <img_name>Images/48543_0.jpg</img_name>
    </step>
    <step num="2.">
      <text><![CDATA[<P>Browse <B>Folders</B>, and find the place on your computer where you want to save your Web page file.</P>]]></text>
      <img_name>Images/48543_1.jpg</img_name>
    </step>
    <step num="3.">
      <text><![CDATA[In the <B>File name</B> box, type the name for your Web page file.]]></text>
      <img_name>Images/48543_2.jpg</img_name>
    </step>
    <step num="4.">
      <text><![CDATA[<P>Make sure <B>Single File Web Page (*.mht, *.mhtml)</B> is chosen in the Save as type list.</P>
<P>&nbsp;</P><B>NOTE: </B>The Single File Web Page format creates one file with all the images embedded in the file, similar to a single file Word document. The Web Page format creates an HTML file with any images saved as external files that are linked to the HTML file.]]></text>
      <img_name>Images/48543_3.jpg</img_name>
    </step>
    <step num="5.">
      <text><![CDATA[Click <B>Save</B>.]]></text>
      <img_name>Images/48543_4.jpg</img_name>
    </step>
  </steps>
</skill>