<?xml version="1.0" standalone="yes"?>
<skill id="48541">
  <title><![CDATA[12.3 To add a background to your Web page]]></title>
  <desc><![CDATA[]]></desc>
  <ModifiedDate>2008-05-29</ModifiedDate>
  <steps>
    <step num="1.">
      <text><![CDATA[Make sure your Web page is on your screen in Web Layout view. (See Word Processing Skill: <A href="WP 12.2">To view a document as it would look on the Internet</A>.) ]]></text>
      <img_name>Images/48541_0.jpg</img_name>
    </step>
    <step num="2a.">
      <text><![CDATA[<P>Click the <B>Page Layout</B> tab. In the <B>Page Background </B>group, click the<B> Page Color </B>arrow. </P>
<P>&nbsp;</P>]]></text>
      <img_name>Images/48541_1.jpg</img_name>
    </step>
    <step num="2b.">
      <text><![CDATA[<P>Pick one of the colours. </P>
<P>&nbsp;</P><B>NOTE: </B>Keep in mind that dark colours or very colourful backgrounds might make it hard for others to read your Web page. Light colours and simple fill effects work best.]]></text>
      <img_name>Images/48541_2.jpg</img_name>
    </step>
    <step num="3.">
      <text><![CDATA[<P>If you want another colour, click the<B> Page Color </B>arrow in the <B>Page Background </B>group. </P>
<P>Pick <B>More Colors</B>. Then, pick a colour from the Standard tab and click <B>OK.</B></P>]]></text>
      <img_name>Images/48541_3.jpg</img_name>
    </step>
    <step num="4.">
      <text><![CDATA[<P>If you want to add a colourful pattern, texture, or gradient, click the <B>Page Color</B> arrow in the <B>Page Background</B> group.</P>
<P>Pick <B>Fill Effects</B>. Select the fill effect that you want, and then click <B>OK.</B></P>]]></text>
      <img_name>Images/48541_4.jpg</img_name>
    </step>
    <step num="5.">
      <text><![CDATA[Notice that your Web page background changes to the colour you picked.]]></text>
      <img_name>Images/48541_5.jpg</img_name>
    </step>
  </steps>
</skill>