<?xml version="1.0" standalone="yes"?>
<skill id="48545">
  <title><![CDATA[12.7 To insert a link to a document saved on your computer]]></title>
  <desc><![CDATA[]]></desc>
  <ModifiedDate>2008-05-29</ModifiedDate>
  <steps>
    <step num="1.">
      <text><![CDATA[Put the cursor in the place where you want to add the hyperlink.]]></text>
      <img_name>Images/48545_0.jpg</img_name>
    </step>
    <step num="2.">
      <text><![CDATA[<P>Click the <B>Insert</B> tab. In the <B>Links</B> group, click <B>Hyperlink.</B></P>]]></text>
      <img_name>Images/48545_1.jpg</img_name>
    </step>
    <step num="3.">
      <text><![CDATA[In the <B>Text to display</B> box, type a name for or description of the file you are linking to.]]></text>
      <img_name>Images/48545_2.jpg</img_name>
    </step>
    <step num="4.">
      <text><![CDATA[<P>Click the <B>Browse for File</B> button, and then click the <B>Look in</B> arrow to find the file you want to link to. </P>]]></text>
      <img_name>Images/48545_3.jpg</img_name>
    </step>
    <step num="5.">
      <text><![CDATA[<P>Click the file, and click <B>OK.</B></P>
<P>&nbsp;</P><B>NOTE:</B> To make it easy to organise your Web page and the files you link to, make sure that the files are all located within the same folder. If they are, you can easily move the folder to another location, but the link between the files will not be broken.]]></text>
      <img_name>Images/48545_4.jpg</img_name>
    </step>
    <step num="6.">
      <text><![CDATA[Click <B>OK</B> one more time to add the link to your page.]]></text>
      <img_name>Images/48545_5.jpg</img_name>
    </step>
  </steps>
</skill>