<?xml version="1.0" standalone="yes"?>
<skill id="48551">
  <title><![CDATA[3.5 To add special effects to words]]></title>
  <desc><![CDATA[]]></desc>
  <ModifiedDate>2008-05-29</ModifiedDate>
  <steps>
    <step num="1.">
      <text><![CDATA[Select the word or words you want to change. (See Graphics Skill: <A href="GR 7.3">To select words in a text box so you can make changes</A>.) ]]></text>
      <img_name>Images/48551_0.jpg</img_name>
    </step>
    <step num="2.">
      <text><![CDATA[<P>Click the <B>Home</B> tab. In the <B>Font</B> group, click the Font Dialog Box Launcher button. Then, click the <B>Font</B> tab.</P>
<P>&nbsp;</P><B>NOTE: </B>The Font Dialog Box Launcher button is usually located at the bottom right corner of the Font group.]]></text>
      <img_name>Images/48551_1.jpg</img_name>
    </step>
    <step num="3.">
      <text><![CDATA[Click the <B>Font Color </B>arrow and pick one of the colour options. ]]></text>
      <img_name>Images/48551_2.jpg</img_name>
    </step>
    <step num="4a.">
      <text><![CDATA[In the <B>Effects</B> section, click the <B>Shadow</B> or <B>Outline</B> boxes. ]]></text>
      <img_name>Images/48551_3.jpg</img_name>
    </step>
    <step num="4b.">
      <text><![CDATA[Or, click the <B>Emboss</B> or <B>Engrave</B> boxes.]]></text>
      <img_name>Images/48551_4.jpg</img_name>
    </step>
    <step num="5.">
      <text><![CDATA[Click <B>OK</B>.]]></text>
      <img_name>Images/48551_5.jpg</img_name>
    </step>
  </steps>
</skill>