<?xml version="1.0" standalone="yes"?>
<skill id="48557">
  <title><![CDATA[11.5 To accept or reject Track Changes in a document]]></title>
  <desc><![CDATA[]]></desc>
  <ModifiedDate>2008-05-29</ModifiedDate>
  <steps>
    <step num="1.">
      <text><![CDATA[Open a document that has been reviewed with Track Changes.]]></text>
      <img_name>Images/48557_0.jpg</img_name>
    </step>
    <step num="2.">
      <text><![CDATA[<P>Click the <B>Review</B> tab. In the <B>Changes</B> group, click <B>Next.</B></P>]]></text>
      <img_name>Images/48557_1.jpg</img_name>
    </step>
    <step num="3a.">
      <text><![CDATA[If you want to make the change, click the <B>Accept </B>tool in the <B>Changes</B> group.]]></text>
      <img_name>Images/48557_2.jpg</img_name>
    </step>
    <step num="3b.">
      <text><![CDATA[Or, you can right-click the change and choose <B>Accept Format Change</B>, <B>Accept Deletion</B>, or <B>Accept Insertion</B>.]]></text>
      <img_name>Images/48557_3.jpg</img_name>
    </step>
    <step num="4a.">
      <text><![CDATA[<P>If you do not want to make the change, click the <B>Reject </B>tool in the Changes group.</P>]]></text>
      <img_name>Images/48557_4.jpg</img_name>
    </step>
    <step num="4b.">
      <text><![CDATA[<P>Or, you can right-click the selected change and choose <B>Reject Format Change</B>, <B>Reject Deletion</B>, or <B>Reject Insertion</B>.</P>]]></text>
      <img_name>Images/48557_5.jpg</img_name>
    </step>
    <step num="5a.">
      <text><![CDATA[<P>Click the <B>Next</B> tool in the <B>Changes</B> group to move to the next change marked in the document and repeat Steps 3a, 3b, 4a, and 4b.</P>
<P>&nbsp;</P>
<P>Or, click the <B>Accept</B> arrow in the <B>Changes</B> group and pick <B>Accept and Move to Next</B>.</P>]]></text>
      <img_name>Images/48557_6.jpg</img_name>
    </step>
    <step num="5b.">
      <text><![CDATA[<P>Or, click the <B>Reject</B> arrow in the <B>Changes</B> group and pick <B>Reject and Move to Next</B>.</P>
<P>&nbsp;</P>
<P>&nbsp;</P>Continue accepting or rejecting changes until you reach the end of the document.]]></text>
      <img_name>Images/48557_7.jpg</img_name>
    </step>
    <step num="6a.">
      <text><![CDATA[<P>If you want to accept all the changes that are marked in a document at once, you can click the <B>Accept </B>arrow and pick <B>Accept All Changes in Document</B>.</P>]]></text>
      <img_name>Images/48557_8.jpg</img_name>
    </step>
    <step num="6b.">
      <text><![CDATA[<P>Or, if you want to reject all the changes, you can click the <B>Reject</B> arrow and pick <B>Reject All Changes in Document</B>.</P>]]></text>
      <img_name>Images/48557_9.jpg</img_name>
    </step>
  </steps>
</skill>