<?xml version="1.0" standalone="yes"?>
<skill id="48552">
  <title><![CDATA[4.1 To change the space between lines]]></title>
  <desc><![CDATA[]]></desc>
  <ModifiedDate>2008-06-12</ModifiedDate>
  <steps>
    <step num="1.">
      <text><![CDATA[Select the lines of words or paragraphs you want to change.]]></text>
      <img_name>Images/48552_0.jpg</img_name>
    </step>
    <step num="2.">
      <text><![CDATA[Click the<B> Home </B>tab. In the <B>Paragraph</B> group, click the <B>Line Spacing</B> arrow. Then, pick <B>Line Spacing Options</B>.]]></text>
      <img_name>Images/48552_1.jpg</img_name>
    </step>
    <step num="3.">
      <text><![CDATA[Click the <B>Indents and Spacing </B>tab.]]></text>
      <img_name>Images/48552_2.jpg</img_name>
    </step>
    <step num="4a.">
      <text><![CDATA[<P>Click the <B>Line spacing </B>arrow, and pick one of the line spacing options: </P>
<P></P>
<UL>
<LI><B>&nbsp;</B>Pick<B> Single </B>(which is the automatic line spacing until you change it)</LI></UL>]]></text>
      <img_name>Images/48552_3.jpg</img_name>
    </step>
    <step num="4b.">
      <text><![CDATA[Or, pick<B> 1.5 lines.</B>]]></text>
      <img_name>Images/48552_4.jpg</img_name>
    </step>
    <step num="4c.">
      <text><![CDATA[Or, pick<B> Double.</B>]]></text>
      <img_name>Images/48552_5.jpg</img_name>
    </step>
    <step num="4d.">
      <text><![CDATA[Or, pick<B> Exactly </B>(which is measured in points, just as font fontSizes are; click the arrows in the <B>At</B> box to pick the spacing you want).]]></text>
      <img_name>Images/48552_6.jpg</img_name>
    </step>
    <step num="5.">
      <text><![CDATA[Look in the Preview box to make sure you like the new line spacing.]]></text>
      <img_name>Images/48552_7.jpg</img_name>
    </step>
    <step num="6.">
      <text><![CDATA[Click <B>OK</B>.]]></text>
      <img_name>Images/48552_8.jpg</img_name>
    </step>
  </steps>
</skill>