<?xml version="1.0" standalone="yes"?>
<skill id="48559">
  <title><![CDATA[11.7 To use the Reviewing pane]]></title>
  <desc><![CDATA[]]></desc>
  <ModifiedDate>2008-05-29</ModifiedDate>
  <steps>
    <step num="1.">
      <text><![CDATA[Open a document that has been reviewed with Track Changes and/or Comments.]]></text>
      <img_name>Images/48559_0.jpg</img_name>
    </step>
    <step num="2.">
      <text><![CDATA[<P>Click the <B>Review</B> tab. In the <B>Tracking</B> group, click the <B>Reviewing Pane </B>arrow<B>. </B></P>
<P>Then, pick <B>Reviewing Pane Vertical</B> or, pick <B>Reviewing Pane Horizontal.</B></P>]]></text>
      <img_name>Images/48559_1.jpg</img_name>
    </step>
    <step num="3a.">
      <text><![CDATA[<P>If you picked <B>Reviewing Pane Horizontal</B>, notice that all of the tracked changes and comments appear as a list at the bottom of the screen.</P>
<P>Use the Reviewing Pane to scroll through the changes in the document.</P>]]></text>
      <img_name>Images/48559_2.jpg</img_name>
    </step>
    <step num="3b.">
      <text><![CDATA[<P>If you picked <B>Reviewing Pane Vertical</B>, notice that all of the tracked changes and comments appear as a list at the side of the screen.</P>
<P>Use the Reviewing Pane to scroll through the changes in the document.</P>]]></text>
      <img_name>Images/48559_3.jpg</img_name>
    </step>
    <step num="4.">
      <text><![CDATA[<P>You can click each change in the Reviewing pane and select the <B>Accept</B> or <B>Reject </B>tools<B> </B>in the <B>Changes</B> group<B>. </B>Or, you can select the <B>Delete </B>tool in the <B>Comments</B> group to accept or reject the changes.</P>
<P>(For more information about track changes, see Word Processing Skill: <A href="wp 11.5">To accept or reject Track Changes in a document</A>.) or, (see Word Processing Skill: <A href="WP 11.6">To delete document comments</A>.)&nbsp;<BR>&nbsp;</P><B>NOTE:</B> The Reviewing Pane is helpful for reviewing long comments that are cut off in the balloons on the screen. It is also helpful for reviewing marked changes in a long document without having to scroll through the document to find each change.]]></text>
      <img_name>Images/48559_4.jpg</img_name>
    </step>
    <step num="5.">
      <text><![CDATA[<P>To close the Reviewing pane, click the <B>Reviewing Pane</B> tool again on the <B>Tracking</B> group.</P>]]></text>
      <img_name>Images/48559_5.jpg</img_name>
    </step>
  </steps>
</skill>