<?xml version="1.0" standalone="yes"?>
<skill id="48550">
  <title><![CDATA[3.4 To change the colour of words]]></title>
  <desc><![CDATA[]]></desc>
  <ModifiedDate>2008-05-29</ModifiedDate>
  <steps>
    <step num="1.">
      <text><![CDATA[Select the word or words you want to change. (See Word Processing Skill: <A href="wp 2.2">To select words so you can make changes</A>.) ]]></text>
      <img_name>Images/48550_0.jpg</img_name>
    </step>
    <step num="2.">
      <text><![CDATA[<P>In the <B>Home</B> tab and <B>Font</B> group, click the <B>Font</B> <B>Color</B>.</P>Pick one of the colours.]]></text>
      <img_name>Images/48550_1.jpg</img_name>
    </step>
    <step num="3.">
      <text><![CDATA[Notice that your words will be changed to the font colour you picked.]]></text>
      <img_name>Images/48550_2.jpg</img_name>
    </step>
  </steps>
</skill>