<?xml version="1.0" standalone="yes"?>
<skill id="48556">
  <title><![CDATA[11.4 To use highlighting to review a document]]></title>
  <desc><![CDATA[]]></desc>
  <ModifiedDate>2008-05-29</ModifiedDate>
  <steps>
    <step num="1.">
      <text><![CDATA[Open a document you want to review.]]></text>
      <img_name>Images/48556_0.jpg</img_name>
    </step>
    <step num="2.">
      <text><![CDATA[Select text that you want to highlight.]]></text>
      <img_name>Images/48556_1.jpg</img_name>
    </step>
    <step num="3a.">
      <text><![CDATA[<P>Click the <B>Home</B> tab. In the <B>Font</B> group, click the <B>Text</B> <B>Highlight Color </B>tool.</P>]]></text>
      <img_name>Images/48556_2.jpg</img_name>
    </step>
    <step num="3b.">
      <text><![CDATA[<P>Or, to apply a different highlighting colour, click the <B>Text Highlight Color</B> arrow and pick a colour.</P>]]></text>
      <img_name>Images/48556_3.jpg</img_name>
    </step>
    <step num="4.">
      <text><![CDATA[<P>You can use highlighting along with Track Changes and Comments to help mark important text. </P>
<P>&nbsp;</P>For example, you might highlight words from a vocabulary list to track whether you have used all the words. You might highlight topic sentences to help you see if your document is organised. You might also highlight words or sentences that you plan to revisit and change later.]]></text>
      <img_name>Images/48556_4.jpg</img_name>
    </step>
  </steps>
</skill>