<?xml version="1.0" standalone="yes"?>
<skill id="48554">
  <title><![CDATA[11.2 To use Track Changes to review a document]]></title>
  <desc><![CDATA[]]></desc>
  <ModifiedDate>2008-05-29</ModifiedDate>
  <steps>
    <step num="1.">
      <text><![CDATA[Open a document you want to review.]]></text>
      <img_name>Images/48554_0.jpg</img_name>
    </step>
    <step num="2.">
      <text><![CDATA[Click the <B>Review</B> tab. In the <B>Tracking</B> group, click the <B>Track Changes</B> tool.&nbsp;&nbsp; ]]></text>
      <img_name>Images/48554_1.jpg</img_name>
    </step>
    <step num="3.">
      <text><![CDATA[In the <B>Display for Review </B>box on the <B>Tracking</B> group, click the arrow and select <B>Final Showing Markup</B>. This will allow you and others to see your edits in the document.]]></text>
      <img_name>Images/48554_2.jpg</img_name>
    </step>
    <step num="4a.">
      <text><![CDATA[<P>Go to a place in the document where you want to make changes. Make one of these types of changes.</P>
<P>&nbsp;</P>Delete text by selecting the text and pressing the <B>Delete</B> key.]]></text>
      <img_name>Images/48554_3.jpg</img_name>
    </step>
    <step num="4b.">
      <text><![CDATA[<P>Add or replace text by putting your cursor where you want to add/replace text and typing your new words.</P>]]></text>
      <img_name>Images/48554_4.jpg</img_name>
    </step>
    <step num="4c.">
      <text><![CDATA[Format text by selecting words and changing the formatting styles.]]></text>
      <img_name>Images/48554_5.jpg</img_name>
    </step>
  </steps>
</skill>