<?xml version="1.0" standalone="yes"?>
<skill id="48555">
  <title><![CDATA[11.3 To use Comments to review a document]]></title>
  <desc><![CDATA[]]></desc>
  <ModifiedDate>2008-05-29</ModifiedDate>
  <steps>
    <step num="1.">
      <text><![CDATA[Open a document you want to review.]]></text>
      <img_name>Images/48555_0.jpg</img_name>
    </step>
    <step num="2.">
      <text><![CDATA[<P>Click to put your cursor where you want to insert a comment. </P>
<P>&nbsp;</P><B>NOTE:</B> You can use comments to communicate with other reviewers or with the document writer. For example, you can ask questions if you do not understand something. You can also point out where the document needs more work.]]></text>
      <img_name>Images/48555_1.jpg</img_name>
    </step>
    <step num="3.">
      <text><![CDATA[<P>Click the <B>Review</B> tab. In the <B>Comments</B> group, click the <B>New Comment </B>tool.</P>]]></text>
      <img_name>Images/48555_2.jpg</img_name>
    </step>
    <step num="4.">
      <text><![CDATA[Type your comment.]]></text>
      <img_name>Images/48555_3.jpg</img_name>
    </step>
  </steps>
</skill>