<?xml version="1.0" standalone="yes"?>
<skill id="48558">
  <title><![CDATA[11.6 To delete document comments]]></title>
  <desc><![CDATA[]]></desc>
  <ModifiedDate>2008-05-29</ModifiedDate>
  <steps>
    <step num="1.">
      <text><![CDATA[Open a document that has comments you want to delete.]]></text>
      <img_name>Images/48558_0.jpg</img_name>
    </step>
    <step num="2a.">
      <text><![CDATA[<P>Click the first comment you want to delete. </P>
<P>&nbsp;</P>
<P>Click the <B>Review</B> tab. In the <B>Comments</B> group, click the <B>Delete </B>tool.</P>]]></text>
      <img_name>Images/48558_1.jpg</img_name>
    </step>
    <step num="2b.">
      <text><![CDATA[Or, right-click the comment and select <B>Delete Comment</B>.]]></text>
      <img_name>Images/48558_2.jpg</img_name>
    </step>
    <step num="3.">
      <text><![CDATA[Notice the comment is removed from the document.]]></text>
      <img_name>Images/48558_3.jpg</img_name>
    </step>
    <step num="4.">
      <text><![CDATA[<P>Continue to delete other comments in the document.</P>
<P>&nbsp;</P>
<P>or</P>
<P>&nbsp;</P>
<P>If you want to delete all comments in the document at once, click the <B>Delete </B>arrow in the <B>Comments</B> group and pick <B>Delete All Comments in Document</B>.</P>]]></text>
      <img_name>Images/48558_4.jpg</img_name>
    </step>
  </steps>
</skill>