<?xml version="1.0" standalone="yes"?>
<skill id="48568">
  <title><![CDATA[10.5 To find and save a word processing template from the Web]]></title>
  <desc><![CDATA[]]></desc>
  <ModifiedDate>2008-05-29</ModifiedDate>
  <steps>
    <step num="1.">
      <text><![CDATA[<P>Click the <B>Office Button</B>. Then, click <B>New.</B></P>
<P><B>NOTE:</B> You must be connected to the Internet to complete this skill.</P>]]></text>
      <img_name>Images/48568_0.jpg</img_name>
    </step>
    <step num="2.">
      <text><![CDATA[<P>In the New Document dialog box, click <B>Featured</B>.</P>
<P>&nbsp;&nbsp;&nbsp;&nbsp; </P>]]></text>
      <img_name>Images/48568_1.jpg</img_name>
    </step>
    <step num="3.">
      <text><![CDATA[Click the <B>Templates</B> link.]]></text>
      <img_name>Images/48568_2.jpg</img_name>
    </step>
    <step num="4a.">
      <text><![CDATA[In the <B>Browse Templates</B> section, pick a template category.]]></text>
      <img_name>Images/48568_3.jpg</img_name>
    </step>
    <step num="4b.">
      <text><![CDATA[Or, in the <B>Templates</B> box, type a word that describes the template you need. Then, click <B>Search</B>.]]></text>
      <img_name>Images/48568_4.jpg</img_name>
    </step>
    <step num="5.">
      <text><![CDATA[<P>Browse the available templates. If needed, use the scroll bar to view all of the templates on the page.</P>
<P>&nbsp;</P>Pick the template that you want.&nbsp;&nbsp; ]]></text>
      <img_name>Images/48568_5.jpg</img_name>
    </step>
    <step num="6.">
      <text><![CDATA[Click <B>Download</B>.]]></text>
      <img_name>Images/48568_6.jpg</img_name>
    </step>
    <step num="7a.">
      <text><![CDATA[<P>The template will automatically be saved in the Microsoft Office Templates folder, unless you select another location. To choose another location, browse <B>Folders</B> and find a location on your computer to save the template.</P>
<P>&nbsp;</P>
<P>Click <B>Save</B>.</P>]]></text>
      <img_name>Images/48568_7.jpg</img_name>
    </step>
    <step num="7b.">
      <text><![CDATA[The template will now open in Microsoft Word. Make any changes to the template that you want.&nbsp;&nbsp; ]]></text>
      <img_name>Images/48568_8.jpg</img_name>
    </step>
    <step num="8.">
      <text><![CDATA[To get help using this template, click the<B> Microsoft Office Word Help </B>button on the Ribbon.]]></text>
      <img_name>Images/48568_9.jpg</img_name>
    </step>
  </steps>
</skill>