<?xml version="1.0" standalone="yes"?>
<skill id="48567">
  <title><![CDATA[10.4 To make and use your own document style, or template]]></title>
  <desc><![CDATA[]]></desc>
  <ModifiedDate>2008-05-29</ModifiedDate>
  <steps>
    <step num="1.">
      <text><![CDATA[Open a finished document that you would like to use again in the future. ]]></text>
      <img_name>Images/48567_0.jpg</img_name>
    </step>
    <step num="2.">
      <text><![CDATA[<P>Then, click the <B>Office Button. </B>Pick <B>Save As</B>.</P>
<P>&nbsp;</P><B>NOTE:</B> If you plan to use the document on another computer, first save it as a regular document. Then, move the file to the other computer and complete the steps below to save the document as a template on the other computer.]]></text>
      <img_name>Images/48567_1.jpg</img_name>
    </step>
    <step num="3.">
      <text><![CDATA[<P>In the <B>File name</B> box, type a name for your new template file. </P>
<P>&nbsp;</P>
<P>Then, click the <B>Save as type</B> arrow, and pick <B>Word Template</B>.</P>]]></text>
      <img_name>Images/48567_2.jpg</img_name>
    </step>
    <step num="4.">
      <text><![CDATA[Click the <B>Templates</B> folders in the Save As Dialog box as the place to save your new template.]]></text>
      <img_name>Images/48567_3.jpg</img_name>
    </step>
    <step num="5.">
      <text><![CDATA[Click <B>Save</B>. ]]></text>
      <img_name>Images/48567_4.jpg</img_name>
    </step>
    <step num="6a.">
      <text><![CDATA[<P>To use your new template, click the <B>Office Button</B>. Then, click <B>New.</B></P>]]></text>
      <img_name>Images/48567_5.jpg</img_name>
    </step>
    <step num="6b.">
      <text><![CDATA[<P>On the New Document dialog box, click <B>My templates</B>.</P>]]></text>
      <img_name>Images/48567_6.jpg</img_name>
    </step>
    <step num="6c.">
      <text><![CDATA[<P>Pick your template. Click <B>OK</B>.</P>]]></text>
      <img_name>Images/48567_7.jpg</img_name>
    </step>
  </steps>
</skill>