<?xml version="1.0" standalone="yes"?>
<skill id="48566">
  <title><![CDATA[4.3 To move lines in a paragraph in or out, or to change the indent]]></title>
  <desc><![CDATA[]]></desc>
  <ModifiedDate>2008-05-29</ModifiedDate>
  <steps>
    <step num="1.">
      <text><![CDATA[Select the lines of words or paragraphs you want to change.]]></text>
      <img_name>Images/48566_0.jpg</img_name>
    </step>
    <step num="2.">
      <text><![CDATA[<P>Make sure you can see the rulers on the edge of the document. If they are not there, click the <B>View</B> tab. </P>
<P>&nbsp;</P>
<P>In the <B>Show/Hide</B> group, click <B>Ruler</B>. <B></B></P>]]></text>
      <img_name>Images/48566_1.jpg</img_name>
    </step>
    <step num="3a.">
      <text><![CDATA[<P>Set one of these indents: </P>
<P></P>
<UL>
<LI>Drag the <B>Left Indent</B> marker on the ruler to indent the left side of all the lines in a paragraph.&nbsp;&nbsp;</LI></UL>]]></text>
      <img_name>Images/48566_2.jpg</img_name>
    </step>
    <step num="3b.">
      <text><![CDATA[<P>Or: </P>
<UL>
<LI>
&nbsp;Drag the <B>First Line Indent</B> marker on the ruler to indent only the first line in a paragraph. </LI></UL>]]></text>
      <img_name>Images/48566_3.jpg</img_name>
    </step>
    <step num="3c.">
      <text><![CDATA[<P>Or: </P>
<P>&nbsp;</P>
<UL>
<LI><B>&nbsp;</B>Drag the <B>Hanging Indent</B> marker on the ruler to indent all lines but the first.</LI></UL>]]></text>
      <img_name>Images/48566_4.jpg</img_name>
    </step>
  </steps>
</skill>