<?xml version="1.0" standalone="yes"?>
<skill id="48561">
  <title><![CDATA[10.1 To put today’s date into a document]]></title>
  <desc><![CDATA[]]></desc>
  <ModifiedDate>2008-05-29</ModifiedDate>
  <steps>
    <step num="1.">
      <text><![CDATA[Click to put the cursor where you would like to put today’s date.]]></text>
      <img_name>Images/48561_0.jpg</img_name>
    </step>
    <step num="2.">
      <text><![CDATA[Click the <B>Insert</B> tab. In the <B>Text</B> group, click <B>Date &amp; Time</B>.]]></text>
      <img_name>Images/48561_1.jpg</img_name>
    </step>
    <step num="3.">
      <text><![CDATA[Pick one of options in the Available formats list.]]></text>
      <img_name>Images/48561_2.jpg</img_name>
    </step>
    <step num="4.">
      <text><![CDATA[Then, click <B>OK</B>.]]></text>
      <img_name>Images/48561_3.jpg</img_name>
    </step>
  </steps>
</skill>