<?xml version="1.0" standalone="yes"?>
<skill id="48565">
  <title><![CDATA[4.2 To change the left/right position or alignment of lines of words]]></title>
  <desc><![CDATA[]]></desc>
  <ModifiedDate>2008-05-29</ModifiedDate>
  <steps>
    <step num="1.">
      <text><![CDATA[Select the lines of words or paragraphs you want to change. (See Word Processing Skill: <A href="WP 2.2">To select words so you can make changes</A>.) ]]></text>
      <img_name>Images/48565_0.jpg</img_name>
    </step>
    <step num="2a.">
      <text><![CDATA[<P>Click the<B> Home </B>tab. In the <B>Paragraph</B> group, pick the <B>Align Text Left</B> button.</P>]]></text>
      <img_name>Images/48565_1.jpg</img_name>
    </step>
    <step num="2b.">
      <text><![CDATA[Or, you can pick<B> Center.</B>]]></text>
      <img_name>Images/48565_2.jpg</img_name>
    </step>
    <step num="2c.">
      <text><![CDATA[Or, you can pick<B> Align Text Right. </B>]]></text>
      <img_name>Images/48565_3.jpg</img_name>
    </step>
    <step num="2d.">
      <text><![CDATA[Or, you can pick<B> Justify.</B>]]></text>
      <img_name>Images/48565_4.jpg</img_name>
    </step>
  </steps>
</skill>