<?xml version="1.0" standalone="yes"?>
<skill id="48560">
  <title><![CDATA[11.8 To change the settings for Track Changes]]></title>
  <desc><![CDATA[]]></desc>
  <ModifiedDate>2008-05-29</ModifiedDate>
  <steps>
    <step num="1.">
      <text><![CDATA[<P>Click the <B>Review</B> tab. In the <B>Tracking </B>group, click the <B>Track Changes </B>arrow<B>. </B></P>
<P>Then, pick <B>Change</B> <B>Tracking Options</B>.</P>]]></text>
      <img_name>Images/48560_0.jpg</img_name>
    </step>
    <step num="2.">
      <text><![CDATA[To change the way that added text is marked on the screen, click the <B>Insertions</B> arrow and choose a display option.]]></text>
      <img_name>Images/48560_1.jpg</img_name>
    </step>
    <step num="3.">
      <text><![CDATA[To change the way that deleted text is marked on the screen, click the <B>Deletions</B> arrow and choose a display option.]]></text>
      <img_name>Images/48560_2.jpg</img_name>
    </step>
    <step num="4.">
      <text><![CDATA[<P>To change the colours used for added text, click the <B>Color</B> arrow next to the Insertions list and pick colours.</P>
<P>&nbsp;</P><B>NOTE:</B> Click <B>By author</B> to have the program colour code changes from different reviewers.]]></text>
      <img_name>Images/48560_3.jpg</img_name>
    </step>
    <step num="5.">
      <text><![CDATA[<P>To change the colours used for deleted text, click the <B>Color</B> arrows next to the Deletions list and pick colours.</P>
<P>&nbsp;</P><B>NOTE:</B> Click <B>By author</B> to have the program colour code changes from different reviewers.]]></text>
      <img_name>Images/48560_4.jpg</img_name>
    </step>
    <step num="6.">
      <text><![CDATA[<P>To change the colour of comment boxes, click the <B>Comments </B>arrow and choose a colour.</P>
<P><B>NOTE:</B> Click <B>By author</B> to have the program colour code comments from different reviewers.</P>]]></text>
      <img_name>Images/48560_5.jpg</img_name>
    </step>
    <step num="7a.">
      <text><![CDATA[<P>To choose whether comments and certain types of changes will be shown in balloons, pick one of the following options. </P>
<P>&nbsp;</P>Click the <B>Use Balloons (Print and Web Layout)</B> arrow and pick <B>Always</B> to show comments and all types of changes, including added and deleted text, in balloons.]]></text>
      <img_name>Images/48560_6.jpg</img_name>
    </step>
    <step num="7b.">
      <text><![CDATA[<P>Or, click the <B>Use Balloons (Print and Web Layout)</B> arrow and pick <B>Never</B> to not show comments or any types of changes in balloons. </P>
<P>&nbsp;</P><B>NOTE: </B>To see comments that are not shown in balloons, place your mouse pointer over each comment marker. Formatting changes that are not shown in balloons are indicated only by change bars.]]></text>
      <img_name>Images/48560_7.jpg</img_name>
    </step>
    <step num="7c.">
      <text><![CDATA[Or, click the <B>Use Balloons (Print and Web Layout)</B> arrow and pick <B>Only for comments/formatting</B> to show comments and formatting changes in balloons and added and deleted text within the text itself.]]></text>
      <img_name>Images/48560_8.jpg</img_name>
    </step>
    <step num="8.">
      <text><![CDATA[<P>Click the <B>Margin</B> arrow and choose which side of the document to display the balloons on.</P>
<P>&nbsp;</P>Make sure that <B>Show lines connecting to text</B> is checked if you want connection lines between balloons and changes or comments to show on the screen.]]></text>
      <img_name>Images/48560_9.jpg</img_name>
    </step>
    <step num="9.">
      <text><![CDATA[Click <B>OK</B>.]]></text>
      <img_name>Images/48560_10.jpg</img_name>
    </step>
  </steps>
</skill>