<?xml version="1.0" standalone="yes"?>
<skill id="48564">
  <title><![CDATA[10.3 To use a built-in document style, or template, to start a new document]]></title>
  <desc><![CDATA[]]></desc>
  <ModifiedDate>2008-05-29</ModifiedDate>
  <steps>
    <step num="1.">
      <text><![CDATA[<P>Click the <B>Office Button</B>. Then, click<B> </B><B>New.</B></P>]]></text>
      <img_name>Images/48564_0.jpg</img_name>
    </step>
    <step num="2.">
      <text><![CDATA[<P>On the New Document dialog box, click <B>Installed Templates</B>.</P>
<P>&nbsp;</P>]]></text>
      <img_name>Images/48564_1.jpg</img_name>
    </step>
    <step num="3.">
      <text><![CDATA[<P>Pick one of the template style options from the gallery. </P>
<P>&nbsp;</P>]]></text>
      <img_name>Images/48564_2.jpg</img_name>
    </step>
    <step num="4.">
      <text><![CDATA[Check the Preview box to make sure you have picked the template you want.]]></text>
      <img_name>Images/48564_3.jpg</img_name>
    </step>
    <step num="5.">
      <text><![CDATA[<P>Then, click <B>Create.</B> A new document will be opened based on the template you chose.</P>]]></text>
      <img_name>Images/48564_4.jpg</img_name>
    </step>
  </steps>
</skill>