<?xml version="1.0" standalone="yes"?>
<skill id="48569">
  <title><![CDATA[10.6 To make and use shortcuts to change the look of words]]></title>
  <desc><![CDATA[]]></desc>
  <ModifiedDate>2008-05-29</ModifiedDate>
  <steps>
    <step num="1.">
      <text><![CDATA[<P>Select any words whose look you want to use again.</P>]]></text>
      <img_name>Images/48569_0.jpg</img_name>
    </step>
    <step num="2.">
      <text><![CDATA[<P>Click the <B>Home</B> tab. In the <B>Styles</B> group, click the down arrow to expand the styles gallery.</P>
<P>&nbsp;</P>
<P>Then, click <B>Save Selection as a New Quick Style</B>. </P>]]></text>
      <img_name>Images/48569_1.jpg</img_name>
    </step>
    <step num="3.">
      <text><![CDATA[In the <B>Name</B> box, type a name for your new style.]]></text>
      <img_name>Images/48569_2.jpg</img_name>
    </step>
    <step num="4.">
      <text><![CDATA[Click <B>Modify</B>. In the Create New Style from Formatting dialog box, click the <B>Style for following paragraph</B> arrow, and pick your new style’s name. ]]></text>
      <img_name>Images/48569_3.jpg</img_name>
    </step>
    <step num="5.">
      <text><![CDATA[Click <B>OK</B>.]]></text>
      <img_name>Images/48569_4.jpg</img_name>
    </step>
    <step num="6.">
      <text><![CDATA[<P>To use your new formatting style, select a new group of words that you want to change.</P>]]></text>
      <img_name>Images/48569_5.jpg</img_name>
    </step>
    <step num="7.">
      <text><![CDATA[<P>In the <B>Home</B> tab and <B>Styles</B> group, pick your new style from the styles gallery.</P>]]></text>
      <img_name>Images/48569_6.jpg</img_name>
    </step>
  </steps>
</skill>