<?xml version="1.0" standalone="yes"?>
<skill id="48563">
  <title><![CDATA[10.2 To put page numbers into a document]]></title>
  <desc><![CDATA[]]></desc>
  <ModifiedDate>2008-05-29</ModifiedDate>
  <steps>
    <step num="1.">
      <text><![CDATA[Click to put the cursor anywhere on the page.]]></text>
      <img_name>Images/48563_0.jpg</img_name>
    </step>
    <step num="2.">
      <text><![CDATA[<P>Click the <B>Insert</B> tab. In the <B>Header &amp; Footer</B> group, click the <B>Page Number</B> arrow. </P>]]></text>
      <img_name>Images/48563_1.jpg</img_name>
    </step>
    <step num="3a.">
      <text><![CDATA[To insert page number at the top of page, pick <B>Top of Page</B>, and pick one of the position options. ]]></text>
      <img_name>Images/48563_2.jpg</img_name>
    </step>
    <step num="3b.">
      <text><![CDATA[Or, to insert page number at the bottom of page, pick <B>Bottom of Page</B>, and pick one of the position options.]]></text>
      <img_name>Images/48563_3.jpg</img_name>
    </step>
    <step num="3c.">
      <text><![CDATA[Or, to insert page number on the page margins, pick <B>Page Margins</B>, and pick one of the position options.]]></text>
      <img_name>Images/48563_4.jpg</img_name>
    </step>
    <step num="3d.">
      <text><![CDATA[Or, to insert page number in the current position, pick <B>Current Position</B>, and pick one of the formatting options.]]></text>
      <img_name>Images/48563_5.jpg</img_name>
    </step>
    <step num="3e.">
      <text><![CDATA[Or, to remove page numbers, pick <B>Remove Page Numbers.</B>]]></text>
      <img_name>Images/48563_6.jpg</img_name>
    </step>
  </steps>
</skill>