<?xml version="1.0" standalone="yes"?>
<skill id="48576">
  <title><![CDATA[4.8 To add a border around words or paragraphs]]></title>
  <desc><![CDATA[]]></desc>
  <ModifiedDate>2008-05-29</ModifiedDate>
  <steps>
    <step num="1.">
      <text><![CDATA[Select the lines of words or paragraphs you want to change.]]></text>
      <img_name>Images/48576_0.jpg</img_name>
    </step>
    <step num="2.">
      <text><![CDATA[<P>Click the <B>Home </B>tab. In the <B>Paragraph</B> group, click the <B>Borders and Shading </B>arrow. </P>
<P>Then, click <B>Borders and Shading</B>. </P>]]></text>
      <img_name>Images/48576_1.jpg</img_name>
    </step>
    <step num="3.">
      <text><![CDATA[Click the <B>Borders </B>tab.]]></text>
      <img_name>Images/48576_2.jpg</img_name>
    </step>
    <step num="4.">
      <text><![CDATA[Click the<B> Box</B> setting.]]></text>
      <img_name>Images/48576_3.jpg</img_name>
    </step>
    <step num="5.">
      <text><![CDATA[Pick a line style for the border.]]></text>
      <img_name>Images/48576_4.jpg</img_name>
    </step>
    <step num="6.">
      <text><![CDATA[Pick a line colour for the border.]]></text>
      <img_name>Images/48576_5.jpg</img_name>
    </step>
    <step num="7.">
      <text><![CDATA[Pick a line width for the border.]]></text>
      <img_name>Images/48576_6.jpg</img_name>
    </step>
    <step num="8.">
      <text><![CDATA[Click <B>OK</B>.]]></text>
      <img_name>Images/48576_7.jpg</img_name>
    </step>
  </steps>
</skill>