<?xml version="1.0" standalone="yes"?>
<skill id="48579">
  <title><![CDATA[4.10 To start a new line]]></title>
  <desc><![CDATA[]]></desc>
  <ModifiedDate>2008-05-29</ModifiedDate>
  <steps>
    <step num="1.">
      <text><![CDATA[Put the cursor in front of the word that you want to use to start a new line.]]></text>
      <img_name>Images/48579_0.jpg</img_name>
    </step>
    <step num="2.">
      <text><![CDATA[Hold down the <B>Shift </B>key, and press the <B>Enter</B> key.]]></text>
      <img_name>Images/48579_1.jpg</img_name>
    </step>
  </steps>
</skill>