<?xml version="1.0" standalone="yes"?>
<skill id="48573">
  <title><![CDATA[4.7 To make a list of information with different symbols, or a bulleted list]]></title>
  <desc><![CDATA[]]></desc>
  <ModifiedDate>2008-05-29</ModifiedDate>
  <steps>
    <step num="1.">
      <text><![CDATA[Select the lines of words or paragraphs you want to change. (See Word Processing Skill: <A href="WP 2.2">To select words so you can make changes</A>.) ]]></text>
      <img_name>Images/48573_0.jpg</img_name>
    </step>
    <step num="2.">
      <text><![CDATA[<P>Click the <B>Home </B>tab. In the <B>Paragraph</B> group, click the <B>Bullets</B> arrow.</P>]]></text>
      <img_name>Images/48573_1.jpg</img_name>
    </step>
    <step num="3.">
      <text><![CDATA[Pick the bullet style you want for your list.]]></text>
      <img_name>Images/48573_2.jpg</img_name>
    </step>
    <step num="4.">
      <text><![CDATA[<P>If you want, you can drag the <B>First Line Indent </B>and <B>Left Indent </B>markers on the ruler to change the indent and tab position of the items in the bulleted list. </P>
<P>&nbsp;</P><B>NOTE: </B>For a shortcut, you can try clicking the <B>Bullets </B>button on the Paragraph group. This will automatically add the last bulleted list style to the selected text.]]></text>
      <img_name>Images/48573_3.jpg</img_name>
    </step>
  </steps>
</skill>