<?xml version="1.0" standalone="yes"?>
<skill id="48570">
  <title><![CDATA[4.5 To change or remove a tab]]></title>
  <desc><![CDATA[]]></desc>
  <ModifiedDate>2008-05-29</ModifiedDate>
  <steps>
    <step num="1.">
      <text><![CDATA[Select the lines of words or paragraphs you want to change.]]></text>
      <img_name>Images/48570_0.jpg</img_name>
    </step>
    <step num="2.">
      <text><![CDATA[<P>Click the <B>Home </B>tab. In the <B>Paragraph</B> group, click the Paragraph Dialog Box Launcher button.</P>
<P>&nbsp;</P>
<P>Then, click <B>Tabs.</B> </P>]]></text>
      <img_name>Images/48570_1.jpg</img_name>
    </step>
    <step num="3.">
      <text><![CDATA[<P>In the <B>Tab stop position</B> list, click the tab you want to change. </P>
<P>&nbsp;</P>Now you can type a new tab stop position, or pick another tab alignment and leader. When you are done making changes, click <B>Set</B>.&nbsp; ]]></text>
      <img_name>Images/48570_2.jpg</img_name>
    </step>
    <step num="4.">
      <text><![CDATA[If you just want to change the position of your tab, the easiest thing to do is drag that tab stop’s marker on the ruler to the new position.]]></text>
      <img_name>Images/48570_3.jpg</img_name>
    </step>
    <step num="5.">
      <text><![CDATA[If you want to remove a tab, just pick the tab in the Tab stop position list and click <B>Clear</B>.]]></text>
      <img_name>Images/48570_4.jpg</img_name>
    </step>
    <step num="6.">
      <text><![CDATA[When you are done making changes, click <B>OK</B>.]]></text>
      <img_name>Images/48570_5.jpg</img_name>
    </step>
  </steps>
</skill>