<?xml version="1.0" standalone="yes"?>
<skill id="48571">
  <title><![CDATA[4.6 To make a numbered list of information]]></title>
  <desc><![CDATA[]]></desc>
  <ModifiedDate>2008-05-29</ModifiedDate>
  <steps>
    <step num="1.">
      <text><![CDATA[Select the lines of words or paragraphs you want to change.]]></text>
      <img_name>Images/48571_0.jpg</img_name>
    </step>
    <step num="2.">
      <text><![CDATA[<P>Click the <B>Home </B>tab. In the <B>Paragraph</B> group, click the <B>Numbering</B> arrow.</P>]]></text>
      <img_name>Images/48571_1.jpg</img_name>
    </step>
    <step num="3.">
      <text><![CDATA[Pick one of the numbered list options.]]></text>
      <img_name>Images/48571_2.jpg</img_name>
    </step>
    <step num="4.">
      <text><![CDATA[<P>If you want, you can drag the <B>First Line Indent </B>and <B>Left Indent</B> markers on the ruler to change the indent and tab position of the items in the numbered list. </P>
<P>&nbsp;</P><B>NOTE:</B> For a shortcut, you can try clicking the <B>Numbering</B> button on the Paragraph group. This will automatically add the last numbered list style to the selected text.]]></text>
      <img_name>Images/48571_3.jpg</img_name>
    </step>
  </steps>
</skill>