<?xml version="1.0" standalone="yes"?>
<skill id="48575">
  <title><![CDATA[10.9 To insert a link to a Web site]]></title>
  <desc><![CDATA[]]></desc>
  <ModifiedDate>2008-05-29</ModifiedDate>
  <steps>
    <step num="1.">
      <text><![CDATA[Put your cursor in the place where you want to add the hyperlink.]]></text>
      <img_name>Images/48575_0.jpg</img_name>
    </step>
    <step num="2.">
      <text><![CDATA[<P>Click the <B>Insert</B> tab. In the <B>Links</B> group, click <B>Hyperlink.&nbsp;&nbsp;&nbsp;&nbsp;&nbsp;&nbsp; </B></P>]]></text>
      <img_name>Images/48575_1.jpg</img_name>
    </step>
    <step num="3.">
      <text><![CDATA[Pick <B>Existing File or Web Page</B>.]]></text>
      <img_name>Images/48575_2.jpg</img_name>
    </step>
    <step num="4.">
      <text><![CDATA[<P>In the <B>Text to display</B> box, type the words you want for your hyperlink.</P>
<P>&nbsp;</P><B>NOTE:</B> The words for hyperlinks are often descriptive and not the name of the Web page file or the URL.]]></text>
      <img_name>Images/48575_3.jpg</img_name>
    </step>
    <step num="5.">
      <text><![CDATA[In the <B>Address</B> box, type the URL of the Web site you would like to link to.]]></text>
      <img_name>Images/48575_4.jpg</img_name>
    </step>
    <step num="6.">
      <text><![CDATA[Click <B>OK</B> to add the link to your document.]]></text>
      <img_name>Images/48575_5.jpg</img_name>
    </step>
  </steps>
</skill>