<?xml version="1.0" standalone="yes"?>
<skill id="48577">
  <title><![CDATA[4.9 To add a background colour or shading behind paragraphs]]></title>
  <desc><![CDATA[]]></desc>
  <ModifiedDate>2008-05-29</ModifiedDate>
  <steps>
    <step num="1.">
      <text><![CDATA[Select the lines of words or paragraphs you want to change.]]></text>
      <img_name>Images/48577_0.jpg</img_name>
    </step>
    <step num="2.">
      <text><![CDATA[<P>Click the <B>Home </B>tab. In the <B>Paragraph</B> group, click the <B>Borders and Shading </B>arrow. </P>
<P>Then, click <B>Borders and Shading</B>. </P>]]></text>
      <img_name>Images/48577_1.jpg</img_name>
    </step>
    <step num="3.">
      <text><![CDATA[Click the <B>Shading </B>tab.]]></text>
      <img_name>Images/48577_2.jpg</img_name>
    </step>
    <step num="4.">
      <text><![CDATA[Pick a Fill color. ]]></text>
      <img_name>Images/48577_3.jpg</img_name>
    </step>
    <step num="5.">
      <text><![CDATA[Click <B>OK</B>.]]></text>
      <img_name>Images/48577_4.jpg</img_name>
    </step>
  </steps>
</skill>