<?xml version="1.0" standalone="yes"?>
<skill id="48578">
  <title><![CDATA[10.10 To create a form]]></title>
  <desc><![CDATA[]]></desc>
  <ModifiedDate>2008-05-29</ModifiedDate>
  <steps>
    <step num="1a.">
      <text><![CDATA[<P>Click the <B>Office Button</B>.</P>
<P>Then, click <B>Word Options</B>. </P>]]></text>
      <img_name>Images/48578_0.jpg</img_name>
    </step>
    <step num="1b.">
      <text><![CDATA[Pick <B>Popular</B>. Checkmark <B>Show Developer tab in the Ribbon</B>. Click <B>OK</B>.&nbsp;&nbsp; ]]></text>
      <img_name>Images/48578_1.jpg</img_name>
    </step>
    <step num="2.">
      <text><![CDATA[<P>Notice the <B>Developer</B> tab appears on the Ribbon.</P>]]></text>
      <img_name>Images/48578_2.jpg</img_name>
    </step>
    <step num="3.">
      <text><![CDATA[Type a question that you want people to answer. Leave the cursor at the end of the question.]]></text>
      <img_name>Images/48578_3.jpg</img_name>
    </step>
    <step num="4a.">
      <text><![CDATA[<P>Then, decide which of the following types of forms you want to make.</P>
<P>&nbsp;</P>
<P>To make a blank box for people to type their answers in, in the <B>Developer</B> tab and <B>Controls</B> group, click <B>Legacy Tools</B>. Then, pick the <B>Text Form Field </B>button. </P>]]></text>
      <img_name>Images/48578_4.jpg</img_name>
    </step>
    <step num="4b.">
      <text><![CDATA[To make check boxes that people can click to answer the question, in the <B>Developer</B> tab and <B>Controls</B> group, click <B>Legacy Tools</B>. ]]></text>
      <img_name>Images/48578_5.jpg</img_name>
    </step>
    <step num="4c.">
      <text><![CDATA[<P>Then, pick the <B>Check Box Form Field</B> button. After the check box, type one answer for people to pick. Add more text boxes and answers to choose from.</P>]]></text>
      <img_name>Images/48578_6.jpg</img_name>
    </step>
    <step num="4d.">
      <text><![CDATA[<P>To make a drop-down list of answers to pick from, in the <B>Developer</B> tab and <B>Controls</B> group, click the <B>Drop-Down List </B>button. </P>
<P>&nbsp;</P>
<P>Then, click <B>Properties</B> in the Controls group. </P>
<P>&nbsp;</P>]]></text>
      <img_name>Images/48578_7.jpg</img_name>
    </step>
    <step num="4e.">
      <text><![CDATA[<P>Click <B>Add</B>. Then type an answer in the Display Name box. Click <B>OK</B>. </P>
<P>&nbsp;</P>When you are done adding answers, click <B>OK</B>.]]></text>
      <img_name>Images/48578_8.jpg</img_name>
    </step>
    <step num="5a.">
      <text><![CDATA[<P>To add a password to the form’s protection, in the <B>Developer</B> tab and <B>Protect</B> group, click the <B>Protect Document</B> arrow.</P>
<P>Then, click <B>Restrict Formatting and Editing</B>. </P>]]></text>
      <img_name>Images/48578_9.jpg</img_name>
    </step>
    <step num="5b.">
      <text><![CDATA[<P>In the <B>Restrict Formatting and Editing</B> pane, click <B>Allow only this type of editing in the document</B>. </P>]]></text>
      <img_name>Images/48578_10.jpg</img_name>
    </step>
    <step num="5c.">
      <text><![CDATA[<P>Click the arrow and pick <B>Filling in forms</B>. </P>
<P>&nbsp;</P>Click <B>Yes, Start Enforcing Protection</B>.]]></text>
      <img_name>Images/48578_11.jpg</img_name>
    </step>
    <step num="5d.">
      <text><![CDATA[<P>Type a password in the <B>Enter new password (optional)</B> box. Retype the same password in the <B>Reenter password to confirm</B> box.</P>]]></text>
      <img_name>Images/48578_12.jpg</img_name>
    </step>
    <step num="5e.">
      <text><![CDATA[<P>Click <B>OK</B>.</P>
<P>&nbsp;</P>
<P>Your form is now protected with a password. Users who do not know the password will still be able to use the form, but they will not be able to change other parts of the document.</P>
<P>&nbsp;</P><B>NOTE:</B> You must enter the password to remove protection from the form. If you misplace your password, you will not be able to make changes to the original document.]]></text>
      <img_name>Images/48578_13.jpg</img_name>
    </step>
  </steps>
</skill>