<?xml version="1.0" standalone="yes"?>
<skill id="48572">
  <title><![CDATA[10.7 To insert another document or presentation as an object]]></title>
  <desc><![CDATA[]]></desc>
  <ModifiedDate>2008-05-29</ModifiedDate>
  <steps>
    <step num="1.">
      <text><![CDATA[<P>Click to place the cursor where you want to insert the document.&nbsp;&nbsp; </P>]]></text>
      <img_name>Images/48572_0.jpg</img_name>
    </step>
    <step num="2.">
      <text><![CDATA[<P>Click the <B>Insert</B> tab. In the <B>Text</B> group, click the <B>Object</B> arrow. Then, pick <B>Object.</B></P>]]></text>
      <img_name>Images/48572_1.jpg</img_name>
    </step>
    <step num="3.">
      <text><![CDATA[<P>Click the <B>Create from File </B>tab. </P>
<P>&nbsp;</P>
<P><B>NOTE:</B> If you click <B>Link to file</B>, any changes you make to the original file will be reflected in the inserted file as well. If you click <B>Display as icon</B>, a document icon will be inserted. If you double-click the icon, the inserted document will open in a new window.</P>
<P>&nbsp;</P>Then, click <B>Browse</B>.]]></text>
      <img_name>Images/48572_2.jpg</img_name>
    </step>
    <step num="4.">
      <text><![CDATA[Browse <B>Folders</B>, and then find and click the file you want to add to your document. ]]></text>
      <img_name>Images/48572_3.jpg</img_name>
    </step>
    <step num="5.">
      <text><![CDATA[<P>Then, pick <B>Insert</B>.</P>
<P>&nbsp;</P><B>NOTE: </B>Many different types of documents can be inserted as objects including word processing files, spreadsheets, multimedia presentations, graphics, and portable document format (PDF) files.]]></text>
      <img_name>Images/48572_4.jpg</img_name>
    </step>
    <step num="6.">
      <text><![CDATA[<P>If you chose <B>Display as icon </B>in Step 3, you can change the icon or its caption. Click the <B>Change Icon</B> button. </P>
<P>&nbsp;</P>Pick a new icon. ]]></text>
      <img_name>Images/48572_5.jpg</img_name>
    </step>
    <step num="7.">
      <text><![CDATA[<P>Type a new caption. </P>
<P>&nbsp;</P>Then, click <B>OK</B>.]]></text>
      <img_name>Images/48572_6.jpg</img_name>
    </step>
    <step num="8a.">
      <text><![CDATA[Click <B>OK</B>.]]></text>
      <img_name>Images/48572_7.jpg</img_name>
    </step>
    <step num="8b.">
      <text><![CDATA[If you inserted a presentation, you can double-click the inserted object to play the presentation.]]></text>
      <img_name>Images/48572_8.jpg</img_name>
    </step>
  </steps>
</skill>