<?xml version="1.0" standalone="yes"?>
<skill id="48574">
  <title><![CDATA[10.8 To insert a link to another document saved on your computer]]></title>
  <desc><![CDATA[]]></desc>
  <ModifiedDate>2008-05-29</ModifiedDate>
  <steps>
    <step num="1.">
      <text><![CDATA[Click to place the cursor where you want to insert the hyperlink to another document. ]]></text>
      <img_name>Images/48574_0.jpg</img_name>
    </step>
    <step num="2.">
      <text><![CDATA[<P>Click the <B>Insert</B> tab. In the <B>Links</B> group, click <B>Hyperlink.</B></P>]]></text>
      <img_name>Images/48574_1.jpg</img_name>
    </step>
    <step num="3.">
      <text><![CDATA[Pick <B>Existing File or Web Page</B>.]]></text>
      <img_name>Images/48574_2.jpg</img_name>
    </step>
    <step num="4.">
      <text><![CDATA[In the <B>Text to display</B> box, type a name or description of the file you are linking to.]]></text>
      <img_name>Images/48574_3.jpg</img_name>
    </step>
    <step num="5.">
      <text><![CDATA[<P>Click the <B>Look in</B> arrow, and then find and click the file you want to add a link to.</P>
<P>&nbsp;</P>]]></text>
      <img_name>Images/48574_4.jpg</img_name>
    </step>
    <step num="6.">
      <text><![CDATA[<P>Click <B>OK</B>.</P>&nbsp;]]></text>
      <img_name>Images/48574_5.jpg</img_name>
    </step>
  </steps>
</skill>