<?xml version="1.0" standalone="yes"?>
<skill id="48582">
  <title><![CDATA[4.4 To set and use a tab to space your words from left to right]]></title>
  <desc><![CDATA[]]></desc>
  <ModifiedDate>2008-05-29</ModifiedDate>
  <steps>
    <step num="1.">
      <text><![CDATA[Select the lines of words or paragraphs you want to change.]]></text>
      <img_name>Images/48582_0.jpg</img_name>
    </step>
    <step num="2.">
      <text><![CDATA[<P>Make sure you can see the rulers on the edge of the document. If they are not there, click the <B>View</B> tab. </P>
<P>&nbsp;</P>
<P>In the <B>Show/Hide</B> group, click <B>Ruler</B>. <B></B></P>]]></text>
      <img_name>Images/48582_1.jpg</img_name>
    </step>
    <step num="3.">
      <text><![CDATA[<P>Click the <B>Home </B>tab. In the <B>Paragraph</B> group, click the Paragraph Dialog Box Launcher button.</P>
<P>&nbsp;</P>
<P>Then, click <B>Tabs.</B> </P>
<P>&nbsp;</P>]]></text>
      <img_name>Images/48582_2.jpg</img_name>
    </step>
    <step num="4.">
      <text><![CDATA[<P>In the <B>Tab stop position </B>box, type a number that stands for the measurement you want to space out the words from left to right. </P>
<P>&nbsp;</P><B>NOTE: </B>You might find it helpful to look at the ruler to figure out what number to type.]]></text>
      <img_name>Images/48582_3.jpg</img_name>
    </step>
    <step num="5.">
      <text><![CDATA[Pick the alignment option you want in the <B>Alignment</B> section.]]></text>
      <img_name>Images/48582_4.jpg</img_name>
    </step>
    <step num="6.">
      <text><![CDATA[Click <B>Set</B>.]]></text>
      <img_name>Images/48582_5.jpg</img_name>
    </step>
    <step num="7.">
      <text><![CDATA[If you want to set another tab to use for your selected words, repeat steps 3 through 6.]]></text>
      <img_name>Images/48582_6.jpg</img_name>
    </step>
    <step num="8.">
      <text><![CDATA[Click <B>OK</B> when you are done adding tabs.]]></text>
      <img_name>Images/48582_7.jpg</img_name>
    </step>
    <step num="9.">
      <text><![CDATA[Put the cursor between the words that you want to space apart. ]]></text>
      <img_name>Images/48582_8.jpg</img_name>
    </step>
    <step num="10.">
      <text><![CDATA[Press the <B>Tab</B> key.]]></text>
      <img_name>Images/48582_9.jpg</img_name>
    </step>
    <step num="11.">
      <text><![CDATA[Continue to place the cursor and press the <B>Tab</B> key until you have finished spacing out all of your words.]]></text>
      <img_name>Images/48582_10.jpg</img_name>
    </step>
  </steps>
</skill>