<?xml version="1.0" standalone="yes"?>
<skill id="48580">
  <title><![CDATA[10.11 To check the spelling in a document]]></title>
  <desc><![CDATA[]]></desc>
  <ModifiedDate>2008-05-29</ModifiedDate>
  <steps>
    <step num="1.">
      <text><![CDATA[Click to put the cursor at the beginning of your document.]]></text>
      <img_name>Images/48580_0.jpg</img_name>
    </step>
    <step num="2.">
      <text><![CDATA[Click the<B> Review </B>tab<B>. </B>In the<B> Proofing </B>group<B>, </B>click <B>Spelling and Grammar</B>. ]]></text>
      <img_name>Images/48580_1.jpg</img_name>
    </step>
    <step num="3.">
      <text><![CDATA[Any misspelled words will be shown.]]></text>
      <img_name>Images/48580_2.jpg</img_name>
    </step>
    <step num="4.">
      <text><![CDATA[<P>Click one of the correct spelling choices in the <B>Suggestions</B> box, and then click <B>Change</B>. </P>
<P>&nbsp;</P><B>NOTE:</B> Click <B>Ignore Once</B> or <B>Ignore All</B> for any words, such as the names of people and places that are spelled correctly.]]></text>
      <img_name>Images/48580_3.jpg</img_name>
    </step>
    <step num="5.">
      <text><![CDATA[<P>When the Spell Check is done, click <B>OK</B>. </P>
<P>&nbsp;</P>Or, if you want to stop the Spell Check before it is finished, click <B>Cancel</B>.&nbsp;&nbsp; ]]></text>
      <img_name>Images/48580_4.jpg</img_name>
    </step>
  </steps>
</skill>