<?xml version="1.0" standalone="yes"?>
<skill id="48585">
  <title><![CDATA[9.1 To create an Organisational Chart]]></title>
  <desc><![CDATA[]]></desc>
  <ModifiedDate>2008-05-29</ModifiedDate>
  <steps>
    <step num="1a.">
      <text><![CDATA[Click the <B>Insert</B> tab. In the <B>Illustrations</B> group, click <B>SmartArt</B>.]]></text>
      <img_name>Images/48585_0.jpg</img_name>
    </step>
    <step num="1b.">
      <text><![CDATA[<P>Pick <B>Hierarchy</B>. </P>
<P>&nbsp;</P>
<P>Then, pick an organizational chart. </P>
<P>&nbsp;</P>Click <B>OK</B>. ]]></text>
      <img_name>Images/48585_1.jpg</img_name>
    </step>
    <step num="2a.">
      <text><![CDATA[<P>To add words to a shape, click inside a shape.</P>
<P>&nbsp;</P>Then, type your new words.]]></text>
      <img_name>Images/48585_2.jpg</img_name>
    </step>
    <step num="2b.">
      <text><![CDATA[<P>Or, click <B>Text Pane</B> in the <B>Design</B> tab and <B>Create Graphic</B> group. </P>
<P>&nbsp;</P>
<P>Type your new words. </P>
<P>&nbsp;</P>Click <B>Text Pane</B> to close the text pane.]]></text>
      <img_name>Images/48585_3.jpg</img_name>
    </step>
    <step num="3a.">
      <text><![CDATA[To add a shape, click an existing shape.]]></text>
      <img_name>Images/48585_4.jpg</img_name>
    </step>
    <step num="3b.">
      <text><![CDATA[<P>Click the <B>Design</B> tab. In the <B>Create Graphic</B> group, click the <B>Add Shape</B> arrow.</P>]]></text>
      <img_name>Images/48585_5.jpg</img_name>
    </step>
    <step num="3c.">
      <text><![CDATA[Pick <B>Add Shape After </B>to add a new connected shape after the selected shape.]]></text>
      <img_name>Images/48585_6.jpg</img_name>
    </step>
    <step num="3d.">
      <text><![CDATA[Or, pick<B> Add Shape Before</B> to add a new connected shape before the selected shape.]]></text>
      <img_name>Images/48585_7.jpg</img_name>
    </step>
    <step num="3e.">
      <text><![CDATA[Or, pick<B> Add Shape Above</B> to place a new shape above the selected shape.]]></text>
      <img_name>Images/48585_8.jpg</img_name>
    </step>
    <step num="3f.">
      <text><![CDATA[Or, pick<B> Add Shape Below</B> to place a new shape below the selected shape.]]></text>
      <img_name>Images/48585_9.jpg</img_name>
    </step>
    <step num="3g.">
      <text><![CDATA[Or, pick<B> Add Assistant</B> to place a new shape below the selected shape with an elbow connector.]]></text>
      <img_name>Images/48585_10.jpg</img_name>
    </step>
    <step num="4a.">
      <text><![CDATA[To add a preset design scheme, click the <B>Design </B>tab<B>. </B>&nbsp;In the <B>SmartArt Styles</B> group, pick a design from the gallery.]]></text>
      <img_name>Images/48585_11.jpg</img_name>
    </step>
    <step num="4b.">
      <text><![CDATA[To add a preset colour scheme, click the <B>Design </B>tab<B>. </B>&nbsp;In the <B>SmartArt Styles</B> group, click the <B>Change Colors</B> arrow.]]></text>
      <img_name>Images/48585_12.jpg</img_name>
    </step>
    <step num="4c.">
      <text><![CDATA[Pick one of the theme colours.]]></text>
      <img_name>Images/48585_13.jpg</img_name>
    </step>
    <step num="5a.">
      <text><![CDATA[If you want to change the layout of the Organisation Chart, click the top shape.]]></text>
      <img_name>Images/48585_14.jpg</img_name>
    </step>
    <step num="5b.">
      <text><![CDATA[<P>Then, click the <B>Layout</B> arrow in the <B>Design</B> tab and <B>Create Graphic</B> group. </P>
<P>&nbsp;</P>
<P>Pick one of the layout options.</P>]]></text>
      <img_name>Images/48585_15.jpg</img_name>
    </step>
    <step num="6a.">
      <text><![CDATA[<P>If you have other words in your document, you may want to change the way your words flow, or wrap, around your chart. </P>
<P>&nbsp;</P>Click the outer edge of your Organisation Chart.]]></text>
      <img_name>Images/48585_16.jpg</img_name>
    </step>
    <step num="6b.">
      <text><![CDATA[<P>Then, click the <B>Format</B> tab. In the <B>Arrange</B> group, click the <B>Text Wrapping </B>tool. Pick one of the text wrapping styles. (For more information about text wrapping, see Word Processing Skill: <A href="WP 5.4">To change the way words flow, or wrap, around a picture</A>.)<BR>&nbsp;</P><B>NOTE: In Front of Text</B> is a popular setting that lets you drag to move and refontSize your chart.]]></text>
      <img_name>Images/48585_17.jpg</img_name>
    </step>
    <step num="7a.">
      <text><![CDATA[<P>If you want to move the chart, click the outer edge of the chart. Hold down the left mouse button and drag to move the chart.</P>]]></text>
      <img_name>Images/48585_18.jpg</img_name>
    </step>
    <step num="7b.">
      <text><![CDATA[<P>If your chart’s wrapping is set in line with the text, you cannot drag to move it.<B>&nbsp;</B></P>
<P>Instead, click the<B> Home </B>tab. In the <B>Clipboard</B> group, click <B>Cut </B>to remove the chart from its current place.</P>]]></text>
      <img_name>Images/48585_19.jpg</img_name>
    </step>
    <step num="7c.">
      <text><![CDATA[<P>Then, put the cursor where you want the chart to go. Click the <B>Home</B> tab. In the <B>Clipboard</B> group, click <B>Paste.</B><B>&nbsp;</B></P>
<P>or</P>See Step 6a to change the chart’s text wrapping so you can click and drag it.]]></text>
      <img_name>Images/48585_20.jpg</img_name>
    </step>
    <step num="8a.">
      <text><![CDATA[To delete your chart, click the chart’s outer edge.]]></text>
      <img_name>Images/48585_21.jpg</img_name>
    </step>
    <step num="8b.">
      <text><![CDATA[Then, press the <B>Delete</B> key on the keyboard.]]></text>
      <img_name>Images/48585_22.jpg</img_name>
    </step>
  </steps>
</skill>