<?xml version="1.0" standalone="yes"?>
<skill id="48587">
  <title><![CDATA[5.2 To add a picture you have already made and saved on your computer]]></title>
  <desc><![CDATA[]]></desc>
  <ModifiedDate>2008-05-29</ModifiedDate>
  <steps>
    <step num="1.">
      <text><![CDATA[Click to place the cursor where you want to put a saved picture.]]></text>
      <img_name>Images/48587_0.jpg</img_name>
    </step>
    <step num="2.">
      <text><![CDATA[<P>Click the <B>Insert </B>tab. In the <B>Illustrations</B> group, click the <B>Picture</B> button.</P>]]></text>
      <img_name>Images/48587_1.jpg</img_name>
    </step>
    <step num="3.">
      <text><![CDATA[<P>Browse <B>Folders</B>. Then, go to the place where the picture file is saved.</P>]]></text>
      <img_name>Images/48587_2.jpg</img_name>
    </step>
    <step num="4.">
      <text><![CDATA[Pick the picture file, and click <B>Insert</B>.]]></text>
      <img_name>Images/48587_3.jpg</img_name>
    </step>
  </steps>
</skill>