<?xml version="1.0" standalone="yes"?>
<skill id="48581">
  <title><![CDATA[10.12 To use the Thesaurus to help you come up with the word you want]]></title>
  <desc><![CDATA[]]></desc>
  <ModifiedDate>2008-05-29</ModifiedDate>
  <steps>
    <step num="1.">
      <text><![CDATA[Select the word you want to replace with another word with a similar meaning.&nbsp;&nbsp; ]]></text>
      <img_name>Images/48581_0.jpg</img_name>
    </step>
    <step num="2.">
      <text><![CDATA[<P>Click the<B> Review </B>tab<B>. </B>In the<B> Proofing </B>group<B>, </B>click <B>Thesaurus</B>. </P>]]></text>
      <img_name>Images/48581_1.jpg</img_name>
    </step>
    <step num="3.">
      <text><![CDATA[In the Research task pane, find the word meaning listed in bold that match how you are using the word. Choose a replacement word listed below the meaning category by clicking the arrow next to the word and clicking <B>Insert</B>.]]></text>
      <img_name>Images/48581_2.jpg</img_name>
    </step>
    <step num="4.">
      <text><![CDATA[Notice the word is replaced.]]></text>
      <img_name>Images/48581_3.jpg</img_name>
    </step>
  </steps>
</skill>