<?xml version="1.0" standalone="yes"?>
<skill id="48588">
  <title><![CDATA[9.2 To create a Cycle Diagram]]></title>
  <desc><![CDATA[]]></desc>
  <ModifiedDate>2008-05-29</ModifiedDate>
  <steps>
    <step num="1a.">
      <text><![CDATA[Click the <B>Insert</B> tab. In the <B>Illustrations</B> group, click <B>SmartArt</B>.]]></text>
      <img_name>Images/48588_0.jpg</img_name>
    </step>
    <step num="1b.">
      <text><![CDATA[<P>Pick <B>Cycle.</B> Then, pick a cycle diagram. </P>
<P>&nbsp;</P>
<P>Click <B>OK</B>.</P>]]></text>
      <img_name>Images/48588_1.jpg</img_name>
    </step>
    <step num="2a.">
      <text><![CDATA[<P>To add words to a text box, click the words inside the box. </P>
<P>&nbsp;</P>Then, type your new words.]]></text>
      <img_name>Images/48588_2.jpg</img_name>
    </step>
    <step num="2b.">
      <text><![CDATA[<P>Or, click <B>Text Pane</B> in the <B>Design</B> tab and <B>Create Graphic</B> group. </P>
<P>&nbsp;</P>
<P>Type your new words. </P>
<P>&nbsp;</P>Click <B>Text Pane</B> to close the text pane.]]></text>
      <img_name>Images/48588_3.jpg</img_name>
    </step>
    <step num="3a.">
      <text><![CDATA[To add more text boxes and shapes, click on the outer edge of the diagram. Or, click an existing shape.]]></text>
      <img_name>Images/48588_4.jpg</img_name>
    </step>
    <step num="3b.">
      <text><![CDATA[<P>Click the <B>Design</B> tab. In the <B>Create Graphic</B> group, click the <B>Add Shape</B> arrow.</P>]]></text>
      <img_name>Images/48588_5.jpg</img_name>
    </step>
    <step num="3c.">
      <text><![CDATA[Pick <B>Add Shape After </B>to add a new connected shape after the selected shape.]]></text>
      <img_name>Images/48588_6.jpg</img_name>
    </step>
    <step num="3d.">
      <text><![CDATA[<P>Or, pick<B> Add Shape Before</B> to add a new connected shape before the selected shape.</P>]]></text>
      <img_name>Images/48588_7.jpg</img_name>
    </step>
    <step num="4a.">
      <text><![CDATA[<P>To switch the layout of the diagram from left to right or right to left, click the diagram.</P>]]></text>
      <img_name>Images/48588_8.jpg</img_name>
    </step>
    <step num="4b.">
      <text><![CDATA[<P>Click <B>Right to Left </B>in the <B>Design</B> tab and <B>Create Graphic </B>group to switch the diagram or text box from right to left.</P>]]></text>
      <img_name>Images/48588_9.jpg</img_name>
    </step>
    <step num="4c.">
      <text><![CDATA[<P>Or, click <B>Right to Left </B>again<B> </B>in the <B>Design</B> tab and <B>Create Graphic </B>group to switch the diagram or text box from left to right.</P>]]></text>
      <img_name>Images/48588_10.jpg</img_name>
    </step>
    <step num="5a.">
      <text><![CDATA[<P>If you want to change the layout of the Cycle Diagram, click the shape you want to change.</P>]]></text>
      <img_name>Images/48588_11.jpg</img_name>
    </step>
    <step num="5b.">
      <text><![CDATA[<P>Click the <B>Format</B> tab. In the <B>Shapes</B> group click <B>Larger</B> to increase the fontSize of the selected shape.</P>]]></text>
      <img_name>Images/48588_12.jpg</img_name>
    </step>
    <step num="5c.">
      <text><![CDATA[Or, click <B>Smaller </B>to decrease the fontSize of the selected shape.]]></text>
      <img_name>Images/48588_13.jpg</img_name>
    </step>
    <step num="6a.">
      <text><![CDATA[<P>To add a preset design scheme, click the outer edge of the diagram.</P>]]></text>
      <img_name>Images/48588_14.jpg</img_name>
    </step>
    <step num="6b.">
      <text><![CDATA[<P>Click the <B>Design tab. </B>&nbsp;In the <B>SmartArt Styles</B> group, pick a style from the gallery.</P>]]></text>
      <img_name>Images/48588_15.jpg</img_name>
    </step>
    <step num="6c.">
      <text><![CDATA[<P>To add a preset colour scheme, click the <B>Design </B>tab<B>. </B>&nbsp;In the <B>SmartArt Styles</B> group, click the <B>Change Colors</B> arrow.</P>]]></text>
      <img_name>Images/48588_16.jpg</img_name>
    </step>
    <step num="6d.">
      <text><![CDATA[Pick one of the theme colours.]]></text>
      <img_name>Images/48588_17.jpg</img_name>
    </step>
    <step num="7a.">
      <text><![CDATA[<P>If you want to change the Cycle Diagram into another type of diagram, click the outer edge of the diagram.</P>]]></text>
      <img_name>Images/48588_18.jpg</img_name>
    </step>
    <step num="7b.">
      <text><![CDATA[<P>Click the <B>Insert</B> tab. In the <B>Illustrations</B> group, click <B>SmartArt</B>.</P>]]></text>
      <img_name>Images/48588_19.jpg</img_name>
    </step>
    <step num="7c.">
      <text><![CDATA[<P>Pick one of the other diagram options. </P>
<P>&nbsp;</P>
<P>Click <B>OK </B>to change the diagram.</P>]]></text>
      <img_name>Images/48588_20.jpg</img_name>
    </step>
    <step num="8a.">
      <text><![CDATA[<P>If you have other words in your document, you may want to change the way your words flow, or wrap, around your diagram. </P>
<P>&nbsp;</P>Click the outer edge of your Cycle Diagram.]]></text>
      <img_name>Images/48588_21.jpg</img_name>
    </step>
    <step num="8b.">
      <text><![CDATA[<P>Then, click the <B>Format</B> tab. In the <B>Arrange</B> group, click the <B>Text Wrapping </B>tool. Pick one of the text wrapping styles. (For more information about text wrapping, see Word Processing Skill: <A href="WP 5.4">To change the way words flow, or wrap, around a picture</A>.)<BR>&nbsp;</P><B>NOTE:</B> <B>In Front of Text</B> is a popular setting that lets you drag to move and refontSize your diagram.]]></text>
      <img_name>Images/48588_22.jpg</img_name>
    </step>
    <step num="9a.">
      <text><![CDATA[If you want to move the diagram, click the outer edge of the diagram. Hold down the left mouse button and drag to move the diagram.]]></text>
      <img_name>Images/48588_23.jpg</img_name>
    </step>
    <step num="9b.">
      <text><![CDATA[<P>If your diagram’s text wrapping is set in line with the text, you cannot drag to move it. </P>
<P>Instead, click the<B> Home </B>tab. In the <B>Clipboard</B> group, click <B>Cut</B> to remove the diagram from its current place.</P>]]></text>
      <img_name>Images/48588_24.jpg</img_name>
    </step>
    <step num="9c.">
      <text><![CDATA[<P>Then, put the cursor where you want the diagram to go. Click the <B>Home</B> tab. In the <B>Clipboard</B> group, click <B>Paste.</B></P>
<P>or</P>See Step 8a to change the diagram’s text wrapping so you can click and drag it.]]></text>
      <img_name>Images/48588_25.jpg</img_name>
    </step>
    <step num="10.">
      <text><![CDATA[To delete your diagram, click the diagram’s outer edge. Then, press the <B>Delete</B> key on the keyboard.]]></text>
      <img_name>Images/48588_26.jpg</img_name>
    </step>
  </steps>
</skill>