<?xml version="1.0" standalone="yes"?>
<skill id="48589">
  <title><![CDATA[5.3 To add a picture you have copied from a Web site or another document]]></title>
  <desc><![CDATA[]]></desc>
  <ModifiedDate>2008-05-29</ModifiedDate>
  <steps>
    <step num="1.">
      <text><![CDATA[<P>Right-click an image on a Web site or in another document. </P>
<P>&nbsp;</P>Pick <B>Copy</B>.]]></text>
      <img_name>Images/48589_0.jpg</img_name>
    </step>
    <step num="2.">
      <text><![CDATA[Go to your document, and put the cursor where you want the picture.]]></text>
      <img_name>Images/48589_1.jpg</img_name>
    </step>
    <step num="3.">
      <text><![CDATA[<P>Click the <B>Home </B>tab. In the <B>Clipboard</B> group, click the <B>Paste </B>arrow. Then, pick <B>Paste Special</B>.</P>]]></text>
      <img_name>Images/48589_2.jpg</img_name>
    </step>
    <step num="4.">
      <text><![CDATA[Click <B>Device Independent Bitmap</B>.]]></text>
      <img_name>Images/48589_3.jpg</img_name>
    </step>
    <step num="5.">
      <text><![CDATA[Click <B>OK</B>.]]></text>
      <img_name>Images/48589_4.jpg</img_name>
    </step>
  </steps>
</skill>