<?xml version="1.0" standalone="yes"?>
<skill id="48584">
  <title><![CDATA[10.14 To enable macros in a document]]></title>
  <desc><![CDATA[]]></desc>
  <ModifiedDate>2008-05-29</ModifiedDate>
  <steps>
    <step num="1.">
      <text><![CDATA[Open a document that contains macros.]]></text>
      <img_name>Images/48584_0.jpg</img_name>
    </step>
    <step num="2.">
      <text><![CDATA[<P>Click the <B>Developer</B> tab. In the <B>Code</B> group, click <B>Macro Security.</B></P>
<P><B>NOTE:</B> If you do not see the Developer tab on the Ribbon, you may not have the Developer tool enabled. For help, see Word Processing Skill: <A href="WP 10.10">To create a form</A>.</P>]]></text>
      <img_name>Images/48584_1.jpg</img_name>
    </step>
    <step num="3.">
      <text><![CDATA[<P>In the Trust Centre dialog box, pick <B>Macro Settings.</B></P>]]></text>
      <img_name>Images/48584_2.jpg</img_name>
    </step>
    <step num="4.">
      <text><![CDATA[In the Macro Settings section, pick <B>Enable all macros</B>.]]></text>
      <img_name>Images/48584_3.jpg</img_name>
    </step>
    <step num="5.">
      <text><![CDATA[Click <B>OK</B>.]]></text>
      <img_name>Images/48584_4.jpg</img_name>
    </step>
  </steps>
</skill>