<?xml version="1.0" standalone="yes"?>
<skill id="48583">
  <title><![CDATA[10.13 To use the Equation Editor in a word processing document]]></title>
  <desc><![CDATA[]]></desc>
  <ModifiedDate>2008-05-29</ModifiedDate>
  <steps>
    <step num="1.">
      <text><![CDATA[Click to place the cursor where you want to insert the equation. ]]></text>
      <img_name>Images/48583_0.jpg</img_name>
    </step>
    <step num="2.">
      <text><![CDATA[<P>Click the <B>Insert</B> tab. In the <B>Text</B> group, click the <B>Object</B> arrow. Then, pick <B>Object.</B></P>]]></text>
      <img_name>Images/48583_1.jpg</img_name>
    </step>
    <step num="3.">
      <text><![CDATA[Click the <B>Create New</B> tab.]]></text>
      <img_name>Images/48583_2.jpg</img_name>
    </step>
    <step num="4.">
      <text><![CDATA[<P>Click <B>Microsoft Equation 3.0</B>. </P>
<P>Then, click <B>OK</B>.</P>
<P><B>NOTE:</B> If you do not see this in the list, you may not have the Equation Editor installed. For help, see Operating Environment Skill: <A href="OE 1.2">To install Microsoft Office 2007</A>*.</P>]]></text>
      <img_name>Images/48583_3.jpg</img_name>
    </step>
    <step num="5.">
      <text><![CDATA[The Equation toolbar and a text box will appear in your document.&nbsp;&nbsp; ]]></text>
      <img_name>Images/48583_4.jpg</img_name>
    </step>
    <step num="6.">
      <text><![CDATA[Click any button on the Equation toolbar to see more similar maths symbols. Pick the equation symbol that you want. ]]></text>
      <img_name>Images/48583_5.jpg</img_name>
    </step>
    <step num="7.">
      <text><![CDATA[Click the text boxes and enter your numbers.]]></text>
      <img_name>Images/48583_6.jpg</img_name>
    </step>
    <step num="8.">
      <text><![CDATA[When you are done, click outside of the Equation Editor text box.]]></text>
      <img_name>Images/48583_7.jpg</img_name>
    </step>
  </steps>
</skill>