<?xml version="1.0" standalone="yes"?>
<skill id="48586">
  <title><![CDATA[5.1 To add premade computer pictures, or clip art]]></title>
  <desc><![CDATA[]]></desc>
  <ModifiedDate>2008-05-29</ModifiedDate>
  <steps>
    <step num="1.">
      <text><![CDATA[Click to place the cursor where you want to put a clip art picture.]]></text>
      <img_name>Images/48586_0.jpg</img_name>
    </step>
    <step num="2.">
      <text><![CDATA[<P>Click the <B>Insert</B> tab. In the <B>Illustrations</B> group, click the <B>ClipArt</B> button.</P>]]></text>
      <img_name>Images/48586_1.jpg</img_name>
    </step>
    <step num="3.">
      <text><![CDATA[<P>In the <B>Search for</B> box, type a word that describes the type of picture you want. </P>
<P>&nbsp;</P>Then, click the <B>Go</B> button.]]></text>
      <img_name>Images/48586_2.jpg</img_name>
    </step>
    <step num="4.">
      <text><![CDATA[Click the <B>Results should be</B> arrow and make sure that the Clip Art check box is selected.]]></text>
      <img_name>Images/48586_3.jpg</img_name>
    </step>
    <step num="5.">
      <text><![CDATA[<P>Click the picture you want to insert.</P>]]></text>
      <img_name>Images/48586_4.jpg</img_name>
    </step>
  </steps>
</skill>