<?xml version="1.0" standalone="yes"?>
<skill id="48590">
  <title><![CDATA[9.3 To create a Radial Diagram]]></title>
  <desc><![CDATA[]]></desc>
  <ModifiedDate>2008-05-29</ModifiedDate>
  <steps>
    <step num="1a.">
      <text><![CDATA[<P>Click the <B>Insert</B> tab. In the <B>Illustrations</B> group, click <B>SmartArt</B>.</P>]]></text>
      <img_name>Images/48590_0.jpg</img_name>
    </step>
    <step num="1b.">
      <text><![CDATA[<P>Pick <B>Cycle.</B> Then, pick a radial layout. </P>
<P>&nbsp;</P>
<P>Click <B>OK</B>.</P>]]></text>
      <img_name>Images/48590_1.jpg</img_name>
    </step>
    <step num="2a.">
      <text><![CDATA[<P>To add words to a shape, click inside a shape. </P>
<P>&nbsp;</P>Then, type your new words.]]></text>
      <img_name>Images/48590_2.jpg</img_name>
    </step>
    <step num="2b.">
      <text><![CDATA[<P>Or, click the <B>Text Pane</B> tool in the <B>Design</B> tab and <B>Create Graphic</B> group. Type your new words. Click the <B>Text Pane</B> tool to close the text pane.</P>]]></text>
      <img_name>Images/48590_3.jpg</img_name>
    </step>
    <step num="3a.">
      <text><![CDATA[<P>To add more shapes, click the outer edge of the diagram. </P>
<P>&nbsp;</P>Or, click an existing shape.]]></text>
      <img_name>Images/48590_4.jpg</img_name>
    </step>
    <step num="3b.">
      <text><![CDATA[<P>Click the <B>Design</B> tab. In the <B>Create Graphic</B> group, click the <B>Add Shape</B> arrow.</P>]]></text>
      <img_name>Images/48590_5.jpg</img_name>
    </step>
    <step num="3c.">
      <text><![CDATA[<P>Pick<B> Add Shape Below</B> to add a new connected shape below the selected shape.</P>]]></text>
      <img_name>Images/48590_6.jpg</img_name>
    </step>
    <step num="3d.">
      <text><![CDATA[<P>Or, pick <B>Add Shape After</B> to add a new connected shape after the selected shape.</P>]]></text>
      <img_name>Images/48590_7.jpg</img_name>
    </step>
    <step num="3e.">
      <text><![CDATA[<P>Or, pick <B>Add Shape Before</B> to add a new connected shape before the selected shape.</P>]]></text>
      <img_name>Images/48590_8.jpg</img_name>
    </step>
    <step num="4a.">
      <text><![CDATA[<P>To add a preset design scheme, click the outer edge of the diagram.</P>]]></text>
      <img_name>Images/48590_9.jpg</img_name>
    </step>
    <step num="4b.">
      <text><![CDATA[<P>Click the <B>Design tab. </B>&nbsp;In the <B>SmartArt Styles</B> group, pick a design from the gallery.</P>]]></text>
      <img_name>Images/48590_10.jpg</img_name>
    </step>
    <step num="4c.">
      <text><![CDATA[<P>To add a preset colour scheme, click the <B>Design </B>tab<B>. </B>&nbsp;In the <B>SmartArt Styles</B> group, click the <B>Change Colors</B> arrow.</P>]]></text>
      <img_name>Images/48590_11.jpg</img_name>
    </step>
    <step num="4d.">
      <text><![CDATA[<P>Pick one of the theme colours.</P>]]></text>
      <img_name>Images/48590_12.jpg</img_name>
    </step>
    <step num="5a.">
      <text><![CDATA[<P>If you want to change the layout of the Cycle Diagram, click the shape you want to change.</P>]]></text>
      <img_name>Images/48590_13.jpg</img_name>
    </step>
    <step num="5b.">
      <text><![CDATA[<P>Click the <B>Format</B> tab. In the <B>Shapes</B> group click <B>Larger</B> to increase the fontSize of the selected shape.</P>]]></text>
      <img_name>Images/48590_14.jpg</img_name>
    </step>
    <step num="5c.">
      <text><![CDATA[<P>Or, click <B>Smaller</B> to decrease the fontSize of the selected shape.</P>]]></text>
      <img_name>Images/48590_15.jpg</img_name>
    </step>
    <step num="6a.">
      <text><![CDATA[If you want to change the Radial Diagram into another type of diagram, click the outer edge of the diagram.]]></text>
      <img_name>Images/48590_16.jpg</img_name>
    </step>
    <step num="6b.">
      <text><![CDATA[<P>Click the <B>Insert</B> tab. In the <B>Illustrations</B> group, click <B>SmartArt</B>.</P>]]></text>
      <img_name>Images/48590_17.jpg</img_name>
    </step>
    <step num="6c.">
      <text><![CDATA[<P>Pick one of the other diagram options. Click <B>OK </B>to change the diagram.</P>]]></text>
      <img_name>Images/48590_18.jpg</img_name>
    </step>
    <step num="7a.">
      <text><![CDATA[<P>If you have other words in your document, you may want to change the way your words flow, or wrap, around your diagram. </P>
<P>&nbsp;</P>Click the outer edge of your Radial Diagram.]]></text>
      <img_name>Images/48590_19.jpg</img_name>
    </step>
    <step num="7b.">
      <text><![CDATA[<P>Then, click the <B>Format</B> tab. In the <B>Arrange</B> group, click the <B>Text Wrapping </B>tool. Pick one of the text wrapping styles. (For more information about text wrapping, see Word Processing Skill: <A href="wp 5.4">To change the way words flow, or wrap, around a picture</A>.)<BR>&nbsp;</P>
<P><B>NOTE: In Front of Text</B> is a popular setting that lets you drag to move and refontSize your diagram.</P>]]></text>
      <img_name>Images/48590_20.jpg</img_name>
    </step>
    <step num="8a.">
      <text><![CDATA[If you want to move the diagram, click the outer edge of the diagram. Hold down the left mouse button and drag to move the diagram.]]></text>
      <img_name>Images/48590_21.jpg</img_name>
    </step>
    <step num="8b.">
      <text><![CDATA[<P>If your Radial Diagram is set in line with the text, you cannot drag to move it. </P>
<P>&nbsp;</P>
<P>Instead, click the<B> Home </B>tab. In the <B>Clipboard</B> group, click <B>Cut </B>to remove the diagram from its current place.</P>]]></text>
      <img_name>Images/48590_22.jpg</img_name>
    </step>
    <step num="8c.">
      <text><![CDATA[<P>Then, put the cursor where you want the diagram to go. Click the <B>Home</B> tab. In the <B>Clipboard</B> group, click <B>Paste. </B></P>
<P>Or, See Step 7a to change the layout of the diagram to allow you to click and drag.</P>]]></text>
      <img_name>Images/48590_23.jpg</img_name>
    </step>
    <step num="9.">
      <text><![CDATA[To delete your diagram, click on the outer edge of the diagram. Then, press the <B>Delete</B> key on the keyboard.]]></text>
      <img_name>Images/48590_24.jpg</img_name>
    </step>
  </steps>
</skill>