<?xml version="1.0" standalone="yes"?>
<skill id="48597">
  <title><![CDATA[5.7 To trim the edges off or crop a picture]]></title>
  <desc><![CDATA[]]></desc>
  <ModifiedDate>2008-05-29</ModifiedDate>
  <steps>
    <step num="1.">
      <text><![CDATA[Click the picture.]]></text>
      <img_name>Images/48597_0.jpg</img_name>
    </step>
    <step num="2.">
      <text><![CDATA[<P>Click the <B>Format</B> tab. In the <B>Size</B> group, click the <B>Crop </B>button.</P>]]></text>
      <img_name>Images/48597_1.jpg</img_name>
    </step>
    <step num="3.">
      <text><![CDATA[<P>Put the pointer over one of the cropping handles along the edge of the picture that you would like to trim.</P>
<P>&nbsp;</P>Hold down the mouse button, and drag inward to crop that edge of the picture.]]></text>
      <img_name>Images/48597_2.jpg</img_name>
    </step>
    <step num="4.">
      <text><![CDATA[When you are done, click the <B>Crop</B> button again to turn that tool off.]]></text>
      <img_name>Images/48597_3.jpg</img_name>
    </step>
  </steps>
</skill>