<?xml version="1.0" standalone="yes"?>
<skill id="48595">
  <title><![CDATA[5.6 To move a picture]]></title>
  <desc><![CDATA[]]></desc>
  <ModifiedDate>2008-05-29</ModifiedDate>
  <steps>
    <step num="1.">
      <text><![CDATA[Click the picture.]]></text>
      <img_name>Images/48595_0.jpg</img_name>
    </step>
    <step num="2.">
      <text><![CDATA[Hold down the left mouse button, and drag to move the picture.]]></text>
      <img_name>Images/48595_1.jpg</img_name>
    </step>
    <step num="3a.">
      <text><![CDATA[<P>If your picture’s wrapping is set in line with the text (see Word Processing Skill: <A href="wp 5.3">To add a picture you have copied from a Web site or another document</A>), you cannot drag to move it.&nbsp;</P>Instead, click the <B>Home</B> tab. In the <B>Clipboard</B> group, click <B>Cut</B> to remove it from its current place.]]></text>
      <img_name>Images/48595_2.jpg</img_name>
    </step>
    <step num="3b.">
      <text><![CDATA[<P>Then, put the cursor where you want the picture to go, click the <B>Home</B> tab.&nbsp; In the <B>Clipboard</B> group, click <B>Paste</B>. </P>]]></text>
      <img_name>Images/48595_3.jpg</img_name>
    </step>
  </steps>
</skill>