<?xml version="1.0" standalone="yes"?>
<skill id="48599">
  <title><![CDATA[5.9 To add a border or frame around a picture]]></title>
  <desc><![CDATA[]]></desc>
  <ModifiedDate>2008-05-29</ModifiedDate>
  <steps>
    <step num="1.">
      <text><![CDATA[Click the picture you want to put a border or frame around.]]></text>
      <img_name>Images/48599_0.jpg</img_name>
    </step>
    <step num="2.">
      <text><![CDATA[<P>Click the <B>Format</B> tab. In the <B>Picture Styles</B> group, click the <B>Picture Border</B> arrow. Pick <B>Weight</B> and then pick a line width.</P>]]></text>
      <img_name>Images/48599_1.jpg</img_name>
    </step>
    <step num="3.">
      <text><![CDATA[The picture will now show that border fontSize.]]></text>
      <img_name>Images/48599_2.jpg</img_name>
    </step>
    <step num="4.">
      <text><![CDATA[<P>If you want to change the border colour, click the <B>Picture Border</B> arrow on the <B>Picture Styles</B> group.&nbsp; Then, pick a colour. </P>]]></text>
      <img_name>Images/48599_3.jpg</img_name>
    </step>
    <step num="5.">
      <text><![CDATA[<P>If you want to change the line style, click the <B>Picture Border</B> arrow on the <B>Picture Styles</B> group. Pick <B>Dashes</B>.</P>
<P>&nbsp;</P>
<P>Then, pick one of the dash styles.</P>]]></text>
      <img_name>Images/48599_4.jpg</img_name>
    </step>
  </steps>
</skill>