<?xml version="1.0" standalone="yes"?>
<skill id="48598">
  <title><![CDATA[5.8 To make the background of a picture see-through, or transparent]]></title>
  <desc><![CDATA[]]></desc>
  <ModifiedDate>2008-05-29</ModifiedDate>
  <steps>
    <step num="1.">
      <text><![CDATA[Click the picture with the background that you want to get rid of.]]></text>
      <img_name>Images/48598_0.jpg</img_name>
    </step>
    <step num="2.">
      <text><![CDATA[<P>Click the <B>Format</B> tab. In the <B>Adjust</B> group, click the <B>Recolor </B>arrow. </P>
<P>Then, pick <B>Set Transparent Color</B>.</P>]]></text>
      <img_name>Images/48598_1.jpg</img_name>
    </step>
    <step num="3.">
      <text><![CDATA[<P>Click the picture’s background.</P>
<P>&nbsp;</P><B>NOTE:</B> This feature is available for bitmap pictures only, such as those created in painting applications. You cannot use this feature on any clip art or pictures that have been created using the Drawing tools.]]></text>
      <img_name>Images/48598_2.jpg</img_name>
    </step>
  </steps>
</skill>