<?xml version="1.0" standalone="yes"?>
<skill id="48593">
  <title><![CDATA[5.5 To make a picture bigger or smaller]]></title>
  <desc><![CDATA[]]></desc>
  <ModifiedDate>2008-05-29</ModifiedDate>
  <steps>
    <step num="1.">
      <text><![CDATA[Click the picture.]]></text>
      <img_name>Images/48593_0.jpg</img_name>
    </step>
    <step num="2a.">
      <text><![CDATA[<P>To make the picture bigger, put the pointer over one of the circles along the picture’s border.</P>
<P>&nbsp;</P>Hold down the left mouse button and drag outward.]]></text>
      <img_name>Images/48593_1.jpg</img_name>
    </step>
    <step num="2b.">
      <text><![CDATA[<P>To make the picture smaller, put the pointer over one of the circles along the picture’s border.</P>
<P>&nbsp;</P>Hold down the left mouse button and drag inward.]]></text>
      <img_name>Images/48593_2.jpg</img_name>
    </step>
  </steps>
</skill>