<?xml version="1.0" standalone="yes"?>
<skill id="48591">
  <title><![CDATA[5.4 To change the way words flow, or wrap, around a picture]]></title>
  <desc><![CDATA[]]></desc>
  <ModifiedDate>2008-05-29</ModifiedDate>
  <steps>
    <step num="1.">
      <text><![CDATA[Click the picture.]]></text>
      <img_name>Images/48591_0.jpg</img_name>
    </step>
    <step num="2.">
      <text><![CDATA[<P>Click the <B>Format</B> tab. In the <B>Arrange</B> group, click the <B>Text Wrapping </B>arrow.</P>]]></text>
      <img_name>Images/48591_1.jpg</img_name>
    </step>
    <step num="3a.">
      <text><![CDATA[<P>Pick one of the text wrapping styles:</P>
<UL>
<LI><B>In Line with Text</B> (This is the way most pictures are when you first add them to a page.)</LI></UL>]]></text>
      <img_name>Images/48591_2.jpg</img_name>
    </step>
    <step num="3b.">
      <text><![CDATA[<P>Or, pick:&nbsp;</P>
<UL>
<LI><B>Square</B></LI></UL>]]></text>
      <img_name>Images/48591_3.jpg</img_name>
    </step>
    <step num="3c.">
      <text><![CDATA[<P>Or, pick:<B>&nbsp;</B></P>
<UL>
<LI><B>Tight</B></LI></UL>]]></text>
      <img_name>Images/48591_4.jpg</img_name>
    </step>
    <step num="3d.">
      <text><![CDATA[<P>Or, pick:</P>
<UL>
<LI><B>Behind Text </B></LI></UL>]]></text>
      <img_name>Images/48591_5.jpg</img_name>
    </step>
    <step num="3e.">
      <text><![CDATA[<P>Or, pick:<B>&nbsp;</B></P>
<UL>
<LI><B>In Front of Text</B> (This is a popular setting that lets you drag to move and refontSize pictures.)</LI></UL>]]></text>
      <img_name>Images/48591_6.jpg</img_name>
    </step>
    <step num="3f.">
      <text><![CDATA[<P>Or, pick:<B>&nbsp;</B></P>
<UL>
<LI><B>Top and Bottom</B></LI></UL>]]></text>
      <img_name>Images/48591_7.jpg</img_name>
    </step>
    <step num="3g.">
      <text><![CDATA[<P>Or, pick:<B>&nbsp;</B></P>
<UL>
<LI><B>Through</B></LI></UL>]]></text>
      <img_name>Images/48591_8.jpg</img_name>
    </step>
    <step num="4.">
      <text><![CDATA[Click <B>OK</B>.]]></text>
      <img_name>Images/48591_9.jpg</img_name>
    </step>
  </steps>
</skill>