<?xml version="1.0" standalone="yes"?>
<skill id="48605">
  <title><![CDATA[8.3 To change the chart type]]></title>
  <desc><![CDATA[]]></desc>
  <ModifiedDate>2008-05-29</ModifiedDate>
  <steps>
    <step num="1.">
      <text><![CDATA[Click a chart you want to change. ]]></text>
      <img_name>Images/48605_0.jpg</img_name>
    </step>
    <step num="2.">
      <text><![CDATA[Click the <B>Design </B>tab. In the <B>Type</B> group, click <B>Change Chart Type</B>. ]]></text>
      <img_name>Images/48605_1.jpg</img_name>
    </step>
    <step num="3.">
      <text><![CDATA[Select the type of chart you want from the list.]]></text>
      <img_name>Images/48605_2.jpg</img_name>
    </step>
    <step num="4.">
      <text><![CDATA[Pick a chart sub-type.]]></text>
      <img_name>Images/48605_3.jpg</img_name>
    </step>
    <step num="5.">
      <text><![CDATA[<P>Click <B>OK</B>.</P>
<P>&nbsp;</P><B>NOTE</B>: To exit chart editing, click outside of the chart.]]></text>
      <img_name>Images/48605_4.jpg</img_name>
    </step>
  </steps>
</skill>