<?xml version="1.0" standalone="yes"?>
<skill id="48609">
  <title><![CDATA[8.5 To change the way data is organised in a chart]]></title>
  <desc><![CDATA[]]></desc>
  <ModifiedDate>2008-05-29</ModifiedDate>
  <steps>
    <step num="1.">
      <text><![CDATA[Click a chart you want to change.]]></text>
      <img_name>Images/48609_0.jpg</img_name>
    </step>
    <step num="2a.">
      <text><![CDATA[Click the <B>Design</B> tab. In the <B>Data</B> group, click <B>Switch Row/Column</B>.]]></text>
      <img_name>Images/48609_1.jpg</img_name>
    </step>
    <step num="2b.">
      <text><![CDATA[<P>Notice the chart legend will now display the data shown in the columns.</P>
<P>&nbsp;</P><B>NOTE</B>: To exit chart editing, click outside of the chart.]]></text>
      <img_name>Images/48609_2.jpg</img_name>
    </step>
    <step num="3a.">
      <text><![CDATA[<P>Or, to organise the chart so the data shown in the rows appears in the chart, click <B>Switch Row/Column</B> in the Design tab and Data group.</P>
<P>&nbsp;</P><B>NOTE</B>: If the chart menus are not available, click Select Data in the Design tab and Data group.]]></text>
      <img_name>Images/48609_3.jpg</img_name>
    </step>
    <step num="3b.">
      <text><![CDATA[<P>Notice the chart legend will now display the data shown in the rows.</P>
<P>&nbsp;</P><B>NOTE</B>: To exit chart editing, click outside of the chart.]]></text>
      <img_name>Images/48609_4.jpg</img_name>
    </step>
  </steps>
</skill>