<?xml version="1.0" standalone="yes"?>
<skill id="48604">
  <title><![CDATA[5.12 To add a light background picture, or a watermark]]></title>
  <desc><![CDATA[]]></desc>
  <ModifiedDate>2008-05-29</ModifiedDate>
  <steps>
    <step num="1.">
      <text><![CDATA[Open the document where you want to put a light background picture, or watermark.]]></text>
      <img_name>Images/48604_0.jpg</img_name>
    </step>
    <step num="2.">
      <text><![CDATA[<P>Click the <B>Page</B> <b>Layout</b> tab. In the <B>Page Background</B> group, click the <B>Watermark</B> arrow. Then, click <B>Custom Watermark</B>.</P>]]></text>
      <img_name>Images/48604_1.jpg</img_name>
    </step>
    <step num="3.">
      <text><![CDATA[<P>Pick<B> Picture watermark</B>.</P>]]></text>
      <img_name>Images/48604_2.jpg</img_name>
    </step>
    <step num="4.">
      <text><![CDATA[Click <B>Select Picture</B>.]]></text>
      <img_name>Images/48604_3.jpg</img_name>
    </step>
    <step num="5.">
      <text><![CDATA[<P>Browse <B>Folders</B>. Then, go to the place where the picture file is saved.</P>]]></text>
      <img_name>Images/48604_4.jpg</img_name>
    </step>
    <step num="6.">
      <text><![CDATA[Pick the picture file, and click <B>Insert</B>.]]></text>
      <img_name>Images/48604_5.jpg</img_name>
    </step>
    <step num="7.">
      <text><![CDATA[<P>Change the <B>Scale </B>of your picture if you want, or leave it as <B>Auto</B>.</P>
<P>&nbsp;</P>Make sure the <B>Washout</B> box is checked.]]></text>
      <img_name>Images/48604_6.jpg</img_name>
    </step>
    <step num="8.">
      <text><![CDATA[Click <B>OK</B>.]]></text>
      <img_name>Images/48604_7.jpg</img_name>
    </step>
  </steps>
</skill>