<?xml version="1.0" standalone="yes"?>
<skill id="48601">
  <title><![CDATA[5.10 To make a picture brighter or darker]]></title>
  <desc><![CDATA[]]></desc>
  <ModifiedDate>2008-05-29</ModifiedDate>
  <steps>
    <step num="1.">
      <text><![CDATA[Click the picture you would like to make brighter or darker.]]></text>
      <img_name>Images/48601_0.jpg</img_name>
    </step>
    <step num="2a.">
      <text><![CDATA[<P>Click the <B>Format</B> tab. In the <B>Adjust</B> group, click the<B> Brightness </B>arrow.</P>]]></text>
      <img_name>Images/48601_1.jpg</img_name>
    </step>
    <step num="2b.">
      <text><![CDATA[Pick a brightness percentage to make the picture brighter.]]></text>
      <img_name>Images/48601_2.jpg</img_name>
    </step>
    <step num="2c.">
      <text><![CDATA[<P>Or, pick a brightness percentage to make the picture darker. </P>]]></text>
      <img_name>Images/48601_3.jpg</img_name>
    </step>
  </steps>
</skill>