<?xml version="1.0" standalone="yes"?>
<skill id="48608">
  <title><![CDATA[5.14 To compress a picture to keep the file size small]]></title>
  <desc><![CDATA[]]></desc>
  <ModifiedDate>2008-05-29</ModifiedDate>
  <steps>
    <step num="1.">
      <text><![CDATA[<P>Click the picture you want to compress or reduce in file fontSize.</P>
<P>&nbsp;</P><B>NOTE:</B> Compressing a picture reduces its resolution (to 96 dots per inch, or dpi, for Web and 200 dpi for print), and removes unnecessary information. This can make the file fontSize lower to save hard disk drive space or make downloading faster.]]></text>
      <img_name>Images/48608_0.jpg</img_name>
    </step>
    <step num="2.">
      <text><![CDATA[<P>Click the <B>Format</B> tab. In the <B>Adjust</B> group, click the <B>Compress Pictures </B>button.</P>]]></text>
      <img_name>Images/48608_1.jpg</img_name>
    </step>
    <step num="3.">
      <text><![CDATA[<P>In the <B>Compress Pictures</B> dialog box, select <B>Apply to selected pictures</B> <B>only</B> to compress only the image you selected.</P>
<P>Or, </P>
<P>Deselect the checkbox to compress all pictures in your document.</P>]]></text>
      <img_name>Images/48608_2.jpg</img_name>
    </step>
    <step num="4a.">
      <text><![CDATA[<P>Click <B>Options.</B> </P>
<P>In the Target output section, choose:&nbsp;</P>
<UL>
<LI><B>Screen (150ppi)</B> to lower the picture resolution to 150 ppi</LI></UL>]]></text>
      <img_name>Images/48608_3.jpg</img_name>
    </step>
    <step num="4b.">
      <text><![CDATA[<P>Or, choose:</P>
<UL>
<LI><B>Print (220ppi) </B>to lower the picture resolution to 220 ppi</LI></UL>]]></text>
      <img_name>Images/48608_4.jpg</img_name>
    </step>
    <step num="4c.">
      <text><![CDATA[<P>Or, choose:</P>
<UL>
<LI><B>E-mail (96ppi) </B>to lower the picture resolution to 96ppi</LI></UL>]]></text>
      <img_name>Images/48608_5.jpg</img_name>
    </step>
    <step num="5.">
      <text><![CDATA[<P>In the <B>Compression options </B>section, make sure <B>Automatically</B> <B>perform basic compression on save </B>and <B>Delete cropped areas of pictures</B> are checked.</P>]]></text>
      <img_name>Images/48608_6.jpg</img_name>
    </step>
    <step num="6.">
      <text><![CDATA[<P>Click <B>OK</B>. </P>
<P>&nbsp;</P>
<P>Click <B>OK</B> again.</P>
<P>&nbsp;</P><B>NOTE:</B> If the quality of your compressed picture is really low, click the Undo<B> </B>button on the Quick Access Toolbar. Then, follow Steps 2-6 again and choose either Print or E-mail<B> </B>in the Target Output section.]]></text>
      <img_name>Images/48608_7.jpg</img_name>
    </step>
  </steps>
</skill>