<?xml version="1.0" standalone="yes"?>
<skill id="48607">
  <title><![CDATA[8.4 To add titles to a chart]]></title>
  <desc><![CDATA[]]></desc>
  <ModifiedDate>2008-05-29</ModifiedDate>
  <steps>
    <step num="1.">
      <text><![CDATA[Click a chart you want to add a title to. ]]></text>
      <img_name>Images/48607_0.jpg</img_name>
    </step>
    <step num="2.">
      <text><![CDATA[<P>Click the <B>Layout </B>tab. In the <B>Labels</B> group, click the <B>Chart Title </B>arrow to add, remove or position a chart title. </P>]]></text>
      <img_name>Images/48607_1.jpg</img_name>
    </step>
    <step num="3a.">
      <text><![CDATA[<P>Pick <B>None </B>if you do not want to display a chart title.</P>
<P>&nbsp;</P>
<P>Or, pick <B>Centered Overlay Title</B> to display an overlay title on the centre of a chart.</P>
<P>&nbsp;</P>&nbsp;Or, pick <B>Above Chart </B>to display a title above the chart area.]]></text>
      <img_name>Images/48607_2.jpg</img_name>
    </step>
    <step num="3b.">
      <text><![CDATA[Click inside the chart title box and type a new title for your chart. ]]></text>
      <img_name>Images/48607_3.jpg</img_name>
    </step>
    <step num="4a.">
      <text><![CDATA[Click the <B>Layout </B>tab. In the <B>Labels</B> group, click the <B>Axis Titles</B> arrow to add, remove or position the text used to label each axis.]]></text>
      <img_name>Images/48607_4.jpg</img_name>
    </step>
    <step num="4b.">
      <text><![CDATA[<P>Pick <B>Primary Horizontal Axis Title </B>to<B> </B>display a horizontal value axis title. </P>
<P>Pick <B>None</B> if you do not want to display a horizontal value axis title. </P>
<P>&nbsp;</P>
<P>Or, pick <B>Title Below Axis</B> to display title below the horizontal value axis.</P>
<P>&nbsp;</P>]]></text>
      <img_name>Images/48607_5.jpg</img_name>
    </step>
    <step num="4c.">
      <text><![CDATA[<P>Click inside the axis title box and type a new horizontal value axis title. </P>]]></text>
      <img_name>Images/48607_6.jpg</img_name>
    </step>
    <step num="4d.">
      <text><![CDATA[In the <B>Layout </B>tab and <B>Labels</B> group, click the <B>Axis Titles</B> arrow. Pick <B>Primary Vertical Axis Title </B>to display a vertical axis title. ]]></text>
      <img_name>Images/48607_7.jpg</img_name>
    </step>
    <step num="4e.">
      <text><![CDATA[<P>Pick <B>None</B> if you do not want to display an axis title. </P>
<P>&nbsp;</P>
<P>Or, pick <B>Rotated Title</B> to display a rotated axis title. </P>
<P>&nbsp;</P>
<P>Or, pick <B>Vertical Title</B> to display axis title with vertical text. </P>
<P>&nbsp;</P>
<P>Or, pick <B>Horizontal Title</B> to display axis title horizontally. </P>]]></text>
      <img_name>Images/48607_8.jpg</img_name>
    </step>
    <step num="4f.">
      <text><![CDATA[<P>Click inside the axis title box and type a new vertical value axis title.</P>]]></text>
      <img_name>Images/48607_9.jpg</img_name>
    </step>
  </steps>
</skill>