<?xml version="1.0" standalone="yes"?>
<skill id="48602">
  <title><![CDATA[5.11 To turn a colour picture into a grayscale or black-and-white picture]]></title>
  <desc><![CDATA[]]></desc>
  <ModifiedDate>2008-05-29</ModifiedDate>
  <steps>
    <step num="1.">
      <text><![CDATA[Click the picture.]]></text>
      <img_name>Images/48602_0.jpg</img_name>
    </step>
    <step num="2a.">
      <text><![CDATA[<P>To turn your picture into a grayscale picture, click the <B>Format</B> tab. In the <B>Adjust</B> group, click the <B>Recolor</B> arrow. </P>
<P>&nbsp;</P>
<P>Then, pick <B>Grayscale</B>.</P>]]></text>
      <img_name>Images/48602_1.jpg</img_name>
    </step>
    <step num="2b.">
      <text><![CDATA[Notice that your colour picture will be turned into a grayscale picture.]]></text>
      <img_name>Images/48602_2.jpg</img_name>
    </step>
    <step num="3a.">
      <text><![CDATA[<P>To turn your picture into a black and white picture, click the <B>Recolor</B> arrow on the <B>Adjust</B> group. </P>
<P>&nbsp;</P>
<P>Then, pick <B>Black and White</B>. </P>]]></text>
      <img_name>Images/48602_3.jpg</img_name>
    </step>
    <step num="3b.">
      <text><![CDATA[Notice that your colour picture will be turned into a black and white picture.]]></text>
      <img_name>Images/48602_4.jpg</img_name>
    </step>
  </steps>
</skill>