<?xml version="1.0" standalone="yes"?>
<skill id="48606">
  <title><![CDATA[5.13 To change an existing picture to a light background picture, or watermark]]></title>
  <desc><![CDATA[]]></desc>
  <ModifiedDate>2008-05-29</ModifiedDate>
  <steps>
    <step num="1.">
      <text><![CDATA[Click the picture you want to turn into a watermark.]]></text>
      <img_name>Images/48606_0.jpg</img_name>
    </step>
    <step num="2.">
      <text><![CDATA[<P>Click the <B>Format</B> tab. In the <B>Adjust</B> group, click the <B>Recolor</B> arrow. </P>
<P>&nbsp;</P>Pick<B> Washout</B>.]]></text>
      <img_name>Images/48606_1.jpg</img_name>
    </step>
    <step num="3.">
      <text><![CDATA[<P>To place the watermark behind the words and other objects on the page, change the text wrapping by clicking the <B>Text Wrapping</B> button on the <B>Arrange</B> group and picking <B>Behind Text</B>.</P>]]></text>
      <img_name>Images/48606_2.jpg</img_name>
    </step>
    <step num="4.">
      <text><![CDATA[<P>Move the watermark as you wish.</P>]]></text>
      <img_name>Images/48606_3.jpg</img_name>
    </step>
  </steps>
</skill>