<?xml version="1.0" standalone="yes"?>
<skill id="48600">
  <title><![CDATA[8.1 To create a graph without a table]]></title>
  <desc><![CDATA[]]></desc>
  <ModifiedDate>2008-05-29</ModifiedDate>
  <steps>
    <step num="1a.">
      <text><![CDATA[Click the <B>Insert</B> tab. In the <B>Illustrations</B> group, click <B>Chart</B>.]]></text>
      <img_name>Images/48600_0.jpg</img_name>
    </step>
    <step num="1b.">
      <text><![CDATA[<P>In the Insert Chart dialog box, pick one of the chart options.</P>Click <B>OK</B>.]]></text>
      <img_name>Images/48600_1.jpg</img_name>
    </step>
    <step num="2.">
      <text><![CDATA[<P>Notice a sample data Datasheet in Excel*as well as a sample chart in your document appear in separate windows side by side.</P>]]></text>
      <img_name>Images/48600_2.jpg</img_name>
    </step>
    <step num="3.">
      <text><![CDATA[In the datasheet, replace the numbers and text by clicking in the appropriate cell and then typing your own numbers or text.]]></text>
      <img_name>Images/48600_3.jpg</img_name>
    </step>
    <step num="4.">
      <text><![CDATA[<P>To delete a column, click the lettered heading of the column you want to delete. </P>
<P>&nbsp;</P>
<P>or</P>
<P>&nbsp;</P>To delete a row, click the numbered row heading of the row you want to delete.]]></text>
      <img_name>Images/48600_4.jpg</img_name>
    </step>
    <step num="5.">
      <text><![CDATA[<P>In the <B>Home</B> tab and <B>Cells</B> group, click <B>Delete</B> and then pick <B>Delete Sheet Rows</B>.</P>Or, pick <B>Delete Sheet Columns</B>.]]></text>
      <img_name>Images/48600_5.jpg</img_name>
    </step>
    <step num="6.">
      <text><![CDATA[Notice that the row or column you selected has been deleted.]]></text>
      <img_name>Images/48600_6.jpg</img_name>
    </step>
    <step num="7a.">
      <text><![CDATA[<P>To add a new column, click the cell below the new column heading and type a column label. </P>
<P>Then, type the new information in the cells below.</P>]]></text>
      <img_name>Images/48600_7.jpg</img_name>
    </step>
    <step num="7b.">
      <text><![CDATA[<P>To add a new row, click the cell to the right of the new row heading and type a row label. </P>
<P>&nbsp;</P>Then, type the new information in the cells to the right.]]></text>
      <img_name>Images/48600_8.jpg</img_name>
    </step>
  </steps>
</skill>