<?xml version="1.0" standalone="yes"?>
<skill id="48618">
  <title><![CDATA[6.5 To set the empty spaces, or margins, around the edges of a page]]></title>
  <desc><![CDATA[]]></desc>
  <ModifiedDate>2008-05-29</ModifiedDate>
  <steps>
    <step num="1.">
      <text><![CDATA[<P>Click the <B>Page Layout</B> tab. In the <B>Page Setup</B> group, click the <B>Margins</B> arrow. Then, pick <B>Custom Margins. </B></P>]]></text>
      <img_name>Images/48618_0.jpg</img_name>
    </step>
    <step num="2.">
      <text><![CDATA[Click the <B>Margins </B>tab.]]></text>
      <img_name>Images/48618_1.jpg</img_name>
    </step>
    <step num="3.">
      <text><![CDATA[<P>In the <B>Top</B>, <B>Bottom</B>, <B>Left</B>, and <B>Right </B>boxes, type numbers that stand for the amount of empty space you want along each edge of the page. </P>
<P>&nbsp;</P><B>NOTE: </B>You can also click the arrows in each box to set the margins.]]></text>
      <img_name>Images/48618_2.jpg</img_name>
    </step>
    <step num="4.">
      <text><![CDATA[Check the Preview box to make sure you like the new page margins.]]></text>
      <img_name>Images/48618_3.jpg</img_name>
    </step>
    <step num="5.">
      <text><![CDATA[Then, click <B>OK</B>.]]></text>
      <img_name>Images/48618_4.jpg</img_name>
    </step>
  </steps>
</skill>