<?xml version="1.0" standalone="yes"?>
<skill id="48612">
  <title><![CDATA[8.7 To show/hide the chart legend]]></title>
  <desc><![CDATA[]]></desc>
  <ModifiedDate>2008-05-29</ModifiedDate>
  <steps>
    <step num="1a.">
      <text><![CDATA[Click the chart whose legend you want to show.]]></text>
      <img_name>Images/48612_0.jpg</img_name>
    </step>
    <step num="1b.">
      <text><![CDATA[Or, click the chart whose legend you want to hide.]]></text>
      <img_name>Images/48612_1.jpg</img_name>
    </step>
    <step num="2.">
      <text><![CDATA[<P>Click the <B>Layout</B> tab. In the <B>Labels</B> group, click the <B>Legend</B> arrow. </P>]]></text>
      <img_name>Images/48612_2.jpg</img_name>
    </step>
    <step num="3a.">
      <text><![CDATA[To hide the chart legend, pick <B>None</B>.]]></text>
      <img_name>Images/48612_3.jpg</img_name>
    </step>
    <step num="3b.">
      <text><![CDATA[<P>Or, to show the chart legend, pick from the several options available.</P>]]></text>
      <img_name>Images/48612_4.jpg</img_name>
    </step>
  </steps>
</skill>