<?xml version="1.0" standalone="yes"?>
<skill id="48619">
  <title><![CDATA[6.6 To set up a page with columns, like a newspaper or magazine]]></title>
  <desc><![CDATA[]]></desc>
  <ModifiedDate>2008-05-29</ModifiedDate>
  <steps>
    <step num="1.">
      <text><![CDATA[<P>Click the <B>Page Layout</B> tab. In the <B>Page Setup</B> group, click the <B>Columns</B> arrow. Then, pick <B>More Columns. </B></P>]]></text>
      <img_name>Images/48619_0.jpg</img_name>
    </step>
    <step num="2.">
      <text><![CDATA[Pick the preset option you want.]]></text>
      <img_name>Images/48619_1.jpg</img_name>
    </step>
    <step num="3.">
      <text><![CDATA[To change the width of your columns and the amount of space between them, click the <B>Width</B> and<B> Spacing</B> arrows.]]></text>
      <img_name>Images/48619_2.jpg</img_name>
    </step>
    <step num="4.">
      <text><![CDATA[<P>Click the <B>Apply to</B> arrow, and pick <B>Whole document</B> to format your entire document in columns. </P>
<P>&nbsp;</P>
<P>or </P>
<P>&nbsp;</P>Pick <B>This point forward</B> if you only want columns to start after the cursor.]]></text>
      <img_name>Images/48619_3.jpg</img_name>
    </step>
    <step num="5.">
      <text><![CDATA[Check the Preview box to make sure you like the column layout. ]]></text>
      <img_name>Images/48619_4.jpg</img_name>
    </step>
    <step num="6.">
      <text><![CDATA[Then, click <B>OK</B>.]]></text>
      <img_name>Images/48619_5.jpg</img_name>
    </step>
  </steps>
</skill>