<?xml version="1.0" standalone="yes"?>
<skill id="48610">
  <title><![CDATA[8.6 To change the colours of a chart or graph]]></title>
  <desc><![CDATA[]]></desc>
  <ModifiedDate>2008-05-29</ModifiedDate>
  <steps>
    <step num="1.">
      <text><![CDATA[Click a chart you want to change.]]></text>
      <img_name>Images/48610_0.jpg</img_name>
    </step>
    <step num="2.">
      <text><![CDATA[<P>To change the colour of the chart’s background, right-click the chart background. Pick <b>Format Plot Area</b>.</P>
<P><B>NOTE:</B> The command name for changing the chart background varies depending on chart type. For example, to change the background of a stacked bar in 3D, you would click the background area and pick <B>Format Walls</B>.</P>
<P><B>NOTE:</B> If you just want to change the colours of the bars in the chart, skip ahead to Step 8.</P>]]></text>
      <img_name>Images/48610_1.jpg</img_name>
    </step>
    <step num="3a.">
      <text><![CDATA[<P>Pick <B>Fill</B> on the Format Walls Dialog Box. Select <B>Solid Fill</B>.&nbsp; Click the <B>Color</B> button arrow.</P>
<P>&nbsp;</P>]]></text>
      <img_name>Images/48610_2.jpg</img_name>
    </step>
    <step num="3b.">
      <text><![CDATA[Pick a wall colour.]]></text>
      <img_name>Images/48610_3.jpg</img_name>
    </step>
    <step num="4.">
      <text><![CDATA[<P>Pick <B>Border Styles</B> on the Format Walls Dialog Box. In the <B>Width</B> box, pick a border weight.</P>]]></text>
      <img_name>Images/48610_4.jpg</img_name>
    </step>
    <step num="5a.">
      <text><![CDATA[<P>Pick <B>Border Color</B> on the Format Walls Dialog Box. Select <B>Solid Line.</B>&nbsp; Click the <B>Color</B> button arrow.</P>]]></text>
      <img_name>Images/48610_5.jpg</img_name>
    </step>
    <step num="5b.">
      <text><![CDATA[<P>Then pick a border colour.</P>
<P>&nbsp;</P>]]></text>
      <img_name>Images/48610_6.jpg</img_name>
    </step>
    <step num="6.">
      <text><![CDATA[<P>&nbsp;</P>
<P>Or, </P>
<P>&nbsp;</P>
<P>Pick <B>Fill</B> on the Format Walls Dialog Box. Select <B>Gradient</B> <B>Fill </B>to fill the chart background with a colour gradient.</P>
<P>&nbsp;</P>Or, Select <B>Picture or texture</B> <B>fill </B>to fill the chart background with a texture, pattern, or picture.]]></text>
      <img_name>Images/48610_7.jpg</img_name>
    </step>
    <step num="7.">
      <text><![CDATA[<P>Click <B>Close. </B></P>]]></text>
      <img_name>Images/48610_8.jpg</img_name>
    </step>
    <step num="8.">
      <text><![CDATA[<P>To change the colour of the bars in the chart, right-click one of the bars. Pick <B>Format Data Series</B>.</P>
<P>&nbsp;</P>
<P><B>NOTE:</B> The command name for changing the objects that represent data in the chart varies depending on chart type. For example, to change an individual slice in a pie chart, you would click the slice and select <B>Format Data Point</B>.</P>]]></text>
      <img_name>Images/48610_9.jpg</img_name>
    </step>
    <step num="9a.">
      <text><![CDATA[<P>Pick <B>Fill</B> on the Format Data Series Dialog Box. Select <B>Solid Fill</B>.&nbsp; Click the <B>Color</B> button arrow.</P>]]></text>
      <img_name>Images/48610_10.jpg</img_name>
    </step>
    <step num="9b.">
      <text><![CDATA[Pick a bar colour.]]></text>
      <img_name>Images/48610_11.jpg</img_name>
    </step>
    <step num="10.">
      <text><![CDATA[<P>Pick <B>Border Styles</B> on the Format Data Series Dialog Box. In the <B>Width</B> box, pick a border weight.</P>]]></text>
      <img_name>Images/48610_12.jpg</img_name>
    </step>
    <step num="11a.">
      <text><![CDATA[<P>Pick <B>Border Color</B> on the Format Data Series Dialog Box. Select <B>Solid Line.</B>&nbsp; Click the <B>Color</B> button arrow.</P>]]></text>
      <img_name>Images/48610_13.jpg</img_name>
    </step>
    <step num="11b.">
      <text><![CDATA[<P>Then, pick a border colour.</P>]]></text>
      <img_name>Images/48610_14.jpg</img_name>
    </step>
    <step num="12.">
      <text><![CDATA[<P>Or, Pick <B>Fill</B> on the Format Data Series Dialog Box. Select <B>Gradient Fill </B>to fill the chart background with a colour gradient. Or, Select<B> Picture or texture fill</B> to fill the chart background with a texture, pattern, or picture.</P>]]></text>
      <img_name>Images/48610_15.jpg</img_name>
    </step>
    <step num="13.">
      <text><![CDATA[<P>Click <B>Close</B>.</P>
<P>&nbsp;</P><B>NOTE</B>: To exit chart editing, click outside of the chart.]]></text>
      <img_name>Images/48610_16.jpg</img_name>
    </step>
  </steps>
</skill>