<?xml version="1.0" standalone="yes"?>
<skill id="48611">
  <title><![CDATA[6.1 To make a page bigger or smaller on the screen]]></title>
  <desc><![CDATA[]]></desc>
  <ModifiedDate>2008-05-29</ModifiedDate>
  <steps>
    <step num="1.">
      <text><![CDATA[<P>Click the <B>Zoom level</B> button to open the Zoom dialog box.</P>
<P>&nbsp;</P>
<P>Pick one of the percentages or page view options.</P>
<P>Click <B>OK</B>.</P>
<P>&nbsp;</P><B>NOTE: </B>The Zoom level button is usually located at the bottom of the application screen.]]></text>
      <img_name>Images/48611_0.jpg</img_name>
    </step>
    <step num="2.">
      <text><![CDATA[Notice your page fontSize changes to the page view option you picked.]]></text>
      <img_name>Images/48611_1.jpg</img_name>
    </step>
  </steps>
</skill>