<?xml version="1.0" standalone="yes"?>
<skill id="48617">
  <title><![CDATA[6.4 To set up a document to print sideways, or landscape]]></title>
  <desc><![CDATA[]]></desc>
  <ModifiedDate>2008-05-29</ModifiedDate>
  <steps>
    <step num="1.">
      <text><![CDATA[<P>Click the <b>Page Layout</b> tab. In the <b>Page Setup</b> group, click the <b>Orientation</b> arrow.</P>]]></text>
      <img_name>Images/48617_0.jpg</img_name>
    </step>
    <step num="2.">
      <text><![CDATA[<P>Pick <B>Landscape</B>.</P>]]></text>
      <img_name>Images/48617_1.jpg</img_name>
    </step>
    <step num="3.">
      <text><![CDATA[<P>Your page is now set to Landscape.</P>]]></text>
      <img_name>Images/48617_2.jpg</img_name>
    </step>
  </steps>
</skill>