<?xml version="1.0" standalone="yes"?>
<skill id="48614">
  <title><![CDATA[8.8 To show/hide the category axis gridlines]]></title>
  <desc><![CDATA[]]></desc>
  <ModifiedDate>2008-05-29</ModifiedDate>
  <steps>
    <step num="1.">
      <text><![CDATA[<P>Click the chart you want to change.</P>]]></text>
      <img_name>Images/48614_0.jpg</img_name>
    </step>
    <step num="2.">
      <text><![CDATA[<P>Click the <B>Layout</B> tab. In the <B>Axes</B> group, click the <B>Gridlines</B> arrow. </P>]]></text>
      <img_name>Images/48614_1.jpg</img_name>
    </step>
    <step num="3a.">
      <text><![CDATA[<P>To hide the axis gridlines, pick <B>Primary Horizontal Gridlines | None</B>. </P>]]></text>
      <img_name>Images/48614_2.jpg</img_name>
    </step>
    <step num="3b.">
      <text><![CDATA[<P>Or, to show the horizontal gridlines, pick from the several options available. </P>
<P>&nbsp;</P>]]></text>
      <img_name>Images/48614_3.jpg</img_name>
    </step>
  </steps>
</skill>