<?xml version="1.0" standalone="yes"?>
<skill id="48616">
  <title><![CDATA[8.9 To show/hide the value axis gridlines]]></title>
  <desc><![CDATA[]]></desc>
  <ModifiedDate>2008-05-29</ModifiedDate>
  <steps>
    <step num="1.">
      <text><![CDATA[<P>Click the chart you want to change.</P>]]></text>
      <img_name>Images/48616_0.jpg</img_name>
    </step>
    <step num="2.">
      <text><![CDATA[<P>Click the <B>Layout</B> tab. In the <B>Axes</B> group, click the <B>Gridlines</B> arrow. </P>]]></text>
      <img_name>Images/48616_1.jpg</img_name>
    </step>
    <step num="3a.">
      <text><![CDATA[<P>To hide the axis gridlines, pick <b>Primary Vertical Gridlines | None</b>.</P>]]></text>
      <img_name>Images/48616_2.jpg</img_name>
    </step>
    <step num="3b.">
      <text><![CDATA[<P>Or, to show the vertical gridlines, pick from the several options available.</P>]]></text>
      <img_name>Images/48616_3.jpg</img_name>
    </step>
  </steps>
</skill>