<?xml version="1.0" standalone="yes"?>
<skill id="48615">
  <title><![CDATA[6.3 To use the page grid to place and size objects]]></title>
  <desc><![CDATA[]]></desc>
  <ModifiedDate>2008-05-29</ModifiedDate>
  <steps>
    <step num="1.">
      <text><![CDATA[<P>Click the <B>Page Layout</B> tab. In the <B>Arrange</B> group, click the <B>Align</B> arrow. Then, pick <B>Grid Settings</B>. </P>]]></text>
      <img_name>Images/48615_0.jpg</img_name>
    </step>
    <step num="2.">
      <text><![CDATA[Click<B> Display gridlines on screen</B>.]]></text>
      <img_name>Images/48615_1.jpg</img_name>
    </step>
    <step num="3a.">
      <text><![CDATA[Click <B>Snap objects to grid when the gridlines are not displayed</B> to force your objects to line up along gridlines. ]]></text>
      <img_name>Images/48615_2.jpg</img_name>
    </step>
    <step num="3b.">
      <text><![CDATA[Or, leave <B>Snap objects to grid</B> <B>when the gridlines are not displayed</B> unchecked so you can put objects wherever you want.]]></text>
      <img_name>Images/48615_3.jpg</img_name>
    </step>
    <step num="4.">
      <text><![CDATA[Click <B>OK</B>.]]></text>
      <img_name>Images/48615_4.jpg</img_name>
    </step>
  </steps>
</skill>