<?xml version="1.0" standalone="yes"?>
<skill id="48620">
  <title><![CDATA[7.1 To add or insert a new table]]></title>
  <desc><![CDATA[]]></desc>
  <ModifiedDate>2008-05-29</ModifiedDate>
  <steps>
    <step num="1.">
      <text><![CDATA[<P>Click the <B>Insert</B> tab. In the <B>Tables</B> group, click the <B>Table </B>arrow. Then, pick <B>Insert Table. </B></P>]]></text>
      <img_name>Images/48620_0.jpg</img_name>
    </step>
    <step num="2.">
      <text><![CDATA[<P>Type the number of columns you want in the <B>Number of columns </B>box. </P>
<P>&nbsp;</P>Then, type the number of rows you want in the <B>Number of rows </B>box.]]></text>
      <img_name>Images/48620_1.jpg</img_name>
    </step>
    <step num="3.">
      <text><![CDATA[Click <B>OK</B>.]]></text>
      <img_name>Images/48620_2.jpg</img_name>
    </step>
  </steps>
</skill>