<?xml version="1.0" standalone="yes"?>
<skill id="48623">
  <title><![CDATA[6.8 To end one page and start the next]]></title>
  <desc><![CDATA[]]></desc>
  <ModifiedDate>2008-05-29</ModifiedDate>
  <steps>
    <step num="1.">
      <text><![CDATA[Click to put the cursor after the last picture or word you want on a page.]]></text>
      <img_name>Images/48623_0.jpg</img_name>
    </step>
    <step num="2.">
      <text><![CDATA[<P>Click the <B>Page Layout</B> tab. In the <B>Page Setup</B> group, click the <B>Breaks</B> arrow. Then, pick <B>Page.&nbsp; </B></P>]]></text>
      <img_name>Images/48623_1.jpg</img_name>
    </step>
    <step num="3.">
      <text><![CDATA[Your text is now setup to begin in a new page.]]></text>
      <img_name>Images/48623_2.jpg</img_name>
    </step>
  </steps>
</skill>