<?xml version="1.0" standalone="yes"?>
<skill id="48625">
  <title><![CDATA[6.9 To add a box that you can type words into]]></title>
  <desc><![CDATA[]]></desc>
  <ModifiedDate>2008-05-29</ModifiedDate>
  <steps>
    <step num="1.">
      <text><![CDATA[<P>Click the <B>Insert</B> tab. In the <B>Text </B>group, click the <B>Text Box </B>arrow and pick <B>Draw Text Box.</B></P>]]></text>
      <img_name>Images/48625_0.jpg</img_name>
    </step>
    <step num="2.">
      <text><![CDATA[Hold down the mouse button, and drag to make a box.]]></text>
      <img_name>Images/48625_1.jpg</img_name>
    </step>
    <step num="3.">
      <text><![CDATA[Type your words.]]></text>
      <img_name>Images/48625_2.jpg</img_name>
    </step>
  </steps>
</skill>