<?xml version="1.0" standalone="yes"?>
<skill id="48629">
  <title><![CDATA[7.6 To remove or delete a row or many rows]]></title>
  <desc><![CDATA[]]></desc>
  <ModifiedDate>2008-05-29</ModifiedDate>
  <steps>
    <step num="1.">
      <text><![CDATA[Select the row or rows that you want to get rid of. (See Word Processing Skill: <A href="wp 7.3">To select a row or many rows</A>.)]]></text>
      <img_name>Images/48629_0.jpg</img_name>
    </step>
    <step num="2.">
      <text><![CDATA[<P>Click the <B>Layout</B> tab. In the <B>Rows &amp; Columns</B> group, click the <B>Delete</B> arrow.</P>
<P>Then, pick <B>Delete Rows.</B></P>]]></text>
      <img_name>Images/48629_1.jpg</img_name>
    </step>
  </steps>
</skill>