<?xml version="1.0" standalone="yes"?>
<skill id="48627">
  <title><![CDATA[6.10 To make a text box bigger or smaller]]></title>
  <desc><![CDATA[]]></desc>
  <ModifiedDate>2008-05-29</ModifiedDate>
  <steps>
    <step num="1.">
      <text><![CDATA[Click the text box. ]]></text>
      <img_name>Images/48627_0.jpg</img_name>
    </step>
    <step num="2.">
      <text><![CDATA[<P>To make the text box bigger, put the pointer over one of the circles along the text box’s border.</P>
<P>&nbsp;</P>Hold down the left mouse button and drag outward.]]></text>
      <img_name>Images/48627_1.jpg</img_name>
    </step>
    <step num="3.">
      <text><![CDATA[<P>To make the text box smaller, put the pointer over one of the circles along the text box’s border.</P>
<P>&nbsp;</P>Hold down the left mouse button and drag inward.]]></text>
      <img_name>Images/48627_2.jpg</img_name>
    </step>
  </steps>
</skill>