<?xml version="1.0" standalone="yes"?>
<skill id="48624">
  <title><![CDATA[7.3 To select a row or many rows]]></title>
  <desc><![CDATA[]]></desc>
  <ModifiedDate>2008-05-29</ModifiedDate>
  <steps>
    <step num="1.">
      <text><![CDATA[Click to put the cursor in the left cell of the row you want to select.]]></text>
      <img_name>Images/48624_0.jpg</img_name>
    </step>
    <step num="2.">
      <text><![CDATA[<P>Click the <B>Layout</B> tab. In the <B>Table</B> group, click the <B>Select</B> arrow.</P>
<P>Then, pick <B>Select Row</B>.</P>]]></text>
      <img_name>Images/48624_1.jpg</img_name>
    </step>
    <step num="3.">
      <text><![CDATA[You can also hold down the left mouse button and drag to select the entire row or multiple rows.]]></text>
      <img_name>Images/48624_2.jpg</img_name>
    </step>
  </steps>
</skill>