<?xml version="1.0" standalone="yes"?>
<skill id="48621">
  <title><![CDATA[6.7 To end the information in one column and start it in the next]]></title>
  <desc><![CDATA[]]></desc>
  <ModifiedDate>2008-05-29</ModifiedDate>
  <steps>
    <step num="1.">
      <text><![CDATA[Click to put the cursor after the last picture or word that you want in a column.]]></text>
      <img_name>Images/48621_0.jpg</img_name>
    </step>
    <step num="2.">
      <text><![CDATA[<P>Click the <B>Page Layout</B> tab. In the <B>Page Setup</B> group, click the <B>Breaks</B> arrow. Then, pick <B>Column.</B></P>]]></text>
      <img_name>Images/48621_1.jpg</img_name>
    </step>
    <step num="3.">
      <text><![CDATA[Your text is now setup to begin in a new column.]]></text>
      <img_name>Images/48621_2.jpg</img_name>
    </step>
  </steps>
</skill>