<?xml version="1.0" standalone="yes"?>
<skill id="48628">
  <title><![CDATA[7.5 To select an entire table]]></title>
  <desc><![CDATA[]]></desc>
  <ModifiedDate>2008-05-29</ModifiedDate>
  <steps>
    <step num="1.">
      <text><![CDATA[Click to put the cursor in the top-left cell of the table you want to select.]]></text>
      <img_name>Images/48628_0.jpg</img_name>
    </step>
    <step num="2a.">
      <text><![CDATA[<P>Click the <B>Layout</B> tab. In the <B>Table</B> group, click the <B>Select</B> arrow.</P>
<P>&nbsp;</P>
<P>Then, pick <B>Select Table.</B></P>]]></text>
      <img_name>Images/48628_1.jpg</img_name>
    </step>
    <step num="2b.">
      <text><![CDATA[You can also hold down the left mouse button and drag to select the entire table.]]></text>
      <img_name>Images/48628_2.jpg</img_name>
    </step>
  </steps>
</skill>