<?xml version="1.0" standalone="yes"?>
<skill id="48626">
  <title><![CDATA[7.4 To select a column or many columns]]></title>
  <desc><![CDATA[]]></desc>
  <ModifiedDate>2008-05-29</ModifiedDate>
  <steps>
    <step num="1.">
      <text><![CDATA[Click to put the cursor in the top cell of the column you want to select.]]></text>
      <img_name>Images/48626_0.jpg</img_name>
    </step>
    <step num="2.">
      <text><![CDATA[<P>Click the <B>Layout</B> tab. In the <B>Table</B> group, click the <B>Select</B> arrow.</P>
<P>Then, pick <B>Select Column.</B></P>]]></text>
      <img_name>Images/48626_1.jpg</img_name>
    </step>
    <step num="3.">
      <text><![CDATA[You can also hold down the left mouse button and drag to select the entire column or multiple columns.]]></text>
      <img_name>Images/48626_2.jpg</img_name>
    </step>
  </steps>
</skill>