<?xml version="1.0" standalone="yes"?>
<skill id="48636">
  <title><![CDATA[6.14 To line up several pictures, text boxes, or other objects]]></title>
  <desc><![CDATA[]]></desc>
  <ModifiedDate>2008-05-29</ModifiedDate>
  <steps>
    <step num="1a.">
      <text><![CDATA[Hold down the<B> Shift</B> key, and click the items you want to line up.&nbsp; ]]></text>
      <img_name>Images/48636_0.jpg</img_name>
    </step>
    <step num="1b.">
      <text><![CDATA[<P>Or, click the <B>Home</B> tab. In the <B>Editing</B> group, click the <B>Select </B>arrow. Then, pick <B>Select Objects </B>and drag a selection rectangle around the objects.<B> </B></P>]]></text>
      <img_name>Images/48636_1.jpg</img_name>
    </step>
    <step num="2a.">
      <text><![CDATA[<P>There are several options for how you can line up your objects. </P>
<P>&nbsp;</P>
<P><B>NOTE:</B> Pay attention to the little pictures next to each option. These will help you figure out which option to pick.</P>
<P>&nbsp;</P>
<P>Click the <B>Page Layout </B>tab. In the <B>Arrange</B> group, click the <B>Align</B> arrow. One option is to pick <B>Align Top</B>.</P>&nbsp;&nbsp; ]]></text>
      <img_name>Images/48636_2.jpg</img_name>
    </step>
    <step num="2b.">
      <text><![CDATA[<P>Another option is pick <B>Align Middle</B>.</P>]]></text>
      <img_name>Images/48636_3.jpg</img_name>
    </step>
    <step num="2c.">
      <text><![CDATA[<P>Another option is pick <B>Align Bottom</B>.</P>]]></text>
      <img_name>Images/48636_4.jpg</img_name>
    </step>
    <step num="2d.">
      <text><![CDATA[<P>Another option is to pick <B>Align Left</B>.</P>]]></text>
      <img_name>Images/48636_5.jpg</img_name>
    </step>
    <step num="2e.">
      <text><![CDATA[<P>Another option is to pick <B>Align Center</B>.</P>]]></text>
      <img_name>Images/48636_6.jpg</img_name>
    </step>
    <step num="2f.">
      <text><![CDATA[<P>Another option is to pick <B>Align Right</B>.</P>]]></text>
      <img_name>Images/48636_7.jpg</img_name>
    </step>
  </steps>
</skill>