<?xml version="1.0" standalone="yes"?>
<skill id="48637">
  <title><![CDATA[7.10 To add or insert a new column into a table]]></title>
  <desc><![CDATA[]]></desc>
  <ModifiedDate>2008-05-29</ModifiedDate>
  <steps>
    <step num="1.">
      <text><![CDATA[Select the column that you want to add a new column next to. (See Word Processing Skill: <A href="wp 7.4">To select a column or many columns</A>.)]]></text>
      <img_name>Images/48637_0.jpg</img_name>
    </step>
    <step num="2a.">
      <text><![CDATA[<P>To add a new column to the left of the selected column, click the <B>Layout</B> tab. In the <B>Rows &amp; Columns </B>group, click the <B>Insert</B> <B>Left</B> button.</P>]]></text>
      <img_name>Images/48637_1.jpg</img_name>
    </step>
    <step num="2b.">
      <text><![CDATA[Notice the new column is added to the left of the column you selected.]]></text>
      <img_name>Images/48637_2.jpg</img_name>
    </step>
    <step num="3a.">
      <text><![CDATA[<P>To add a new column to the right of the selected column, click the <B>Layout</B> tab. In the <B>Rows &amp; Columns </B>group, click the <B>Insert</B> <B>Right</B> button.</P>]]></text>
      <img_name>Images/48637_3.jpg</img_name>
    </step>
    <step num="3b.">
      <text><![CDATA[Notice the new column is added to the right of the column you selected.]]></text>
      <img_name>Images/48637_4.jpg</img_name>
    </step>
  </steps>
</skill>