<?xml version="1.0" standalone="yes"?>
<skill id="48633">
  <title><![CDATA[7.8 To remove or delete an entire table]]></title>
  <desc><![CDATA[]]></desc>
  <ModifiedDate>2008-05-29</ModifiedDate>
  <steps>
    <step num="1.">
      <text><![CDATA[Select the entire table that you want to get rid of. (See Word Processing Skill: <A href="wp 7.5">To select an entire table</A>.)]]></text>
      <img_name>Images/48633_0.jpg</img_name>
    </step>
    <step num="2.">
      <text><![CDATA[<P>Click the <B>Layout</B> tab. In the <B>Rows &amp; Columns</B> group, click the <B>Delete</B> arrow.</P>
<P>Then, pick <B>Delete Table.</B></P>]]></text>
      <img_name>Images/48633_1.jpg</img_name>
    </step>
  </steps>
</skill>