<?xml version="1.0" standalone="yes"?>
<skill id="48630">
  <title><![CDATA[6.11 To link text boxes so words flow from one into another]]></title>
  <desc><![CDATA[]]></desc>
  <ModifiedDate>2008-05-29</ModifiedDate>
  <steps>
    <step num="1.">
      <text><![CDATA[<P>Right-click the outer edge of the first text box.</P>
<P>&nbsp;</P>Pick <B>Create Text Box Link</B>.]]></text>
      <img_name>Images/48630_0.jpg</img_name>
    </step>
    <step num="2.">
      <text><![CDATA[Click inside an empty text box that you want the words to flow into.]]></text>
      <img_name>Images/48630_1.jpg</img_name>
    </step>
  </steps>
</skill>