<?xml version="1.0" standalone="yes"?>
<skill id="48632">
  <title><![CDATA[6.12 To add a border around the edges of a page]]></title>
  <desc><![CDATA[]]></desc>
  <ModifiedDate>2008-05-29</ModifiedDate>
  <steps>
    <step num="1.">
      <text><![CDATA[<P>Click the <B>Home</B> tab. In the <B>Paragraph </B>group, click the <B>Borders and Shading </B>arrow and pick <B>Borders and Shading.&nbsp;&nbsp; </B></P>]]></text>
      <img_name>Images/48632_0.jpg</img_name>
    </step>
    <step num="2.">
      <text><![CDATA[Click the <B>Page Border</B> tab.]]></text>
      <img_name>Images/48632_1.jpg</img_name>
    </step>
    <step num="3.">
      <text><![CDATA[Pick a line style. ]]></text>
      <img_name>Images/48632_2.jpg</img_name>
    </step>
    <step num="4.">
      <text><![CDATA[Click the <B>Color</B> arrow, and pick a line colour.]]></text>
      <img_name>Images/48632_3.jpg</img_name>
    </step>
    <step num="5.">
      <text><![CDATA[Click the <B>Width </B>arrow, and pick a line width.]]></text>
      <img_name>Images/48632_4.jpg</img_name>
    </step>
    <step num="6.">
      <text><![CDATA[If you want a colourful, artistic page border, click the <B>Art</B> arrow and pick a border.]]></text>
      <img_name>Images/48632_5.jpg</img_name>
    </step>
    <step num="7.">
      <text><![CDATA[Check the Preview box to make sure you like the new page border.]]></text>
      <img_name>Images/48632_6.jpg</img_name>
    </step>
    <step num="8.">
      <text><![CDATA[Click <B>OK</B>.]]></text>
      <img_name>Images/48632_7.jpg</img_name>
    </step>
  </steps>
</skill>