<?xml version="1.0" standalone="yes"?>
<skill id="48639">
  <title><![CDATA[7.11 To move a row]]></title>
  <desc><![CDATA[]]></desc>
  <ModifiedDate>2008-05-29</ModifiedDate>
  <steps>
    <step num="1.">
      <text><![CDATA[Select the row that you want to move. (See Word Processing Skill: <A href="wp 7.3">To select a row or many rows</A>.)]]></text>
      <img_name>Images/48639_0.jpg</img_name>
    </step>
    <step num="2.">
      <text><![CDATA[<P>Click the <B>Home</B> tab. In the <B>Clipboard</B> group, click the <B>Cut</B> button.</P>]]></text>
      <img_name>Images/48639_1.jpg</img_name>
    </step>
    <step num="3.">
      <text><![CDATA[<P>Click the row that you want to put the cut row above.</P>]]></text>
      <img_name>Images/48639_2.jpg</img_name>
    </step>
    <step num="4.">
      <text><![CDATA[<P>In the <B>Home</B> tab and <B>Clipboard</B> group, click the <B>Paste</B> button.</P>]]></text>
      <img_name>Images/48639_3.jpg</img_name>
    </step>
  </steps>
</skill>