<?xml version="1.0" standalone="yes"?>
<skill id="48635">
  <title><![CDATA[7.9 To add or insert a new row into a table]]></title>
  <desc><![CDATA[]]></desc>
  <ModifiedDate>2008-05-29</ModifiedDate>
  <steps>
    <step num="1.">
      <text><![CDATA[Select the row that you want to add a new row next to. (See Word Processing Skill: <A href="WP 7.3">To select a row or many rows</A>.)]]></text>
      <img_name>Images/48635_0.jpg</img_name>
    </step>
    <step num="2a.">
      <text><![CDATA[<P>To add a new row above the selected row, click the <B>Layout</B> tab. In the <B>Rows &amp; Columns </B>group, click the <B>Insert</B> <B>Above</B> button.</P>]]></text>
      <img_name>Images/48635_1.jpg</img_name>
    </step>
    <step num="2b.">
      <text><![CDATA[Notice the new row is added above the row you selected.]]></text>
      <img_name>Images/48635_2.jpg</img_name>
    </step>
    <step num="3a.">
      <text><![CDATA[<P>Or, to add a new row below the selected row, click the <B>Layout</B> tab. In the <B>Rows &amp; Columns </B>group, click the <B>Insert Below </B>button.</P>]]></text>
      <img_name>Images/48635_3.jpg</img_name>
    </step>
    <step num="3b.">
      <text><![CDATA[Notice the new row is added below the row you selected.]]></text>
      <img_name>Images/48635_4.jpg</img_name>
    </step>
  </steps>
</skill>