<?xml version="1.0" standalone="yes"?>
<skill id="48631">
  <title><![CDATA[7.7 To remove or delete a column or many columns]]></title>
  <desc><![CDATA[]]></desc>
  <ModifiedDate>2008-05-29</ModifiedDate>
  <steps>
    <step num="1.">
      <text><![CDATA[Select the column or columns that you want to get rid of. (See Word Processing Skill: <A href="WP 7.4">To select a column or many columns</A>.)]]></text>
      <img_name>Images/48631_0.jpg</img_name>
    </step>
    <step num="2.">
      <text><![CDATA[<P>Click the <B>Layout</B> tab. In the <B>Rows &amp; Columns</B> group, click the <B>Delete</B> arrow.</P>
<P>Then, pick <B>Delete Columns.</B></P>]]></text>
      <img_name>Images/48631_1.jpg</img_name>
    </step>
  </steps>
</skill>