<?xml version="1.0" standalone="yes"?>
<skill id="48638">
  <title><![CDATA[6.15 To even out the space between pictures, text boxes, and other objects]]></title>
  <desc><![CDATA[]]></desc>
  <ModifiedDate>2008-05-29</ModifiedDate>
  <steps>
    <step num="1a.">
      <text><![CDATA[Hold down the <B>Shift</B> key, and click the items you want to space out evenly.]]></text>
      <img_name>Images/48638_0.jpg</img_name>
    </step>
    <step num="1b.">
      <text><![CDATA[<P>Or, click the <B>Home</B> tab. In the <B>Editing</B> group, click the <B>Select </B>arrow. Then, pick <B>Select Objects </B>and drag a selection rectangle around the objects.<B> </B></P>]]></text>
      <img_name>Images/48638_1.jpg</img_name>
    </step>
    <step num="2a.">
      <text><![CDATA[<P>There are several options for how you can even out the spacing between objects. </P>
<P>&nbsp;</P>
<P>Click the <B>Page Layout </B>tab. In the <B>Arrange</B> group, click the <B>Align</B> arrow. </P>
<P>&nbsp;</P>
<P>One option is to pick <B>Distribute Horizontally</B> to evenly space apart the objects from left to right.</P>]]></text>
      <img_name>Images/48638_2.jpg</img_name>
    </step>
    <step num="2b.">
      <text><![CDATA[<P>Another option is to pick <B>Distribute Vertically</B> to evenly space out the objects from top to bottom.</P>]]></text>
      <img_name>Images/48638_3.jpg</img_name>
    </step>
  </steps>
</skill>