<?xml version="1.0" standalone="yes"?>
<skill id="48634">
  <title><![CDATA[6.13 To set the exact size of a picture, text box, or shape]]></title>
  <desc><![CDATA[]]></desc>
  <ModifiedDate>2008-05-29</ModifiedDate>
  <steps>
    <step num="1a.">
      <text><![CDATA[<P>To set the exact fontSize of a picture or piece of clip art, click that item. Then, click the <B>Format </B>tab. In the <B>Size</B> group, click the Size Dialog Box Launcher button. </P>]]></text>
      <img_name>Images/48634_0.jpg</img_name>
    </step>
    <step num="1b.">
      <text><![CDATA[<P>If you want to set the fontSize of a text box, click that item. Then, click the <B>Format</B> tab. In the <B>Size</B> group, click the Size Dialog Box Launcher button.</P>]]></text>
      <img_name>Images/48634_1.jpg</img_name>
    </step>
    <step num="1c.">
      <text><![CDATA[<P>If you want to fontSize a shape or line, click that item. Then, click the <B>Format</B> tab. In the <B>Size</B> group, click the Size Dialog Box Launcher button.</P>]]></text>
      <img_name>Images/48634_2.jpg</img_name>
    </step>
    <step num="2.">
      <text><![CDATA[Click the <B>Size </B>tab.]]></text>
      <img_name>Images/48634_3.jpg</img_name>
    </step>
    <step num="3.">
      <text><![CDATA[Use the <B>Height</B> and <B>Width </B>arrows to change the fontSize of the picture. You can also type the measurement you want in the boxes.]]></text>
      <img_name>Images/48634_4.jpg</img_name>
    </step>
    <step num="4.">
      <text><![CDATA[Click <B>OK</B>.]]></text>
      <img_name>Images/48634_5.jpg</img_name>
    </step>
  </steps>
</skill>