<?xml version="1.0" standalone="yes"?>
<skill id="48644">
  <title><![CDATA[6.18 To see how a document will look before you print it]]></title>
  <desc><![CDATA[]]></desc>
  <ModifiedDate>2008-05-29</ModifiedDate>
  <steps>
    <step num="1.">
      <text><![CDATA[<P>Click <B>Office Button. </B>Pick <B>Print</B> and then pick <B>Print</B> <B>Preview.</B> </P>]]></text>
      <img_name>Images/48644_0.jpg</img_name>
    </step>
    <step num="2.">
      <text><![CDATA[<P>Click <B>Close</B> <B>Print Preview</B> button to return to your document. </P>
<P>&nbsp;</P>
<P>Or, </P>
<P>&nbsp;</P>
<P>Click the <B>Print</B> button on the <B>Quick Access Toolbar</B> to print your document.</P>]]></text>
      <img_name>Images/48644_1.jpg</img_name>
    </step>
  </steps>
</skill>