<?xml version="1.0" standalone="yes"?>
<skill id="48645">
  <title><![CDATA[7.14 To divide or split a cell into many cells]]></title>
  <desc><![CDATA[]]></desc>
  <ModifiedDate>2008-05-29</ModifiedDate>
  <steps>
    <step num="1.">
      <text><![CDATA[Select the cell you want to split.]]></text>
      <img_name>Images/48645_0.jpg</img_name>
    </step>
    <step num="2.">
      <text><![CDATA[<P>Click the <B>Layout</B> tab. In the <B>Merge</B> group, click the <B>Split Cells</B> button.</P>]]></text>
      <img_name>Images/48645_1.jpg</img_name>
    </step>
    <step num="3a.">
      <text><![CDATA[In the <B>Number of columns</B> box, type the number of columns you want to split the cell into.]]></text>
      <img_name>Images/48645_2.jpg</img_name>
    </step>
    <step num="3b.">
      <text><![CDATA[Or, in the <B>Number of rows</B> box, type the number of rows you want to split the cell into.]]></text>
      <img_name>Images/48645_3.jpg</img_name>
    </step>
    <step num="4.">
      <text><![CDATA[Click <B>OK</B>.]]></text>
      <img_name>Images/48645_4.jpg</img_name>
    </step>
  </steps>
</skill>