<?xml version="1.0" standalone="yes"?>
<skill id="48648">
  <title><![CDATA[7.16 To change the position or alignment of information in a table]]></title>
  <desc><![CDATA[]]></desc>
  <ModifiedDate>2008-05-29</ModifiedDate>
  <steps>
    <step num="1.">
      <text><![CDATA[Select the words whose position you would like to change.]]></text>
      <img_name>Images/48648_0.jpg</img_name>
    </step>
    <step num="2.">
      <text><![CDATA[<P>To change the alignment of the words between the left and right borders of the cells, click the <B>Home</B> tab. In the <B>Paragraph</B> group, click the <B>Align Left</B>, <B>Centre</B>, or <B>Align Right</B> buttons. (See Word Processing Skill: <A href="wp 4.2">To change the left/right position or alignment of lines of words</A>.)</P>]]></text>
      <img_name>Images/48648_1.jpg</img_name>
    </step>
    <step num="3.">
      <text><![CDATA[<P>To change the alignment of the words between the top and bottom borders of the cells, click the <B>Layout</B> tab. In the <B>Table</B> group, click the <B>Properties</B> button.</P>]]></text>
      <img_name>Images/48648_2.jpg</img_name>
    </step>
    <step num="4.">
      <text><![CDATA[Pick the <B>Cell</B> tab.]]></text>
      <img_name>Images/48648_3.jpg</img_name>
    </step>
    <step num="5.">
      <text><![CDATA[Then, click the <B>Top</B>, <B>Centre</B>, or <B>Bottom</B> vertical alignment options.]]></text>
      <img_name>Images/48648_4.jpg</img_name>
    </step>
    <step num="6.">
      <text><![CDATA[Click <B>OK</B> when you are finished making changes.]]></text>
      <img_name>Images/48648_5.jpg</img_name>
    </step>
  </steps>
</skill>