<?xml version="1.0" standalone="yes"?>
<skill id="48643">
  <title><![CDATA[7.13 To put two or more cells together, or to merge them]]></title>
  <desc><![CDATA[]]></desc>
  <ModifiedDate>2008-05-29</ModifiedDate>
  <steps>
    <step num="1.">
      <text><![CDATA[Select the cells you want to put together, or merge.]]></text>
      <img_name>Images/48643_0.jpg</img_name>
    </step>
    <step num="2.">
      <text><![CDATA[<P>Click the <B>Layout</B> tab. In the <B>Merge</B> group, click the <B>Merge Cells</B> button.</P>]]></text>
      <img_name>Images/48643_1.jpg</img_name>
    </step>
    <step num="3.">
      <text><![CDATA[Notice that the cells you selected are combined, or merged together.]]></text>
      <img_name>Images/48643_2.jpg</img_name>
    </step>
  </steps>
</skill>