<?xml version="1.0" standalone="yes"?>
<skill id="48649">
  <title><![CDATA[7.17 To use a preset design to change the way a table looks]]></title>
  <desc><![CDATA[]]></desc>
  <ModifiedDate>2008-05-29</ModifiedDate>
  <steps>
    <step num="1.">
      <text><![CDATA[Select the entire table. (See Word Processing Skill: <A href="WP 7.5">To select an entire table</A>.)]]></text>
      <img_name>Images/48649_0.jpg</img_name>
    </step>
    <step num="2.">
      <text><![CDATA[<P>Click the <B>Design</B> tab. In the <B>Table Styles</B> group, pick one of the styles from the Table Styles box.</P>]]></text>
      <img_name>Images/48649_1.jpg</img_name>
    </step>
    <step num="3.">
      <text><![CDATA[<P>In the Design tab and <B>Table Style Options </B>group, click the boxes to change the look of important rows and columns.</P>]]></text>
      <img_name>Images/48649_2.jpg</img_name>
    </step>
    <step num="4.">
      <text><![CDATA[Notice that the options you pick will change the look of the table.]]></text>
      <img_name>Images/48649_3.jpg</img_name>
    </step>
  </steps>
</skill>