<?xml version="1.0" standalone="yes"?>
<skill id="48642">
  <title><![CDATA[6.17 To set up a document with a different first page]]></title>
  <desc><![CDATA[]]></desc>
  <ModifiedDate>2008-05-29</ModifiedDate>
  <steps>
    <step num="1.">
      <text><![CDATA[<P>Click the <B>Page Layout</B> tab. In the <B>Page Setup</B> group, click the Page Setup Dialog Box Launcher<B> </B>button. </P>]]></text>
      <img_name>Images/48642_0.jpg</img_name>
    </step>
    <step num="2.">
      <text><![CDATA[Click the <B>Layout</B> tab.]]></text>
      <img_name>Images/48642_1.jpg</img_name>
    </step>
    <step num="3.">
      <text><![CDATA[<P>Click the <B>Different first page</B> box, and then click <B>OK</B>. </P>
<P>&nbsp;</P><B>NOTE:</B> This feature is normally used for documents with headers and footers that you might not want on a title page.]]></text>
      <img_name>Images/48642_2.jpg</img_name>
    </step>
  </steps>
</skill>