<?xml version="1.0" standalone="yes"?>
<skill id="48646">
  <title><![CDATA[6.19 To pick and use a design theme]]></title>
  <desc><![CDATA[]]></desc>
  <ModifiedDate>2008-05-29</ModifiedDate>
  <steps>
    <step num="1.">
      <text><![CDATA[<P>Click the <B>Page Layout</B> tab. In the <B>Themes</B> group, click the <B>Themes </B>arrow. </P>]]></text>
      <img_name>Images/48646_0.jpg</img_name>
    </step>
    <step num="2.">
      <text><![CDATA[Pick one of the design themes.]]></text>
      <img_name>Images/48646_1.jpg</img_name>
    </step>
  </steps>
</skill>