<?xml version="1.0" standalone="yes"?>
<skill id="48641">
  <title><![CDATA[7.12 To move a column]]></title>
  <desc><![CDATA[]]></desc>
  <ModifiedDate>2008-05-29</ModifiedDate>
  <steps>
    <step num="1.">
      <text><![CDATA[Select the column that you want to move. (See Word Processing Skill: <A href="WP 7.4">To select a column or many columns</A>.)]]></text>
      <img_name>Images/48641_0.jpg</img_name>
    </step>
    <step num="2.">
      <text><![CDATA[<P>Click the <B>Home</B> tab. In the <B>Clipboard</B> group, click the <B>Cut</B> button.</P>]]></text>
      <img_name>Images/48641_1.jpg</img_name>
    </step>
    <step num="3.">
      <text><![CDATA[<P>Click the column that you want to put the cut column in front of.</P>]]></text>
      <img_name>Images/48641_2.jpg</img_name>
    </step>
    <step num="4.">
      <text><![CDATA[<P>In the <B>Home</B> tab and <B>Clipboard</B> group, click the <B>Paste</B> button.</P>]]></text>
      <img_name>Images/48641_3.jpg</img_name>
    </step>
  </steps>
</skill>