<?xml version="1.0" standalone="yes"?>
<skill id="48647">
  <title><![CDATA[7.15 To automatically change the width of all the columns in a table]]></title>
  <desc><![CDATA[]]></desc>
  <ModifiedDate>2008-05-29</ModifiedDate>
  <steps>
    <step num="1.">
      <text><![CDATA[Click any cell in the table.]]></text>
      <img_name>Images/48647_0.jpg</img_name>
    </step>
    <step num="2a.">
      <text><![CDATA[<P>There are several ways to change the width of columns in a table.</P>
<P>To change the width of the table’s columns to fit the information, click the <B>Layout</B> tab<B>. </B>In the <B>Cell Size</B> group, click the <B>AutoFit </B>arrow<B> </B>and<B> </B>then<B> </B>pick<B>&nbsp;AutoFit Contents.</B></P>]]></text>
      <img_name>Images/48647_1.jpg</img_name>
    </step>
    <step num="2b.">
      <text><![CDATA[Notice the column widths are changed based on the information in the table.]]></text>
      <img_name>Images/48647_2.jpg</img_name>
    </step>
    <step num="3a.">
      <text><![CDATA[<P>Or, to make all of the table’s columns the same width, click the <B>Layout</B> tab. In the <B>Cell Size</B> group, click the <B>Distribute Columns </B>button.</P>]]></text>
      <img_name>Images/48647_3.jpg</img_name>
    </step>
    <step num="3b.">
      <text><![CDATA[Notice the column widths are changed to be all the same width.]]></text>
      <img_name>Images/48647_4.jpg</img_name>
    </step>
    <step num="4.">
      <text><![CDATA[Or, if you want to change the width of only one column, you can also put the pointer over one of that column’s borders, hold down the left mouse button, and drag.]]></text>
      <img_name>Images/48647_5.jpg</img_name>
    </step>
  </steps>
</skill>