<?xml version="1.0" standalone="yes"?>
<skill id="48640">
  <title><![CDATA[6.16 To add repeated information at the top and bottom of your pages, or to add headers and footers]]></title>
  <desc><![CDATA[]]></desc>
  <ModifiedDate>2008-05-29</ModifiedDate>
  <steps>
    <step num="1.">
      <text><![CDATA[<P>Click the <B>Insert</B> tab. In the <B>Header &amp; Footer </B>group, click the <B>Header</B> arrow and pick a Header design.&nbsp;&nbsp; </P>&nbsp;&nbsp; ]]></text>
      <img_name>Images/48640_0.jpg</img_name>
    </step>
    <step num="2.">
      <text><![CDATA[<P>In the <B>Header </B>box at the top of the page, type any words that you want at the top of every page in your document. </P>
<P>&nbsp;</P><B>NOTE:</B> Headers are especially good for putting titles and even your name at the top of each page.]]></text>
      <img_name>Images/48640_1.jpg</img_name>
    </step>
    <step num="3.">
      <text><![CDATA[<P>In the <B>Design</B> tab and <B>Navigation</B> group, click the <B>Go to Footer</B> button. Here you can type words that you want at the bottom of every page in your document. </P>
<P>&nbsp;</P><B>NOTE:</B> The Header &amp; Footer Tools are usually visible on the Ribbon when you select Header/Footer.]]></text>
      <img_name>Images/48640_2.jpg</img_name>
    </step>
    <step num="4a.">
      <text><![CDATA[<P>Many people like to put dates, time and page numbers in the footer. To add the date, in the <B>Design</B> tab and <B>Insert</B> group, click the <B>Date &amp; Time</B> button. Pick a date from the Available formats. </P>
<P>&nbsp;</P>
<P>Click <B>OK.</B> </P>
<P>&nbsp;</P>
<P>Then, press the <B>Tab</B> key once. </P>]]></text>
      <img_name>Images/48640_3.jpg</img_name>
    </step>
    <step num="4b.">
      <text><![CDATA[<P>To add the time, in the <B>Design</B> tab and <B>Insert</B> group, click the <B>Date &amp; Time</B> button. Pick a time from the Available formats.&nbsp; </P>
<P>&nbsp;</P>
<P>Click <B>OK.</B> </P>
<P>&nbsp;</P>Then, press the <B>Tab</B> key once.]]></text>
      <img_name>Images/48640_4.jpg</img_name>
    </step>
    <step num="4c.">
      <text><![CDATA[<P>To add the page number, in the <B>Design</B> tab and <B>Header &amp; Footer</B> group, click the <B>Page Number </B>arrow. Pick <B>Top of Page.</B> Then pick a format style to apply the page number on top of the page. </P>]]></text>
      <img_name>Images/48640_5.jpg</img_name>
    </step>
    <step num="4d.">
      <text><![CDATA[Or, pick <B>Bottom of Page</B>. Then, pick a&nbsp;&nbsp; format style to apply the page number at the bottom of the page.]]></text>
      <img_name>Images/48640_6.jpg</img_name>
    </step>
    <step num="4e.">
      <text><![CDATA[Or, pick <B>Page Margins</B>. Then, pick a&nbsp;&nbsp; format style to apply the page number on the margins of the page.]]></text>
      <img_name>Images/48640_7.jpg</img_name>
    </step>
    <step num="4f.">
      <text><![CDATA[Or, pick <B>Current Position</B>. Then, pick a&nbsp;&nbsp; format style to apply a design to the existing page number.]]></text>
      <img_name>Images/48640_8.jpg</img_name>
    </step>
    <step num="5.">
      <text><![CDATA[
<P>When you are done, in the <B>Close</B> group, click the <B>Close Header and Footer </B>button.</P>]]></text>
      <img_name>Images/48640_9.jpg</img_name>
    </step>
  </steps>
</skill>