<?xml version="1.0" standalone="yes"?>
<skill id="48650">
  <title><![CDATA[7.18 To make your own changes to the way your table looks]]></title>
  <desc><![CDATA[]]></desc>
  <ModifiedDate>2008-05-29</ModifiedDate>
  <steps>
    <step num="1.">
      <text><![CDATA[Select the cells, rows, or columns that you want to change the look of. You can also select the entire table if you want.]]></text>
      <img_name>Images/48650_0.jpg</img_name>
    </step>
    <step num="2.">
      <text><![CDATA[<P>Click the <B>Design</B> tab. In the <B>Draw Borders </B>group, click the Draw Borders Dialog Box Launcher button.</P>]]></text>
      <img_name>Images/48650_1.jpg</img_name>
    </step>
    <step num="3.">
      <text><![CDATA[Click the <B>Borders</B> tab.]]></text>
      <img_name>Images/48650_2.jpg</img_name>
    </step>
    <step num="4.">
      <text><![CDATA[Pick a line style.]]></text>
      <img_name>Images/48650_3.jpg</img_name>
    </step>
    <step num="5.">
      <text><![CDATA[Pick a line colour.]]></text>
      <img_name>Images/48650_4.jpg</img_name>
    </step>
    <step num="6.">
      <text><![CDATA[Pick a line width.]]></text>
      <img_name>Images/48650_5.jpg</img_name>
    </step>
    <step num="7.">
      <text><![CDATA[Then, click <B>OK</B>.]]></text>
      <img_name>Images/48650_6.jpg</img_name>
    </step>
    <step num="8.">
      <text><![CDATA[To add a fill colour, or shading, select a group of cells.]]></text>
      <img_name>Images/48650_7.jpg</img_name>
    </step>
    <step num="9.">
      <text><![CDATA[<P>Click the <B>Design</B> tab. In the <B>Draw Borders </B>group, click the Draw Borders Dialog Box Launcher button.</P>]]></text>
      <img_name>Images/48650_8.jpg</img_name>
    </step>
    <step num="10.">
      <text><![CDATA[Click the <B>Shading</B> tab.]]></text>
      <img_name>Images/48650_9.jpg</img_name>
    </step>
    <step num="11.">
      <text><![CDATA[Pick a fill colour.]]></text>
      <img_name>Images/48650_10.jpg</img_name>
    </step>
    <step num="12.">
      <text><![CDATA[Click <B>OK</B>.]]></text>
      <img_name>Images/48650_11.jpg</img_name>
    </step>
    <step num="13.">
      <text><![CDATA[The look of the words can also be changed. First, select the words whose look you want to change.]]></text>
      <img_name>Images/48650_12.jpg</img_name>
    </step>
    <step num="14.">
      <text><![CDATA[Then, pick a different font, fontSize, and style. (See Word Processing Group: Changing the Look of Your Words.)]]></text>
      <img_name>Images/48650_13.jpg</img_name>
    </step>
  </steps>
</skill>