<?xml version="1.0" standalone="yes"?>
<skill id="48651">
  <title><![CDATA[7.19 To sort or change the order of rows based on certain information]]></title>
  <desc><![CDATA[]]></desc>
  <ModifiedDate>2008-05-29</ModifiedDate>
  <steps>
    <step num="1.">
      <text><![CDATA[Select all of the rows that you want to put in a different order.]]></text>
      <img_name>Images/48651_0.jpg</img_name>
    </step>
    <step num="2.">
      <text><![CDATA[<P>Click the <B>Layout</B> tab. In the <B>Data </B>group, click the <B>Sort</B> button.</P>]]></text>
      <img_name>Images/48651_1.jpg</img_name>
    </step>
    <step num="3a.">
      <text><![CDATA[In the <B>Sort by</B> box, pick the column in the menu that contains the information you want to sort.]]></text>
      <img_name>Images/48651_2.jpg</img_name>
    </step>
    <step num="3b.">
      <text><![CDATA[<P>Or, in the <B>Type</B> box, pick the type of information you want to sort by in the menu.</P>]]></text>
      <img_name>Images/48651_3.jpg</img_name>
    </step>
    <step num="4a.">
      <text><![CDATA[<P>Pick <B>Ascending</B> to put the information in alphabetical order or in numeric order from the lowest to highest. </P>
<P>&nbsp;</P>Then, click <B>OK</B>.]]></text>
      <img_name>Images/48651_4.jpg</img_name>
    </step>
    <step num="4b.">
      <text><![CDATA[<P>Pick <B>Descending</B> to put the information in reverse alphabetical order or in numeric order from highest to lowest. </P>
<P>&nbsp;</P>Then, click <B>OK</B>.]]></text>
      <img_name>Images/48651_5.jpg</img_name>
    </step>
  </steps>
</skill>