<?xml version="1.0" standalone="yes"?>
<skill id="48655">
  <title><![CDATA[4.12 To insert another document as an object]]></title>
  <desc><![CDATA[]]></desc>
  <ModifiedDate>2008-05-29</ModifiedDate>
  <steps>
    <step num="1.">
      <text><![CDATA[Click the cell where you want to insert a document.]]></text>
      <img_name>Images/48655_0.jpg</img_name>
    </step>
    <step num="2.">
      <text><![CDATA[<P>Click the <B>Insert</B> tab. In the <B>Text</B> group, click<B> Object</B>.</P>]]></text>
      <img_name>Images/48655_1.jpg</img_name>
    </step>
    <step num="3.">
      <text><![CDATA[Click the <B>Create from File</B> tab.]]></text>
      <img_name>Images/48655_2.jpg</img_name>
    </step>
    <step num="4.">
      <text><![CDATA[<P>Click <B>Link to file</B> to ensure that any changes you make to the original file will be reflected in the inserted file as well. </P>
<P>&nbsp;</P>Or, click <B>Display as icon</B> to insert a document icon that you can double-click to open the document in a new window.]]></text>
      <img_name>Images/48655_3.jpg</img_name>
    </step>
    <step num="5.">
      <text><![CDATA[Then, click <B>Browse</B>.]]></text>
      <img_name>Images/48655_4.jpg</img_name>
    </step>
    <step num="6.">
      <text><![CDATA[
<P>Browse <B>Folders</B>, and then find and click the file you want to add to your spreadsheet.</P>]]></text>
      <img_name>Images/48655_5.jpg</img_name>
    </step>
    <step num="7.">
      <text><![CDATA[Then, click<B> Insert</B>.]]></text>
      <img_name>Images/48655_6.jpg</img_name>
    </step>
    <step num="8.">
      <text><![CDATA[<P>If you chose <B>Display as icon </B>in Step 4, you can change the icon or its caption. Click the <B>Change icon</B> button. </P>
<P>&nbsp;</P>Pick a new icon. ]]></text>
      <img_name>Images/48655_7.jpg</img_name>
    </step>
    <step num="9.">
      <text><![CDATA[Type a new caption and click <B>OK</B>.]]></text>
      <img_name>Images/48655_8.jpg</img_name>
    </step>
    <step num="10.">
      <text><![CDATA[<P>Click <B>OK</B>.</P>&nbsp;&nbsp;&nbsp;&nbsp;&nbsp;&nbsp; ]]></text>
      <img_name>Images/48655_9.jpg</img_name>
    </step>
    <step num="11.">
      <text><![CDATA[If you clicked <B>Link to file</B> in Step 4, the first page of the document will display right in your worksheet.]]></text>
      <img_name>Images/48655_10.jpg</img_name>
    </step>
    <step num="12.">
      <text><![CDATA[If you clicked <B>Display as icon</B> in Step 4, a document icon will display in your worksheet.]]></text>
      <img_name>Images/48655_11.jpg</img_name>
    </step>
  </steps>
</skill>