<?xml version="1.0" standalone="yes"?>
<skill id="48652">
  <title><![CDATA[1.10 To save a presentation as a Web page]]></title>
  <desc><![CDATA[]]></desc>
  <ModifiedDate>2008-05-29</ModifiedDate>
  <steps>
    <step num="1.">
      <text><![CDATA[<P>Click the <B>Office Button. </B>Then click<B> Save As.</B></P>]]></text>
      <img_name>Images/48652_0.jpg</img_name>
    </step>
    <step num="2.">
      <text><![CDATA[Browse<B> Folders </B>and then find the place where you are supposed to save your work.]]></text>
      <img_name>Images/48652_1.jpg</img_name>
    </step>
    <step num="3.">
      <text><![CDATA[<P>Click the Save as type arrow and pick <B>Single File Web Page</B>, a Multipurpose Internet Mail Extension HTML Format which allows you to save any HTML content by embedding all the graphics and links on that page. MHT files can only be viewed with the Internet Explorer 5.0* (or above) web browser. </P>]]></text>
      <img_name>Images/48652_2.jpg</img_name>
    </step>
    <step num="4.">
      <text><![CDATA[Click the Save as type arrow and pick <B>Web page</B>.]]></text>
      <img_name>Images/48652_3.jpg</img_name>
    </step>
    <step num="5.">
      <text><![CDATA[Click the <B>Publish</B> button.]]></text>
      <img_name>Images/48652_4.jpg</img_name>
    </step>
    <step num="6.">
      <text><![CDATA[Click <B>Complete presentation</B> to put all of the slides in the Web page.]]></text>
      <img_name>Images/48652_5.jpg</img_name>
    </step>
    <step num="7.">
      <text><![CDATA[Click <B>Publish</B> again.]]></text>
      <img_name>Images/48652_6.jpg</img_name>
    </step>
  </steps>
</skill>