<?xml version="1.0" standalone="yes"?>
<skill id="48654">
  <title><![CDATA[2.5 To move between slides]]></title>
  <desc><![CDATA[]]></desc>
  <ModifiedDate>2008-05-29</ModifiedDate>
  <steps>
    <step num="1.">
      <text><![CDATA[To go to the next slide, click the <B>Next Slide</B> button.]]></text>
      <img_name>Images/48654_0.jpg</img_name>
    </step>
    <step num="2.">
      <text><![CDATA[To go back one slide, click the <B>Previous Slide</B> button. ]]></text>
      <img_name>Images/48654_1.jpg</img_name>
    </step>
    <step num="3.">
      <text><![CDATA[To go to a specific slide, you can go to the Outline pane or the Slides pane and click the slide you want to go to.]]></text>
      <img_name>Images/48654_2.jpg</img_name>
    </step>
    <step num="4.">
      <text><![CDATA[To scroll between slides, drag the scroll bar.]]></text>
      <img_name>Images/48654_3.jpg</img_name>
    </step>
  </steps>
</skill>