<?xml version="1.0" standalone="yes"?>
<skill id="48653">
  <title><![CDATA[7.8 To insert another document as an object]]></title>
  <desc><![CDATA[]]></desc>
  <ModifiedDate>2008-05-29</ModifiedDate>
  <steps>
    <step num="1a.">
      <text><![CDATA[Look at your slide in Outline format. (See Multimedia Skill: <A href="MM 2.2">To switch to and work in Outline format</A>.)]]></text>
      <img_name>Images/48653_0.jpg</img_name>
    </step>
    <step num="1b.">
      <text><![CDATA[Or, look at your slide in Slides format. (See Multimedia Skill: <A href="MM 2.3">To switch to and work in Slides format</A>.)]]></text>
      <img_name>Images/48653_1.jpg</img_name>
    </step>
    <step num="2.">
      <text><![CDATA[<P>Click the <B>Insert</B> tab. In the <B>Text</B> group, click the <B>Object </B>button. </P>]]></text>
      <img_name>Images/48653_2.jpg</img_name>
    </step>
    <step num="3.">
      <text><![CDATA[Click <B>Create from file</B>, and then click <B>Browse</B>.]]></text>
      <img_name>Images/48653_3.jpg</img_name>
    </step>
    <step num="4.">
      <text><![CDATA[<P>Browse <B>Folders</B> and find the file you want to insert.</P>]]></text>
      <img_name>Images/48653_4.jpg</img_name>
    </step>
    <step num="5.">
      <text><![CDATA[Click the document file, and then click <B>OK</B>.]]></text>
      <img_name>Images/48653_5.jpg</img_name>
    </step>
    <step num="6.">
      <text><![CDATA[Click <B>OK</B> again.]]></text>
      <img_name>Images/48653_6.jpg</img_name>
    </step>
    <step num="7.">
      <text><![CDATA[Move the document object as needed. ]]></text>
      <img_name>Images/48653_7.jpg</img_name>
    </step>
    <step num="8.">
      <text><![CDATA[RefontSize the object as needed.]]></text>
      <img_name>Images/48653_8.jpg</img_name>
    </step>
  </steps>
</skill>