<?xml version="1.0" standalone="yes"?>
<skill id="85188">
  <title><![CDATA[4.16 To add check boxes]]></title>
  <desc><![CDATA[]]></desc>
  <ModifiedDate>2010-02-09</ModifiedDate>
  <steps>
    <step num="1a.">
      <text><![CDATA[<P>Click the <B>Office Button</B>.</P>
<P>Then, click <B>Excel Options</B>. </P>]]></text>
      <img_name>Images/85188_0.jpg</img_name>
    </step>
    <step num="1b.">
      <text><![CDATA[Pick <B>Popular</B>. Checkmark <B>Show Developer tab in the Ribbon</B>. Click <B>OK</B>.&nbsp;&nbsp; ]]></text>
      <img_name>Images/85188_1.jpg</img_name>
    </step>
    <step num="2.">
      <text><![CDATA[<P>Notice the <B>Developer</B> tab appears on the Ribbon.</P>]]></text>
      <img_name>Images/85188_2.jpg</img_name>
    </step>
    <step num="3. ">
      <text><![CDATA[Click the cell that you want to add information. Type the text that that will precede the check boxes, such as a question or directions. ]]></text>
      <img_name>Images/85188_3.jpg</img_name>
    </step>
    <step num="4.">
      <text><![CDATA[<P>To add check boxes, click the <B>Developer</B> tab. In the <B>Controls</B> group, click <B>Insert</B>. Then, click the <B>Check Box (ActiveX Control) </B>button. </P>Then, click and drag in the location where you want to add the check box.]]></text>
      <img_name>Images/85188_4.jpg</img_name>
    </step>
    <step num="5.">
      <text><![CDATA[Right click the Check Box button. Click&nbsp;<B>CheckBox Object | Edit</B>.]]></text>
      <img_name>Images/85188_5.jpg</img_name>
    </step>
    <step num="6.">
      <text><![CDATA[Select the default text and type one answer for people to pick.]]></text>
      <img_name>Images/85188_6.jpg</img_name>
    </step>
    <step num="7.">
      <text><![CDATA[<P>Add more check boxes and text labels. </P>Resize the check boxes. (For help, see Graphic Skill: <A href="GR 6.4">To make a line, shape, or another object bigger or smaller</A>)]]></text>
      <img_name>Images/85188_7.jpg</img_name>
    </step>
    <step num="8.">
      <text><![CDATA[<P>Click the <B>Design Mode</B> button on the <B>Controls </B>group. </P>]]></text>
      <img_name>Images/85188_8.jpg</img_name>
    </step>
  </steps>
</skill>