<?xml version="1.0" standalone="yes"?>
<skill id="85187">
  <title><![CDATA[6.9 To create an Organizational Chart]]></title>
  <desc><![CDATA[]]></desc>
  <ModifiedDate>2010-02-09</ModifiedDate>
  <steps>
    <step num="1a.">
      <text><![CDATA[Look at your slide in Outline format. (See Multimedia Skill: <A href="MM 2.2">To switch to and work in Outline format</A>.)]]></text>
      <img_name>Images/85187_0.jpg</img_name>
    </step>
    <step num="1b.">
      <text><![CDATA[Or, look at your slide in Slides format. (See Multimedia Skill: <A href="MM 2.3">To switch to and work in Slides format</A>.)]]></text>
      <img_name>Images/85187_1.jpg</img_name>
    </step>
    <step num="2a.">
      <text><![CDATA[Click the <B>Insert</B> tab. In the <B>Illustrations</B> group, click <B>SmartArt</B>.]]></text>
      <img_name>Images/85187_2.jpg</img_name>
    </step>
    <step num="2b.">
      <text><![CDATA[<P>Click <B>Hierarchy</B>. </P>

<P>Then, pick an organizational chart. </P>
Click <B>OK</B>. ]]></text>
      <img_name>Images/85187_3.jpg</img_name>
    </step>
    <step num="2c.">
      <text><![CDATA[<P>Or, if you have added a slide layout with Title and content, click the SmartArt Graphic icon. </P>Then, repeat Step 2b. (For more information about slide layout,&nbsp; see&nbsp; Multimedia skill: <A href="MM 4.4">To change a slide’s current layout</A>)]]></text>
      <img_name>Images/85187_4.jpg</img_name>
    </step>
    <step num="3a.">
      <text><![CDATA[<P>To add words to a shape, click inside the shape.</P>
Then, type your new words.]]></text>
      <img_name>Images/85187_5.jpg</img_name>
    </step>
    <step num="3b.">
      <text><![CDATA[<P>Or, click the <B>Design</B> tab. In the <b>Create Graphic</b> group, click<B> Text Pane</B>. </P>
<P>Type your new words. </P>Click <B>Text Pane</B> to close the text pane.]]></text>
      <img_name>Images/85187_6.jpg</img_name>
    </step>
    <step num="4a.">
      <text><![CDATA[To add a shape, click an existing shape. ]]></text>
      <img_name>Images/85187_7.jpg</img_name>
    </step>
    <step num="4b.">
      <text><![CDATA[<P>Click the <B>Design</B> tab. In the <B>Create Graphic</B> group, click the <B>Add Shape</B> arrow. </P>]]></text>
      <img_name>Images/85187_8.jpg</img_name>
    </step>
    <step num="4c.">
      <text><![CDATA[Pick <B>Add Shape After </B>to add a new connected shape after the selected shape.]]></text>
      <img_name>Images/85187_9.jpg</img_name>
    </step>
    <step num="4d.">
      <text><![CDATA[Or, pick<B> Add Shape Before</B> to add a new connected shape before the selected shape.]]></text>
      <img_name>Images/85187_10.jpg</img_name>
    </step>
    <step num="4e.">
      <text><![CDATA[Or, pick<B> Add Shape Above</B> to place a new shape above the selected shape.]]></text>
      <img_name>Images/85187_11.jpg</img_name>
    </step>
    <step num="4f.">
      <text><![CDATA[Or, pick<B> Add Shape Below</B> to place a new shape below the selected shape.]]></text>
      <img_name>Images/85187_12.jpg</img_name>
    </step>
    <step num="4g.">
      <text><![CDATA[Or, pick<B> Add Assistant</B> to place a new shape below the selected shape with an elbow connector.]]></text>
      <img_name>Images/85187_13.jpg</img_name>
    </step>
    <step num="5a.">
      <text><![CDATA[To add a preset design scheme, click the <B>Design tab. </B>&nbsp;In the <B>SmartArt Styles</B> group, pick a design from the gallery.&nbsp; ]]></text>
      <img_name>Images/85187_14.jpg</img_name>
    </step>
    <step num="5b.">
      <text><![CDATA[To add a preset colour scheme, click the <B>Design tab. </B>&nbsp;In the <B>SmartArt Styles</B> group, click the <B>Change Colors</B> arrow.&nbsp; ]]></text>
      <img_name>Images/85187_15.jpg</img_name>
    </step>
    <step num="5c.">
      <text><![CDATA[Pick one of the theme colours.]]></text>
      <img_name>Images/85187_16.jpg</img_name>
    </step>
    <step num="6a.">
      <text><![CDATA[To change the layout of the Organisation Chart, click any shape.]]></text>
      <img_name>Images/85187_17.jpg</img_name>
    </step>
    <step num="6b.">
      <text><![CDATA[<P>Then, click the <B>Layout</B> arrow in the Design tab and Create Graphic group. </P>

<P>Pick one of the layout options.</P>]]></text>
      <img_name>Images/85187_18.jpg</img_name>
    </step>
    <step num="7a.">
      <text><![CDATA[<P>If you want to move the chart, click the outer edge of the chart. Hold down the left mouse button and drag to move the chart. </P>]]></text>
      <img_name>Images/85187_19.jpg</img_name>
    </step>
    <step num="7b.">
      <text><![CDATA[<P>If your chart’s wrapping is set in line with the text, you cannot drag to move it. </P>

<P>Instead, click the<B> Home </B>tab. In the <B>Clipboard</B> group, click <B>Cut </B>to remove the chart from its current place.</P>]]></text>
      <img_name>Images/85187_20.jpg</img_name>
    </step>
    <step num="7c.">
      <text><![CDATA[<P>Then, put the cursor where you want the chart to go. Click the <B>Home</B> tab. In the <B>Clipboard</B> group, click <B>Paste.</B></P>]]></text>
      <img_name>Images/85187_21.jpg</img_name>
    </step>
    <step num="8a.">
      <text><![CDATA[To delete your chart, click the chart’s outer edge.]]></text>
      <img_name>Images/85187_22.jpg</img_name>
    </step>
    <step num="8b.">
      <text><![CDATA[Then, press the <B>Delete</B> key on the keyboard.]]></text>
      <img_name>Images/85187_23.jpg</img_name>
    </step>
  </steps>
</skill>