﻿<?xml version="1.0" standalone="yes"?>
<skill id="85189">
  <title><![CDATA[10.15 To add check boxes]]></title>
  <desc><![CDATA[]]></desc>
  <ModifiedDate>2010-02-09</ModifiedDate>
  <steps>
    <step num="1a.">
      <text><![CDATA[<P>Click the <B>Office Button</B>.</P>
<P>Then, click <B>Word Options</B>. </P>]]></text>
      <img_name>Images/85189_0.jpg</img_name>
    </step>
    <step num="1b.">
      <text><![CDATA[Pick <B>Popular</B>. Checkmark <B>Show Developer tab in the Ribbon</B>. Click <B>OK</B>.]]></text>
      <img_name>Images/85189_1.jpg</img_name>
    </step>
    <step num="2.">
      <text><![CDATA[<P>Notice the <B>Developer</B> tab appears on the Ribbon.</P>]]></text>
      <img_name>Images/85189_2.jpg</img_name>
    </step>
    <step num="3.">
      <text><![CDATA[Type the text that will introduce the check boxes, such as a question or directions.]]></text>
      <img_name>Images/85189_3.jpg</img_name>
    </step>
    <step num="4.">
      <text><![CDATA[<P>To add check boxes, click where you want to add the first check box item, and then click the <B>Developer</B> tab. In the <B>Controls</B> group, click <B>Legacy Tools</B>. Then, click the <B>Check Box (ActiveX Control) </B>button. </P>]]></text>
      <img_name>Images/85189_4.jpg</img_name>
    </step>
    <step num="5.">
      <text><![CDATA[Right click the Check Box button. Click <B>CheckBox Object | Edit</B>. ]]></text>
      <img_name>Images/85189_5.jpg</img_name>
    </step>
    <step num="6.">
      <text><![CDATA[<P>Select the default text, and type a text label for the check box.</P>

<P>Add more check boxes and labels.</P>
Resize the boxes. (For help, see Graphic Skill: <A href="GR 6.4">To make a line, shape, or another object bigger or smaller</A>) ]]></text>
      <img_name>Images/85189_6.jpg</img_name>
    </step>
    <step num="7.">
      <text><![CDATA[<P>When you finish creating the form, click the <B>Design Mode</B> button on the Controls group. </P>]]></text>
      <img_name>Images/85189_7.jpg</img_name>
    </step>
    <step num="8a.">
      <text><![CDATA[<P>To add a password to the form’s protection, in the Developer tab and <B>Protect</B> group, click the <B>Protect Document</B> arrow.</P>
<P>Then, click <B>Restrict Formatting and Editing</B>. </P>]]></text>
      <img_name>Images/85189_8.jpg</img_name>
    </step>
    <step num="8b.">
      <text><![CDATA[<P>In the Restrict Formatting and Editing pane, click <B>Allow only this type of editing in the document</B>. </P>]]></text>
      <img_name>Images/85189_9.jpg</img_name>
    </step>
    <step num="8c.">
      <text><![CDATA[<P>Click the arrow and pick <B>Filling in forms</B>. </P>
Click <B>Yes, Start Enforcing Protection</B>.]]></text>
      <img_name>Images/85189_10.jpg</img_name>
    </step>
    <step num="8d.">
      <text><![CDATA[<P>Type a password in the <B>Enter new password (optional)</B> box. Retype the same password in the <B>Reenter password to confirm</B> box.</P>]]></text>
      <img_name>Images/85189_11.jpg</img_name>
    </step>
    <step num="8e.">
      <text><![CDATA[<P>Click <B>OK</B>.</P>

<P>Your form is now protected with a password. Users who do not know the password will be able to use the form, but they will not be able to change other parts of the document.</P>
<B>NOTE:</B> You must enter the password to remove protection from the form. If you misplace your password, you will not be able to make changes to the original document.]]></text>
      <img_name>Images/85189_12.jpg</img_name>
    </step>
  </steps>
</skill>