<?xml version="1.0" standalone="yes"?>
<skill id="85206">
  <title><![CDATA[2.2 To view a skill in the individual skill pop-up window]]></title>
  <desc><![CDATA[]]></desc>
  <ModifiedDate>2010-02-13</ModifiedDate>
  <steps>
    <step num="1.">
      <text><![CDATA[Go to the skill you want to view. (See Help Guide Skill: <A href="HG 1.1">To find a skill in the left navigation pane</A>.) ]]></text>
      <img_name>Images/85206_0.jpg</img_name>
    </step>
    <step num="2.">
      <text><![CDATA[<P>Notice the skill you clicked appears in the right pane of the main window.</P>
<B>NOTE:</B> You may need to scroll in the right pane to view all steps in the skill.]]></text>
      <img_name>Images/85206_1.jpg</img_name>
    </step>
    <step num="3.">
      <text><![CDATA[<P>To view a skill in the individual pop-up window, click any step number in the right pane.</P>
Viewing a skill in the individual skill pop-up window is especially useful when you want to work through a skill step-by-step while doing your work in that software application.&nbsp;&nbsp;&nbsp;&nbsp;&nbsp;&nbsp;&nbsp;&nbsp; ]]></text>
      <img_name>Images/85206_2.jpg</img_name>
    </step>
    <step num="4.">
      <text><![CDATA[<P>Notice the individual skill pop-up window is displayed.</P>
<P>&nbsp;</P>The pop-up window will remain on top of any other software application in which you are working in.]]></text>
      <img_name>Images/85206_3.jpg</img_name>
    </step>
    <step num="5.">
      <text><![CDATA[The pop-up window will always open to the upper right corner of your screen. You can move the pop-up window as needed. To do so, click the top blue bar of the pop-up window and drag it to another location.]]></text>
      <img_name>Images/85206_4.jpg</img_name>
    </step>
  </steps>
</skill>