<?xml version="1.0" standalone="yes"?>
<skill id="85209">
  <title><![CDATA[2.5 To close the pop-up window and return to the main window]]></title>
  <desc><![CDATA[]]></desc>
  <ModifiedDate>2010-02-13</ModifiedDate>
  <steps>
    <step num="1.">
      <text><![CDATA[<P>To close the individual skill pop-up window and return to the main window, click the <B>Return</B> link located at the bottom of the pop-up window.</P><B>NOTE:</B> To view another skill, you will need to close the pop-up window to return to the main window.]]></text>
      <img_name>Images/85209_0.jpg</img_name>
    </step>
    <step num="2.">
      <text><![CDATA[Notice that you have returned to the main window.]]></text>
      <img_name>Images/85209_1.jpg</img_name>
    </step>
  </steps>
</skill>