<?xml version="1.0" standalone="yes"?>
<skill id="85205">
  <title><![CDATA[2.1 To view a skill in the main window]]></title>
  <desc><![CDATA[]]></desc>
  <ModifiedDate>2010-02-13</ModifiedDate>
  <steps>
    <step num="1.">
      <text><![CDATA[Go to the skill you want to view. (See Help Guide Skill: <A href="HG 1.1">To find a skill in the left navigation pane</A>.) ]]></text>
      <img_name>Images/85205_0.jpg</img_name>
    </step>
    <step num="2.">
      <text><![CDATA[<P>Notice the skill you clicked appears in the right pane of the main window.</P>

<P>Viewing a skill in the main window is especially useful when you want to get an overall understanding of the skill or to quickly browse the skill steps.</P>

<P><B>NOTE:</B> You may need to scroll in the right pane to view all steps in the skill.</P>]]></text>
      <img_name>Images/85205_1.jpg</img_name>
    </step>
  </steps>
</skill>