<?xml version="1.0" standalone="yes"?>
<skill id="85203">
  <title><![CDATA[1.2 To search for skills]]></title>
  <desc><![CDATA[]]></desc>
  <ModifiedDate>2010-02-13</ModifiedDate>
  <steps>
    <step num="1.">
      <text><![CDATA[<P>If you are not sure what skill has the information you need, you can search for skills by entering keywords.&nbsp;</P>
<P>To begin, type a keyword into the <B>Search</B> box located at the bottom of the application window.&nbsp;</P>To enter more than one keyword, separate them by commas (example: <I>colour, words</I>).]]></text>
      <img_name>Images/85203_0.jpg</img_name>
    </step>
    <step num="2.">
      <text><![CDATA[<P>Click <B>Go.</B></P>
<P>or</P>
<P>Press the<B> Enter</B> key on your keyboard.</P>]]></text>
      <img_name>Images/85203_1.jpg</img_name>
    </step>
    <step num="3.">
      <text><![CDATA[The left navigation pane will now show all skills matching the keyword(s) that you entered.]]></text>
      <img_name>Images/85203_2.jpg</img_name>
    </step>
    <step num="4.">
      <text><![CDATA[<P>Pick the skill you want by clicking the <B>Technology Area | Skill Group | Skill.</B></P>

<P>Notice the skill you clicked appears in the right pane of the main window.</P>
<B>NOTE: </B>If you do not see a skill listed that will meet your needs, broaden your search. Repeat steps 2–4 but include fewer keywords in the <B>Search</B> box. Or, if you receive too many skills, narrow your search. Repeat steps 2–4 but enter more keywords in the <B>Search</B> box.]]></text>
      <img_name>Images/85203_3.jpg</img_name>
    </step>
    <step num="5.">
      <text><![CDATA[To show the complete left navigation pane, click the <B>Reset Menu</B> button.]]></text>
      <img_name>Images/85203_4.jpg</img_name>
    </step>
  </steps>
</skill>