<?xml version="1.0" standalone="yes"?>
<skill id="85207">
  <title><![CDATA[2.3 To move to the next skill step in the pop-up window]]></title>
  <desc><![CDATA[]]></desc>
  <ModifiedDate>2010-02-13</ModifiedDate>
  <steps>
    <step num="1.">
      <text><![CDATA[View a skill in the pop-up window. (See Help Guide Skill: <A href="hg 2.2">To view a skill in the individual skill pop-up window</A>.) <BR>]]></text>
      <img_name>Images/85207_0.jpg</img_name>
    </step>
    <step num="2.">
      <text><![CDATA[Click the top blue bar of the application in which you are working. Then, follow the instructions in the Help Guide pop-up window while in your application. ]]></text>
      <img_name>Images/85207_1.jpg</img_name>
    </step>
    <step num="3.">
      <text><![CDATA[<P>To go to the next skill step, click the Help Guide pop-up window to select it. Then, click the <B>Forward</B> arrow button in the bottom right corner of the pop-up window.</P>
Repeat steps 2–3, as needed.]]></text>
      <img_name>Images/85207_2.jpg</img_name>
    </step>
  </steps>
</skill>