<?xml version="1.0" standalone="yes"?>
<skill id="85202">
  <title><![CDATA[1.1 To find a skill in the left navigation pane]]></title>
  <desc><![CDATA[]]></desc>
  <ModifiedDate>2010-02-13</ModifiedDate>
  <steps>
    <step num="1.">
      <text><![CDATA[The left navigation pane can be found on the left side of the main application window. The left navigation pane is organised by <B>Technology Area | Skill Group | Skill. </B>(For example, Word Processing | Group 2: Typing and Changing Words | Skill 2.1: To type words, or to enter text.)]]></text>
      <img_name>Images/85202_0.jpg</img_name>
    </step>
    <step num="2.">
      <text><![CDATA[<P>To find a skill, first click the Technology Area for that skill (such as Word Processing).</P>
<B>NOTE:</B> You may need to scroll in the left navigation pane to view all Technology Areas.]]></text>
      <img_name>Images/85202_1.jpg</img_name>
    </step>
    <step num="3.">
      <text><![CDATA[<P>Notice the left navigation pane expands to show all Skill Groups in the Technology Area you selected.</P>

<P><B>NOTE:</B> You may need to scroll in the left navigation pane to view all Skill Groups.</P>

<P>Click the Skill Group you want (such as Word Processing Group 2: Typing and Changing Words).</P>
<B>NOTE:</B> At any time you can click the Technology Area name again in the left navigation pane and it will collapse to hide the Skill Groups.]]></text>
      <img_name>Images/85202_2.jpg</img_name>
    </step>
    <step num="4.">
      <text><![CDATA[<P>Notice the left navigation pane expands to show all Skills in the Skill Group you selected.</P>

<P><B>NOTE:</B> You may need to scroll in the left navigation pane to view all Skills.</P>

<P>Click the Skill you want (such as Word Processing Skill 2.1: To type words, or to enter text).</P>
<B>NOTE:</B> At any time you can click the Skill Group name again in the left navigation pane and it will collapse to hide the skills.]]></text>
      <img_name>Images/85202_3.jpg</img_name>
    </step>
    <step num="5.">
      <text><![CDATA[<P>&nbsp;&nbsp;&nbsp;&nbsp;&nbsp; Notice the skill you clicked appears in the right pane of the main window.</P>

<P><B>NOTE:</B> You may need to scroll in the right pane to view all steps in the skill.</P>
To select another skill, repeat steps 2–4 for a different skill.&nbsp;&nbsp;&nbsp;&nbsp;&nbsp; ]]></text>
      <img_name>Images/85202_4.jpg</img_name>
    </step>
  </steps>
</skill>