<?xml version="1.0" standalone="yes"?>
<skill id="85204">
  <title><![CDATA[1.3 To learn about the Help Guide]]></title>
  <desc><![CDATA[]]></desc>
  <ModifiedDate>2010-02-13</ModifiedDate>
  <steps>
    <step num="1.">
      <text><![CDATA[<P>The Intel® Education Help Guide assists users in learning technical skills. This version of Help Guide uses the following software application in the skill steps:</P>
<P><B>Operating System</B></P>
<UL>
<LI>Microsoft Windows Vista*</LI></UL>

<P><B>Software</B></P>
<UL>
<LI>Microsoft Paint Vista* (this should be included as part of the operating system)</LI>
<LI>Microsoft Office 2007* (including Excel, PowerPoint, and Word)</LI>
<LI>Adobe Reader 8.0*</LI></UL>
<P><B>Browser</B></P>
<UL>
<LI>Mozilla Firefox 2.0*</LI></UL>
<P>or</P>
<UL>
<LI>Internet Explorer 7.0*</LI></UL>]]></text>
      <img_name>Images/85204_0.jpg</img_name>
    </step>
    <step num="2.">
      <text><![CDATA[<P>The Terms of Use for the Help Guide application are as follows:</P>
<P>&nbsp;</P><b>Terms of Use for Teacher (“You”)</b><BR>1. Neither YOU nor your students are permitted to make copies of the CD-ROM.<BR>2. Neither YOU nor your students are permitted to sell the CD-ROM materials.<BR>3. Neither YOU nor your students are permitted to modify or alter the CD-ROM materials in any matter without written permission from Intel.<BR>4. The CD-ROM materials may not be posted on an external, publicly facing Web page.<BR>5. Reprinting the curriculum manual pages (PDF files) within the CD-ROM is permitted as long as the printed documents are for use by the students.<BR>6. Intel retains all Intellectual Property Rights in the material.<BR>7. Use of the Intel® Education&nbsp;logo is not permitted.]]></text>
      <img_name>Images/85204_1.jpg</img_name>
    </step>
  </steps>
</skill>