<?xml version="1.0" standalone="yes"?>
<skill id="85210">
  <title><![CDATA[2.6 To view a linked skill]]></title>
  <desc><![CDATA[]]></desc>
  <ModifiedDate>2010-02-13</ModifiedDate>
  <steps>
    <step num="1.">
      <text><![CDATA[<P>Some skills in the Help Guide require an understanding of other skills.</P>
Blue underlined text in a skill step indicates a link to another skill. You may want to view the linked skill to help you complete the current skill.]]></text>
      <img_name>Images/85210_0.jpg</img_name>
    </step>
    <step num="2.">
      <text><![CDATA[To view the linked skill, click the blue underlined text.]]></text>
      <img_name>Images/85210_1.jpg</img_name>
    </step>
    <step num="3.">
      <text><![CDATA[<P>Notice that the linked skill opens.</P>
<P><B>NOTE:</B> If you were in the individual skill pop-up window when you clicked the link, the linked skill will appear in the main skill window, not in the pop-up window.</P>
<P>You may choose to view this skill in the main window or in the individual skill pop-up window. (See Help Guide Skills: <A href="hg 2.1">To view a skill in the main window&nbsp;</A> and <A href="hg 2.2">To view a skill in the individual skill pop-up window</A>.)</P>]]></text>
      <img_name>Images/85210_2.jpg</img_name>
    </step>
    <step num="4.">
      <text><![CDATA[<P>To return to the previous skill you were working on, click the <B>Back</B> button located at the top of the linked skill.</P>

<P>Clicking the <B>Back</B> button will return you to the previous skill, but always in the main window, not in the pop-up window.</P>
<B>NOTE:</B> If you are viewing the linked skill in the pop-up window, first click the <B>Return</B> link on the bottom of the pop-up window, and then click the <B>Back</B> button.]]></text>
      <img_name>Images/85210_3.jpg</img_name>
    </step>
  </steps>
</skill>