<?xml version="1.0" standalone="yes"?>
<consts>
	<ok>OK</ok>
	<searchPrompt>Search</searchPrompt>
	<popupPrompt>Click the number to view individual steps while you work</popupPrompt>
	<menuReset>Reset Menu</menuReset>
	<filterPrompt>Skills matching: </filterPrompt>	
	<go>Go</go>
	<emptySearch>Your Search has returned no content - Try Again!</emptySearch>
	<back>Back</back>
	<forward>Forward</forward>
	<welcome>Welcome to the Intel&#174; Education Help Guide</welcome>
	<help_guide>Help Guide</help_guide>
	<education>Education</education>
	<return>Return</return>
	<legal>Legal Information</legal>
	<copyright>&#169;Intel Corporation</copyright>
	<lgl_lnk>legal.htm</lgl_lnk>
</consts>
